question:
  question_id: q-001-t01
  text: Qual é a tarefa de processamento de linguagem natural investigada pelo artigo
    no domínio jurídico?
  expected_answer: Reconhecimento de entidades nomeadas (REN/NER) em textos jurídicos
  origin_doc_id: art-001
  evidence:
  - evidence_id: q-001-t01-e1
    doc_id: art-001
    page: 2
    section: 1. Introdução
    quote: 'Neste sentido, este trabalho propo˜e uma avaliac¸a˜o de te´cnicas de extrac¸a˜o
      de

      informac¸a˜o chamada de reconhecimento de entidades nomeadas (do ingleˆs, Named

      Entity Recognition - NER) [YadavandBethard2019] para o contexto jur´ıdico bra-

      sileiro. Estas te´cnicas consistem em localizar em um texto palavras e classifica-

      las de acordo com ro´tulos previamente definidos. Aplicac¸o˜es comuns de NER'
    chunk_ids:
    - art-001-b0004-c000
    required_group: null
  question_type: factual
  modality: text
  review_status: draft
  notes: 'Pré-anotação A01-T01. Análise automática: READY_FOR_HUMAN_REVIEW. Trecho
    literal, página e suporte nos chunks conferidos automaticamente após seleção semântica
    por IA. Candidato produzido por IA; aguarda revisão humana.'
qrels:
- question_id: q-001-t01
  chunk_id: art-001-b0004-c000
  relevance: 1
evidence_groups: []
chunks:
- chunk_id: art-001-b0004-c000
  doc_id: art-001
  block_id: art-001-b0004
  page: 2
  section: 1. Introduc¸a˜o
  modality: text
  text: 'A inteligencia artificial vem auxiliando o meio jur´ıdico atrave´s de te´cnicas
    ja´

    estabelecidas, principalmente na a´rea de processamento de linguagens natural
    (PLN)

    [Dale2019]. A maioria dos dados jur´ıdicos produzidos dentro e fora dos tribunais
    sa˜o

    definidos em textos livres em sistemas, ou ainda, em documentos na˜o-estruturados
    (e.g.,

    emformatoPDF),ouseja,asinformac¸o˜esapresentadasna˜oesta˜oorganizadasouordena-

    das de forma padronizada. Dessa forma, tais informac¸o˜es na˜o sa˜o acess´ıveis
    a modelos

    tradicionais de processamento, recuperac¸a˜o e extrac¸a˜o de informac¸o˜es. Nesse
    contexto,

    existem va´rias algoritmos de PLN que tem sido aplicados neste tipo de sistema,
    com o

    objetivodeestruturaressesdados,afimdeajudarnoprocessodetomadadedecisa˜o,bem

    comoagilizaroprocessojudicial[Dale2019].

    Neste sentido, este trabalho propo˜e uma avaliac¸a˜o de te´cnicas de extrac¸a˜o
    de

    informac¸a˜o chamada de reconhecimento de entidades nomeadas (do ingleˆs, Named

    Entity Recognition - NER) [YadavandBethard2019] para o contexto jur´ıdico bra-

    sileiro. Estas te´cnicas consistem em localizar em um texto palavras e classifica-

    las de acordo com ro´tulos previamente definidos. Aplicac¸o˜es comuns de NER

    consistem em extrair nomes de pessoas, locais, valores moneta´rios e ate´ datas

    [Minkovetal. 2005]. No contexto jur´ıdico, as entidades ja´ estudadas incluem
    leis

    [LuzdeAraujoetal. 2018, Chenetal. 2020], reconhecimento de partes lo´gicas em
    do-

    cumentos [Sonetal. 2016], pessoa, jurisprudeˆncia, legislac¸a˜o, tempo, localizac¸a˜o
    e

    organizac¸a˜o [Luz'
  token_count_ref: 350
  char_count: 1561
  source_block_hash: a835b1641847e7806aa9ca343322c648bcd6e0cbd2122d2f7da76fdfdb036115

Registrado: q-001-t01 = approved; revisão: D:\rag-ptbr-retrieval-pilot\data\annotations\reviews\review-399701df6f97472aba08bfba8a2cb1fa.yaml
question:
  question_id: q-001-t02
  text: Quais dois tipos de entidades o trabalho busca extrair das petições iniciais?
  expected_answer: Legislação e jurisprudência
  origin_doc_id: art-001
  evidence:
  - evidence_id: q-001-t02-e1
    doc_id: art-001
    page: 2
    section: 1. Introdução
    quote: 'de aplicac¸a˜o de me´todos de PLN na resoluc¸a˜o de problema do setor
      jur´ıdico. O presente

      trabalho se propo˜e a extrair legislac¸o˜es e jurisprudeˆncias como entidades
      nomeadas de

      petic¸o˜es iniciais. Duas bases de dados foram avaliadas: a base de dados LeNER-br,'
    chunk_ids:
    - art-001-b0004-c001
    required_group: null
  question_type: factual
  modality: text
  review_status: draft
  notes: 'Pré-anotação A01-T02. Análise automática: READY_FOR_HUMAN_REVIEW. Trecho
    literal, página e suporte nos chunks conferidos automaticamente após seleção semântica
    por IA. Candidato produzido por IA; aguarda revisão humana.'
qrels:
- question_id: q-001-t02
  chunk_id: art-001-b0004-c001
  relevance: 1
evidence_groups: []
chunks:
- chunk_id: art-001-b0004-c001
  doc_id: art-001
  block_id: art-001-b0004
  page: 2
  section: 1. Introduc¸a˜o
  modality: text
  text: 'LuzdeAraujoetal. 2018, Chenetal. 2020], reconhecimento de partes lo´gicas
    em do-

    cumentos [Sonetal. 2016], pessoa, jurisprudeˆncia, legislac¸a˜o, tempo, localizac¸a˜o
    e

    organizac¸a˜o [Luz de Araujo et al. 2018].

    Trabalhos como o de [Luz de Araujo et al. 2018], [Chen et al. 2020] e

    [Yadav and Bethard 2019] focaram na experimentac¸a˜o de te´cnicas ja´ estabelecidas

    no estado-da-arte em cima das bases de dados propostas, as quais eram o artefato
    central

    das pesquisa. Esta pesquisa, por outro lado, objetiva-se na˜o so´ a experimentac¸a˜o
    de

    modelos do estado-da-arte na base de dados proposta, mas tambe´m a ana´lise do
    desem-

    penho de bibliotecas de PLN e seus respectivos frameworks. Para mais, e´ explorado

    o efeito do uso de Flair embeddings em conjunto com um modelo BiLSTM-CRF no

    contexto espec´ıfico de textos jur´ıdicos, onde pode-se analisar o desempenho
    dessa

    arquitetura em um dataset de dom´ınio espec´ıfico como o sugerido por este trabalho.

    Estes resultados sa˜o importantes para que se tenha uma ideia mais profunda da
    amplitude

    de aplicac¸a˜o de me´todos de PLN na resoluc¸a˜o de problema do setor jur´ıdico.
    O presente

    trabalho se propo˜e a extrair legislac¸o˜es e jurisprudeˆncias como entidades
    nomeadas de

    petic¸o˜es iniciais. Duas bases de dados foram avaliadas: a base de dados LeNER-br,

    proposta originalmente por [Luz de Araujo et al. 2018] e uma base de dados proprieta´ria,

    produzida neste trabalho, a qual consiste de'
  token_count_ref: 350
  char_count: 1446
  source_block_hash: a835b1641847e7806aa9ca343322c648bcd6e0cbd2122d2f7da76fdfdb036115

Registrado: q-001-t02 = approved; revisão: D:\rag-ptbr-retrieval-pilot\data\annotations\reviews\review-8b7dc09600474db284c11060f66083b2.yaml
question:
  question_id: q-001-t03
  text: Que tipo de documento jurídico compõe exclusivamente a base proprietária proposta?
  expected_answer: Petições iniciais de processos da primeira instância da Justiça
    brasileira
  origin_doc_id: art-001
  evidence:
  - evidence_id: q-001-t03-e1
    doc_id: art-001
    page: 2
    section: 1. Introdução
    quote: 'proposta originalmente por [Luz de Araujo et al. 2018] e uma base de dados
      proprieta´ria,

      produzida neste trabalho, a qual consiste de petic¸o˜es iniciais de processos
      que tramitaram

      na primeira instaˆncia da justic¸a Brasileira. Esta base e´ composta por 1676
      trechos

      de petic¸o˜es iniciais, contendo um total de 3825 anotac¸o˜es das entidades
      legislac¸a˜o e'
    chunk_ids:
    - art-001-b0004-c002
    required_group: null
  question_type: factual
  modality: text
  review_status: draft
  notes: 'Pré-anotação A01-T03. Análise automática: READY_FOR_HUMAN_REVIEW. Trecho
    literal, página e suporte nos chunks conferidos automaticamente após seleção semântica
    por IA. Candidato produzido por IA; aguarda revisão humana.'
qrels:
- question_id: q-001-t03
  chunk_id: art-001-b0004-c002
  relevance: 1
evidence_groups: []
chunks:
- chunk_id: art-001-b0004-c002
  doc_id: art-001
  block_id: art-001-b0004
  page: 2
  section: 1. Introduc¸a˜o
  modality: text
  text: '¸o˜es iniciais. Duas bases de dados foram avaliadas: a base de dados LeNER-br,

    proposta originalmente por [Luz de Araujo et al. 2018] e uma base de dados proprieta´ria,

    produzida neste trabalho, a qual consiste de petic¸o˜es iniciais de processos
    que tramitaram

    na primeira instaˆncia da justic¸a Brasileira. Esta base e´ composta por 1676
    trechos

    de petic¸o˜es iniciais, contendo um total de 3825 anotac¸o˜es das entidades legislac¸a˜o
    e

    jurisprudeˆncia. Vale-se ressaltar ainda que [Luz de Araujo et al. 2018] e´ a
    u´nica base

    de dados em portugueˆs com essa proposta, ate´ enta˜o. Dessa forma, as principais

    contribuic¸o˜es deste trabalho sa˜o:'
  token_count_ref: 157
  char_count: 647
  source_block_hash: a835b1641847e7806aa9ca343322c648bcd6e0cbd2122d2f7da76fdfdb036115

Registrado: q-001-t03 = approved; revisão: D:\rag-ptbr-retrieval-pilot\data\annotations\reviews\review-5e04591f9fb045d1908c445fab737d04.yaml
question:
  question_id: q-001-t04
  text: Quais são as duas bases de dados avaliadas pelos autores?
  expected_answer: LeNER-Br e uma base proprietária construída a partir de petições
    iniciais
  origin_doc_id: art-001
  evidence:
  - evidence_id: q-001-t04-e1
    doc_id: art-001
    page: 2
    section: 1. Introdução
    quote: 'proposta originalmente por [Luz de Araujo et al. 2018] e uma base de dados
      proprieta´ria,

      produzida neste trabalho, a qual consiste de petic¸o˜es iniciais de processos
      que tramitaram

      na primeira instaˆncia da justic¸a Brasileira. Esta base e´ composta por 1676
      trechos'
    chunk_ids:
    - art-001-b0004-c002
    required_group: null
  question_type: factual
  modality: text
  review_status: draft
  notes: 'Pré-anotação A01-T04. Análise automática: READY_FOR_HUMAN_REVIEW. Trecho
    literal, página e suporte nos chunks conferidos automaticamente após seleção semântica
    por IA. Candidato produzido por IA; aguarda revisão humana.'
qrels:
- question_id: q-001-t04
  chunk_id: art-001-b0004-c002
  relevance: 1
evidence_groups: []
chunks:
- chunk_id: art-001-b0004-c002
  doc_id: art-001
  block_id: art-001-b0004
  page: 2
  section: 1. Introduc¸a˜o
  modality: text
  text: '¸o˜es iniciais. Duas bases de dados foram avaliadas: a base de dados LeNER-br,

    proposta originalmente por [Luz de Araujo et al. 2018] e uma base de dados proprieta´ria,

    produzida neste trabalho, a qual consiste de petic¸o˜es iniciais de processos
    que tramitaram

    na primeira instaˆncia da justic¸a Brasileira. Esta base e´ composta por 1676
    trechos

    de petic¸o˜es iniciais, contendo um total de 3825 anotac¸o˜es das entidades legislac¸a˜o
    e

    jurisprudeˆncia. Vale-se ressaltar ainda que [Luz de Araujo et al. 2018] e´ a
    u´nica base

    de dados em portugueˆs com essa proposta, ate´ enta˜o. Dessa forma, as principais

    contribuic¸o˜es deste trabalho sa˜o:'
  token_count_ref: 157
  char_count: 647
  source_block_hash: a835b1641847e7806aa9ca343322c648bcd6e0cbd2122d2f7da76fdfdb036115

Registrado: q-001-t04 = approved; revisão: D:\rag-ptbr-retrieval-pilot\data\annotations\reviews\review-36c4483acc524647889bfae5242fd177.yaml
question:
  question_id: q-001-t05
  text: Qual biblioteca é apresentada como voltada à aplicação industrial de técnicas
    de PLN?
  expected_answer: spaCy
  origin_doc_id: art-001
  evidence:
  - evidence_id: q-001-t05-e1
    doc_id: art-001
    page: 6
    section: 5. Metodologia Experimental
    quote: 'se de bibliotecas para processamento de linguagens naturais de propostas
      opostas. En-

      quanto o FLAIR tem o foco em facilitar a execuc¸a˜o de experimentos para trabalhos
      ci-

      ent´ıficos por pesquisadores, o Spacy se concentra na aplicac¸a˜o industrial
      de te´cnicas

      PLN. Neste artigo, foram treinados, avaliados e comparados treˆs redes neurais:
      duas'
    chunk_ids:
    - art-001-b0014-c000
    required_group: null
  question_type: factual
  modality: text
  review_status: draft
  notes: 'Pré-anotação A01-T05. Análise automática: READY_FOR_HUMAN_REVIEW. Trecho
    literal, página e suporte nos chunks conferidos automaticamente após seleção semântica
    por IA. Candidato produzido por IA; aguarda revisão humana.'
qrels:
- question_id: q-001-t05
  chunk_id: art-001-b0014-c000
  relevance: 1
evidence_groups: []
chunks:
- chunk_id: art-001-b0014-c000
  doc_id: art-001
  block_id: art-001-b0014
  page: 6
  section: 5. Metodologia Experimental
  modality: text
  text: 'Neste trabalho e´ feita uma investigac¸a˜o acerca do uso de modelos h´ıbridos
    e basea-

    dos em redes neurais para o problema de reconhecimento de entidades nomeadas no

    dom´ınio jur´ıdico. Para isso foram selecionadas treˆs arquiteturas distintas
    fornecidas por

    [Akbiketal. 2019], [LuzdeAraujoetal. 2018] e pelo Spacy. Os dois primeiros tratam-

    se de bibliotecas para processamento de linguagens naturais de propostas opostas.
    En-

    quanto o FLAIR tem o foco em facilitar a execuc¸a˜o de experimentos para trabalhos
    ci-

    ent´ıficos por pesquisadores, o Spacy se concentra na aplicac¸a˜o industrial de
    te´cnicas

    PLN. Neste artigo, foram treinados, avaliados e comparados treˆs redes neurais:
    duas

    BiLSTM-CRFs com configurac¸o˜es para word embeddings diferentes e uma CNN com

    conexo˜es residuais, utilizando uma base de dados pro´pria e a base de dados constru´ıda

    em[LuzdeAraujoetal. 2018].'
  token_count_ref: 187
  char_count: 884
  source_block_hash: 654463d323e1e96f6c8d1bd032c4a55e8da0398e9625f6ea37052942e08c8684

Registrado: q-001-t05 = approved; revisão: D:\rag-ptbr-retrieval-pilot\data\annotations\reviews\review-a3fe9b7e50834c638a5ceaf5cfc4e0a4.yaml
question:
  question_id: q-001-t06
  text: Qual biblioteca é caracterizada como focada em facilitar experimentos científicos
    para pesquisadores?
  expected_answer: FLAIR
  origin_doc_id: art-001
  evidence:
  - evidence_id: q-001-t06-e1
    doc_id: art-001
    page: 6
    section: 5. Metodologia Experimental
    quote: 'se de bibliotecas para processamento de linguagens naturais de propostas
      opostas. En-

      quanto o FLAIR tem o foco em facilitar a execuc¸a˜o de experimentos para trabalhos
      ci-

      ent´ıficos por pesquisadores, o Spacy se concentra na aplicac¸a˜o industrial
      de te´cnicas

      PLN. Neste artigo, foram treinados, avaliados e comparados treˆs redes neurais:
      duas'
    chunk_ids:
    - art-001-b0014-c000
    required_group: null
  question_type: factual
  modality: text
  review_status: draft
  notes: 'Pré-anotação A01-T06. Análise automática: READY_FOR_HUMAN_REVIEW. Trecho
    literal, página e suporte nos chunks conferidos automaticamente após seleção semântica
    por IA. Candidato produzido por IA; aguarda revisão humana.'
qrels:
- question_id: q-001-t06
  chunk_id: art-001-b0014-c000
  relevance: 1
evidence_groups: []
chunks:
- chunk_id: art-001-b0014-c000
  doc_id: art-001
  block_id: art-001-b0014
  page: 6
  section: 5. Metodologia Experimental
  modality: text
  text: 'Neste trabalho e´ feita uma investigac¸a˜o acerca do uso de modelos h´ıbridos
    e basea-

    dos em redes neurais para o problema de reconhecimento de entidades nomeadas no

    dom´ınio jur´ıdico. Para isso foram selecionadas treˆs arquiteturas distintas
    fornecidas por

    [Akbiketal. 2019], [LuzdeAraujoetal. 2018] e pelo Spacy. Os dois primeiros tratam-

    se de bibliotecas para processamento de linguagens naturais de propostas opostas.
    En-

    quanto o FLAIR tem o foco em facilitar a execuc¸a˜o de experimentos para trabalhos
    ci-

    ent´ıficos por pesquisadores, o Spacy se concentra na aplicac¸a˜o industrial de
    te´cnicas

    PLN. Neste artigo, foram treinados, avaliados e comparados treˆs redes neurais:
    duas

    BiLSTM-CRFs com configurac¸o˜es para word embeddings diferentes e uma CNN com

    conexo˜es residuais, utilizando uma base de dados pro´pria e a base de dados constru´ıda

    em[LuzdeAraujoetal. 2018].'
  token_count_ref: 187
  char_count: 884
  source_block_hash: 654463d323e1e96f6c8d1bd032c4a55e8da0398e9625f6ea37052942e08c8684

Registrado: q-001-t06 = approved; revisão: D:\rag-ptbr-retrieval-pilot\data\annotations\reviews\review-68c25d51c1a1414d8c2411d58a8a0705.yaml
question:
  question_id: q-001-t07
  text: Quais três arquiteturas ou implementações de redes neurais foram comparadas?
  expected_answer: A CNN do spaCy, uma BiLSTM-CRF implementada em TensorFlow e uma
    BiLSTM-CRF do FLAIR com FLAIR embeddings
  origin_doc_id: art-001
  evidence:
  - evidence_id: q-001-t07-e1
    doc_id: art-001
    page: 7
    section: 6. Resultados
    quote: 'Comopodeserobservado,omodeloSpacyutilizaumaCNN(ConvolutionalNeu-

      ral Network com conexo˜es residuais e usa Bloom Embeddings para representar
      palavras.

      OFLAIR,porsuavez,usaumaBiLSTM-CRF(BidirectionalLong-ShortTermMemory-

      Conditional Random Fields), que e´ o modelo que domina o estado-da-arte para
      tarefas

      desequencelabeling,segundo[Akbiketal. 2018]. Asconfigurac¸o˜esutilizadasnotreina-

      mento do modelo do FLAIR seguiram as recomendac¸o˜es de configurac¸o˜es do modelo
      de

      maior desempenho apresentado por esse mesmo trabalho: uma combinac¸a˜o de BiLSTM

      comumaCRFlayereFLAIRembeddings,forwardebackward,paragerac¸a˜odosvetores

      depalavras.'
    chunk_ids:
    - art-001-b0021-c000
    required_group: null
  - evidence_id: q-001-t07-e2
    doc_id: art-001
    page: 8
    section: 6. Resultados
    quote: 'Por outro lado, para reproduzir o modelo apresentado por

      [LuzdeAraujoetal. 2018], empregou-se o uso do TensorFlow [Abadietal. 2015],

      uma biblioteca para aprendizagem de ma´quina publicada e distribu´ıda pelo Google.
      A

      arquitetura utilizada consiste no mesmo modelo proposto por [Lampleetal. 2016],
      o

      qual consiste e uma BiLSTM combinada com um algoritmo probabil´ıstico, o CRF,
      e

      incorporac¸o˜esdepalavras(i.e.,embeddings)a` n´ıveldecaractere.'
    chunk_ids:
    - art-001-b0022-c000
    required_group: null
  question_type: factual
  modality: text
  review_status: draft
  notes: 'Pré-anotação A01-T07. Análise automática: READY_FOR_HUMAN_REVIEW. Trecho
    literal, página e suporte nos chunks conferidos automaticamente após seleção semântica
    por IA. Candidato produzido por IA; aguarda revisão humana.'
qrels:
- question_id: q-001-t07
  chunk_id: art-001-b0021-c000
  relevance: 1
- question_id: q-001-t07
  chunk_id: art-001-b0022-c000
  relevance: 1
evidence_groups: []
chunks:
- chunk_id: art-001-b0021-c000
  doc_id: art-001
  block_id: art-001-b0021
  page: 7
  section: 6. Resultados
  modality: text
  text: 'Osexperimentosrealizadosconsiderandoosdoisconjuntosdedadoseastreˆsarquiteturas

    foram analisados em relac¸a˜o a`s medidas de avaliac¸a˜o indicadas na Sec¸a˜o
    5. A Tabela 3

    mostraaspontuac¸o˜esobtidasparaasme´tricasdeprecisa˜o,recalleF scoreparacadaum

    1

    dosmodelosutilizados.

    Comopodeserobservado,omodeloSpacyutilizaumaCNN(ConvolutionalNeu-

    ral Network com conexo˜es residuais e usa Bloom Embeddings para representar palavras.

    OFLAIR,porsuavez,usaumaBiLSTM-CRF(BidirectionalLong-ShortTermMemory-

    Conditional Random Fields), que e´ o modelo que domina o estado-da-arte para tarefas

    desequencelabeling,segundo[Akbiketal. 2018]. Asconfigurac¸o˜esutilizadasnotreina-

    mento do modelo do FLAIR seguiram as recomendac¸o˜es de configurac¸o˜es do modelo
    de

    maior desempenho apresentado por esse mesmo trabalho: uma combinac¸a˜o de BiLSTM

    comumaCRFlayereFLAIRembeddings,forwardebackward,paragerac¸a˜odosvetores

    depalavras.'
  token_count_ref: 162
  char_count: 910
  source_block_hash: 4b5ad500daded0030ba638357d557d9370921072dfa6ffddea4db8fa0771e831
- chunk_id: art-001-b0022-c000
  doc_id: art-001
  block_id: art-001-b0022
  page: 8
  section: 6. Resultados
  modality: text
  text: 'Por outro lado, para reproduzir o modelo apresentado por

    [LuzdeAraujoetal. 2018], empregou-se o uso do TensorFlow [Abadietal. 2015],

    uma biblioteca para aprendizagem de ma´quina publicada e distribu´ıda pelo Google.
    A

    arquitetura utilizada consiste no mesmo modelo proposto por [Lampleetal. 2016],
    o

    qual consiste e uma BiLSTM combinada com um algoritmo probabil´ıstico, o CRF,
    e

    incorporac¸o˜esdepalavras(i.e.,embeddings)a` n´ıveldecaractere.

    Tabela3. Acura´cia,precisa˜o,recalleF scoredosmodelosparacadaentidade.

    1

    Biblioteca/

    Framework Modelo Entidade Precisa˜o Recall F score

    1

    Legislac¸a˜o 0.79 0.44 0.56

    Spacy CNN

    Jurisprudeˆncia 0.78 0.11 0.20

    Legislac¸a˜o 0.91 0.87 0.89

    TensorFlow BiLSTM-CRF

    Jurisprudeˆncia 0.74 0.44 0.55

    Legislac¸a˜o 0.93 0.85 0.89'
  token_count_ref: 191
  char_count: 759
  source_block_hash: d215d453bf37be7b3b2fd20580a97eef695f21f53ceca354cd0f14cc144a1d60

Registrado: q-001-t07 = approved; revisão: D:\rag-ptbr-retrieval-pilot\data\annotations\reviews\review-b2538f44cda840ec8e0027d7960add85.yaml
question:
  question_id: q-001-t08
  text: Qual é a pergunta de pesquisa formulada pelos autores?
  expected_answer: Identificar qual arquitetura escolhida tem melhor precisão, recall
    e F1 na tarefa de REN no domínio jurídico
  origin_doc_id: art-001
  evidence:
  - evidence_id: q-001-t08-e1
    doc_id: art-001
    page: 4
    section: 3. Pergunta de Pesquisa
    quote: 'PERGUNTA DE PESQUISA: Das arquiteturas escolhidas, qual possui

      a melhor performance em termos de precisa˜o, recall e F score na tarefa

      1

      dereconhecimentodeentidadesnomeadasnodom´ıniojur´ıdico?'
    chunk_ids:
    - art-001-b0009-c000
    required_group: null
  question_type: factual
  modality: text
  review_status: draft
  notes: 'Pré-anotação A01-T08. Análise automática: READY_FOR_HUMAN_REVIEW. Trecho
    literal, página e suporte nos chunks conferidos automaticamente após seleção semântica
    por IA. Candidato produzido por IA; aguarda revisão humana.'
qrels:
- question_id: q-001-t08
  chunk_id: art-001-b0009-c000
  relevance: 1
evidence_groups: []
chunks:
- chunk_id: art-001-b0009-c000
  doc_id: art-001
  block_id: art-001-b0009
  page: 4
  section: 3. Pergunta de Pesquisa
  modality: text
  text: 'Este artigo investiga o desempenho de treˆs implementac¸o˜es de redes neurais
    para o pro-

    blemadereconhecimentodeentidadenomeadaaplicadoaodom´ıniojur´ıdico.

    PERGUNTA DE PESQUISA: Das arquiteturas escolhidas, qual possui

    a melhor performance em termos de precisa˜o, recall e F score na tarefa

    1

    dereconhecimentodeentidadesnomeadasnodom´ıniojur´ıdico?'
  token_count_ref: 58
  char_count: 349
  source_block_hash: 15b810a7b29497d971c8c339fc04dea19dda11786ede2699e4af89fd5699c3a2

Registrado: q-001-t08 = approved; revisão: D:\rag-ptbr-retrieval-pilot\data\annotations\reviews\review-27357da4a1074dcf97b18049c9037638.yaml
question:
  question_id: q-001-t09
  text: Por que a arquitetura BiLSTM-CRF é considerada híbrida no artigo?
  expected_answer: Porque combina uma BiLSTM com o modelo probabilístico Conditional
    Random Fields (CRF)
  origin_doc_id: art-001
  evidence:
  - evidence_id: q-001-t09-e1
    doc_id: art-001
    page: 4
    section: 4.1. BiLSTM-CRF
    quote: 'Essaarquiteturacombinaumaredeneuralbidirectionallong-shorttermmemorycomum

      modelobaseadoemprobabilidade,oconditionalrandomfields[Lampleetal. 2016]. Ela

      foi usada em [LuzdeAraujoetal. 2018] para avaliar o desempenho do dataset proposto

      e, tambe´m, e´ arquitetura padra˜o empregada pelo FLAIR. A proposta dele e´
      utilizar um

      algoritmo que leve em conta uma quantidade virtualmente infinita de contexto
      e passar

      seus resultados para uma camada CRF, que por sua vez, se encarregara´ do rotulac¸a˜o
      das

      sequeˆnciasdepalavras,capturandoasdependeˆnciasaolongodosro´tulos.'
    chunk_ids:
    - art-001-b0011-c000
    required_group: null
  question_type: factual
  modality: text
  review_status: draft
  notes: 'Pré-anotação A01-T09. Análise automática: READY_FOR_HUMAN_REVIEW. Trecho
    literal, página e suporte nos chunks conferidos automaticamente após seleção semântica
    por IA. Candidato produzido por IA; aguarda revisão humana.'
qrels:
- question_id: q-001-t09
  chunk_id: art-001-b0011-c000
  relevance: 1
evidence_groups: []
chunks:
- chunk_id: art-001-b0011-c000
  doc_id: art-001
  block_id: art-001-b0011
  page: 4
  section: 4.1. BiLSTM-CRF
  modality: text
  text: 'Essaarquiteturacombinaumaredeneuralbidirectionallong-shorttermmemorycomum

    modelobaseadoemprobabilidade,oconditionalrandomfields[Lampleetal. 2016]. Ela

    foi usada em [LuzdeAraujoetal. 2018] para avaliar o desempenho do dataset proposto

    e, tambe´m, e´ arquitetura padra˜o empregada pelo FLAIR. A proposta dele e´ utilizar
    um

    algoritmo que leve em conta uma quantidade virtualmente infinita de contexto e
    passar

    seus resultados para uma camada CRF, que por sua vez, se encarregara´ do rotulac¸a˜o
    das

    sequeˆnciasdepalavras,capturandoasdependeˆnciasaolongodosro´tulos.

    Segundo [PanchendrarajanandAmaresan2018], CRF mostrou-se ser bastante

    efetivo quando combinado com arquiteturas de redes neurais para tarefas de ta-

    refas de rotulac¸a˜o de sequeˆncias. Por outro lado, como ficou demonstrado em

    [Lampleetal. 2016], arquiteturas h´ıbridas, como utilizada para esta pesquisa,
    possui de-

    sempenho superior a`s demais. A Figura 1 mostra mais detalhadamente as camadas
    que

    compo˜emtalarquitetura.'
  token_count_ref: 174
  char_count: 988
  source_block_hash: cbe6b4fc1b059684d71da344f397613a077e8509252b3ea26a0bb74b90f4e92d

Registrado: q-001-t09 = approved; revisão: D:\rag-ptbr-retrieval-pilot\data\annotations\reviews\review-21e0b89626dd4260a0efd4b85da6a321.yaml
question:
  question_id: q-001-t10
  text: Qual arquitetura interna o artigo atribui ao modelo de NER treinado pelo spaCy?
  expected_answer: Uma CNN com conexões residuais
  origin_doc_id: art-001
  evidence:
  - evidence_id: q-001-t10-e1
    doc_id: art-001
    page: 7
    section: 6. Resultados
    quote: 'Comopodeserobservado,omodeloSpacyutilizaumaCNN(ConvolutionalNeu-

      ral Network com conexo˜es residuais e usa Bloom Embeddings para representar
      palavras.'
    chunk_ids:
    - art-001-b0021-c000
    required_group: null
  question_type: factual
  modality: text
  review_status: draft
  notes: 'Pré-anotação A01-T10. Análise automática: READY_FOR_HUMAN_REVIEW. Trecho
    literal, página e suporte nos chunks conferidos automaticamente após seleção semântica
    por IA. Candidato produzido por IA; aguarda revisão humana.'
qrels:
- question_id: q-001-t10
  chunk_id: art-001-b0021-c000
  relevance: 1
evidence_groups: []
chunks:
- chunk_id: art-001-b0021-c000
  doc_id: art-001
  block_id: art-001-b0021
  page: 7
  section: 6. Resultados
  modality: text
  text: 'Osexperimentosrealizadosconsiderandoosdoisconjuntosdedadoseastreˆsarquiteturas

    foram analisados em relac¸a˜o a`s medidas de avaliac¸a˜o indicadas na Sec¸a˜o
    5. A Tabela 3

    mostraaspontuac¸o˜esobtidasparaasme´tricasdeprecisa˜o,recalleF scoreparacadaum

    1

    dosmodelosutilizados.

    Comopodeserobservado,omodeloSpacyutilizaumaCNN(ConvolutionalNeu-

    ral Network com conexo˜es residuais e usa Bloom Embeddings para representar palavras.

    OFLAIR,porsuavez,usaumaBiLSTM-CRF(BidirectionalLong-ShortTermMemory-

    Conditional Random Fields), que e´ o modelo que domina o estado-da-arte para tarefas

    desequencelabeling,segundo[Akbiketal. 2018]. Asconfigurac¸o˜esutilizadasnotreina-

    mento do modelo do FLAIR seguiram as recomendac¸o˜es de configurac¸o˜es do modelo
    de

    maior desempenho apresentado por esse mesmo trabalho: uma combinac¸a˜o de BiLSTM

    comumaCRFlayereFLAIRembeddings,forwardebackward,paragerac¸a˜odosvetores

    depalavras.'
  token_count_ref: 162
  char_count: 910
  source_block_hash: 4b5ad500daded0030ba638357d557d9370921072dfa6ffddea4db8fa0771e831

Registrado: q-001-t10 = approved; revisão: D:\rag-ptbr-retrieval-pilot\data\annotations\reviews\review-cecfeff9877a42b992138196bebcdcda.yaml
question:
  question_id: q-001-t11
  text: Que recurso foi usado para extrair o conteúdo textual das páginas das petições
    da base proprietária?
  expected_answer: OCR
  origin_doc_id: art-001
  evidence:
  - evidence_id: q-001-t11-e1
    doc_id: art-001
    page: 6
    section: 5.1. Base de Dados
    quote: 'Abasededadosfoiextra´ıdade74petic¸o˜esiniciaisdeprocessosquetramitaramnajustic¸a

      brasileira, de acesso acesso privado, fazendo um total de 1676 trechos extra´ıdos.
      As

      pa´ginasdaspetic¸o˜esiniciaisforamsubmetidasa` umprocessodeOCR(opticalcharacter

      recognition) para extrac¸a˜o do conteu´do textual que viria ser utilizado na
      composic¸a˜o do

      conjunto de treinamento empregado neste trabalho. Em contraste, a base de dados
      do'
    chunk_ids:
    - art-001-b0015-c000
    required_group: null
  question_type: factual
  modality: text
  review_status: draft
  notes: 'Pré-anotação A01-T11. Análise automática: READY_FOR_HUMAN_REVIEW. Trecho
    literal, página e suporte nos chunks conferidos automaticamente após seleção semântica
    por IA. Candidato produzido por IA; aguarda revisão humana.'
qrels:
- question_id: q-001-t11
  chunk_id: art-001-b0015-c000
  relevance: 1
evidence_groups: []
chunks:
- chunk_id: art-001-b0015-c000
  doc_id: art-001
  block_id: art-001-b0015
  page: 6
  section: 5.1. BasedeDados
  modality: text
  text: 'Abasededadosfoiextra´ıdade74petic¸o˜esiniciaisdeprocessosquetramitaramnajustic¸a

    brasileira, de acesso acesso privado, fazendo um total de 1676 trechos extra´ıdos.
    As

    pa´ginasdaspetic¸o˜esiniciaisforamsubmetidasa` umprocessodeOCR(opticalcharacter

    recognition) para extrac¸a˜o do conteu´do textual que viria ser utilizado na composic¸a˜o
    do

    conjunto de treinamento empregado neste trabalho. Em contraste, a base de dados
    do

    LeNER-BR conta com um nu´mero um pouco menor de documentos, pore´m maior em

    relac¸a˜o a` sentenc¸as anotadas. Ademais, a base de dados de [LuzdeAraujoetal.
    2018] e´

    menos espec´ıfico quanto ao tipo de texto jur´ıdico que o compo˜e, sendo o apresentando

    nestetrabalhocompostoapenasporpetic¸o˜esiniciais.

    Tabela1. Caracter´ısticasdabasededados.

    Propriedade LeNER-BR

    Documentos 70

    Classes 6

    Trechos 10.392

    Entidadesanotadas N/D

    A Tabela 1 apresenta outras informac¸o˜es sobre a base de dados. A base de dados

    proposta suporta dois tipo de classes: Legislac¸a˜o e Jurisprudeˆncia. Em contraste
    com o

    LeNER-BR,quepossuimaisclasses,nestapesquisaoptou-sepordarfocoa`sduasclasses,

    entre as seis do LeNER-BR, que sa˜o mais relevantes para petic¸o˜es iniciais.
    Percebe-se,

    tambe´m, que, no total, para ambas as classes, existem 10352 anotac¸o˜es para
    cada uma

    delas. A Tabela 2 mostra a distribuic¸a˜o das entidades Legislac¸a˜o e Jurisprudeˆncia
    no'
  token_count_ref: 295
  char_count: 1362
  source_block_hash: a0b43b038e85078d5b6280dbe5a8838c90fc8f8c4ea26718c841ada7c842aaa6

Registrado: q-001-t11 = approved; revisão: D:\rag-ptbr-retrieval-pilot\data\annotations\reviews\review-aab29b3ed3a04198bc6de3006a104e84.yaml
question:
  question_id: q-001-t12
  text: Qual foi a proporção de divisão aleatória entre treinamento e teste?
  expected_answer: 70% para treinamento e 30% para teste
  origin_doc_id: art-001
  evidence:
  - evidence_id: q-001-t12-e1
    doc_id: art-001
    page: 7
    section: 5.2. Medidas de Avaliação
    quote: 'O conjunto de dados foi dividido em dois subconjuntos, um para treinamento,
      composto

      por 70% das amostras e outro para teste, composto por 30%, ambas selecionadas
      aleato-

      riamente. Para cada umas das arquiteturas utilizadas foram empregadas as configurac¸o˜es'
    chunk_ids:
    - art-001-b0019-c000
    required_group: null
  question_type: factual
  modality: text
  review_status: draft
  notes: 'Pré-anotação A01-T12. Análise automática: READY_FOR_HUMAN_REVIEW. Trecho
    literal, página e suporte nos chunks conferidos automaticamente após seleção semântica
    por IA. Candidato produzido por IA; aguarda revisão humana.'
qrels:
- question_id: q-001-t12
  chunk_id: art-001-b0019-c000
  relevance: 1
evidence_groups: []
chunks:
- chunk_id: art-001-b0019-c000
  doc_id: art-001
  block_id: art-001-b0019
  page: 7
  section: 5.2. MedidasdeAvaliac¸a˜o
  modality: text
  text: 'O conjunto de dados foi dividido em dois subconjuntos, um para treinamento,
    composto

    por 70% das amostras e outro para teste, composto por 30%, ambas selecionadas
    aleato-

    riamente. Para cada umas das arquiteturas utilizadas foram empregadas as configurac¸o˜es

    padro˜esoferecidaspelasbibliotecas. NocasodaredeneuralLSTM-CRF,foramutilizadas

    as especificac¸o˜es trazidas em [LuzdeAraujoetal. 2018]. Como medidas de avaliac¸a˜o

    foramusadasasme´tricasdeprecisa˜o,recalleF score,descritasaseguir:

    1

    TP TP prec·rec

    rec = prec = F = 2· ,

    1

    TP +FN TP +FP prec+rec

    onde TP, TF, FP e FN significam verdadeiro-positivo, verdadeiro-negativo, falso-positivo

    e falso-negativo, respectivamente. A me´trica recall passa para o cientista uma
    ideia da

    parcela de exemplos positivos que foram recuperados pelos modelo. Por outro lado,
    a

    precisa˜o comunica percentualmente qual a quantidade dos exemplos classificados
    como

    positivos sa˜o de fato positivos. O F score, por fim, mostra uma relac¸a˜o harmoˆnica
    entre

    1

    precisa˜o e recall para que possa-se reconhecer qual modelo possui o melhor balancea-

    mentoentreessasduasme´tricas.'
  token_count_ref: 230
  char_count: 1111
  source_block_hash: 731c1dcd6ee3e96df523aebd360ec34f091cc35432ca1aa68c34bed4f764bf03

Registrado: q-001-t12 = approved; revisão: D:\rag-ptbr-retrieval-pilot\data\annotations\reviews\review-ae85ee13dba443fc98d776328e2fdb0e.yaml
question:
  question_id: q-001-t13
  text: Quais métricas foram usadas para avaliar as arquiteturas?
  expected_answer: Precisão, recall e F1 score
  origin_doc_id: art-001
  evidence:
  - evidence_id: q-001-t13-e1
    doc_id: art-001
    page: 7
    section: 5.2. Medidas de Avaliação
    quote: 'as especificac¸o˜es trazidas em [LuzdeAraujoetal. 2018]. Como medidas
      de avaliac¸a˜o

      foramusadasasme´tricasdeprecisa˜o,recalleF score,descritasaseguir:

      1'
    chunk_ids:
    - art-001-b0019-c000
    required_group: null
  question_type: factual
  modality: text
  review_status: draft
  notes: 'Pré-anotação A01-T13. Análise automática: READY_FOR_HUMAN_REVIEW. Trecho
    literal, página e suporte nos chunks conferidos automaticamente após seleção semântica
    por IA. Candidato produzido por IA; aguarda revisão humana.'
qrels:
- question_id: q-001-t13
  chunk_id: art-001-b0019-c000
  relevance: 1
evidence_groups: []
chunks:
- chunk_id: art-001-b0019-c000
  doc_id: art-001
  block_id: art-001-b0019
  page: 7
  section: 5.2. MedidasdeAvaliac¸a˜o
  modality: text
  text: 'O conjunto de dados foi dividido em dois subconjuntos, um para treinamento,
    composto

    por 70% das amostras e outro para teste, composto por 30%, ambas selecionadas
    aleato-

    riamente. Para cada umas das arquiteturas utilizadas foram empregadas as configurac¸o˜es

    padro˜esoferecidaspelasbibliotecas. NocasodaredeneuralLSTM-CRF,foramutilizadas

    as especificac¸o˜es trazidas em [LuzdeAraujoetal. 2018]. Como medidas de avaliac¸a˜o

    foramusadasasme´tricasdeprecisa˜o,recalleF score,descritasaseguir:

    1

    TP TP prec·rec

    rec = prec = F = 2· ,

    1

    TP +FN TP +FP prec+rec

    onde TP, TF, FP e FN significam verdadeiro-positivo, verdadeiro-negativo, falso-positivo

    e falso-negativo, respectivamente. A me´trica recall passa para o cientista uma
    ideia da

    parcela de exemplos positivos que foram recuperados pelos modelo. Por outro lado,
    a

    precisa˜o comunica percentualmente qual a quantidade dos exemplos classificados
    como

    positivos sa˜o de fato positivos. O F score, por fim, mostra uma relac¸a˜o harmoˆnica
    entre

    1

    precisa˜o e recall para que possa-se reconhecer qual modelo possui o melhor balancea-

    mentoentreessasduasme´tricas.'
  token_count_ref: 230
  char_count: 1111
  source_block_hash: 731c1dcd6ee3e96df523aebd360ec34f091cc35432ca1aa68c34bed4f764bf03

Registrado: q-001-t13 = approved; revisão: D:\rag-ptbr-retrieval-pilot\data\annotations\reviews\review-9387330ada9c4e68a0c1707f9d412e43.yaml
question:
  question_id: q-001-t14
  text: Por que o F1 score é considerado confiável para a avaliação da base proposta?
  expected_answer: Porque a base é desbalanceada e o F1 equilibra precisão e recall
  origin_doc_id: art-001
  evidence:
  - evidence_id: q-001-t14-e1
    doc_id: art-001
    page: 6
    section: 5.1. Base de Dados
    quote: 'conjuntodetreinoedeteste. poss´ıvelnotarpormeiodessasfigurasqueabasededados

      encontra-se desbalanceada, o que torna o F score uma me´trica bastante confia´vel
      para

      1

      medirodesempenhodosmodelosaseremtreinados.'
    chunk_ids:
    - art-001-b0016-c000
    required_group: null
  - evidence_id: q-001-t14-e2
    doc_id: art-001
    page: 7
    section: 5.2. Medidas de Avaliação
    quote: 'positivos sa˜o de fato positivos. O F score, por fim, mostra uma relac¸a˜o
      harmoˆnica entre

      1

      precisa˜o e recall para que possa-se reconhecer qual modelo possui o melhor
      balancea-

      mentoentreessasduasme´tricas.'
    chunk_ids:
    - art-001-b0019-c000
    required_group: null
  question_type: factual
  modality: text
  review_status: draft
  notes: 'Pré-anotação A01-T14. Análise automática: READY_FOR_HUMAN_REVIEW. Trecho
    literal, página e suporte nos chunks conferidos automaticamente após seleção semântica
    por IA. Candidato produzido por IA; aguarda revisão humana.'
qrels:
- question_id: q-001-t14
  chunk_id: art-001-b0016-c000
  relevance: 1
- question_id: q-001-t14
  chunk_id: art-001-b0019-c000
  relevance: 1
evidence_groups: []
chunks:
- chunk_id: art-001-b0016-c000
  doc_id: art-001
  block_id: art-001-b0016
  page: 6
  section: E´
  modality: text
  text: 'conjuntodetreinoedeteste. poss´ıvelnotarpormeiodessasfigurasqueabasededados

    encontra-se desbalanceada, o que torna o F score uma me´trica bastante confia´vel
    para

    1

    medirodesempenhodosmodelosaseremtreinados.

    Tabela2. Distribuic¸a˜odasentidadesnosconjuntosdetreinoeteste

    Conjunto Jurisprudeˆncia Legislac¸a˜o

    Treino 9011 1341

    Teste 3398 427'
  token_count_ref: 48
  char_count: 339
  source_block_hash: 310fa5d14575b2d8198281ad31db08d47826eafdd185107cb1bb89fa777a89b0
- chunk_id: art-001-b0019-c000
  doc_id: art-001
  block_id: art-001-b0019
  page: 7
  section: 5.2. MedidasdeAvaliac¸a˜o
  modality: text
  text: 'O conjunto de dados foi dividido em dois subconjuntos, um para treinamento,
    composto

    por 70% das amostras e outro para teste, composto por 30%, ambas selecionadas
    aleato-

    riamente. Para cada umas das arquiteturas utilizadas foram empregadas as configurac¸o˜es

    padro˜esoferecidaspelasbibliotecas. NocasodaredeneuralLSTM-CRF,foramutilizadas

    as especificac¸o˜es trazidas em [LuzdeAraujoetal. 2018]. Como medidas de avaliac¸a˜o

    foramusadasasme´tricasdeprecisa˜o,recalleF score,descritasaseguir:

    1

    TP TP prec·rec

    rec = prec = F = 2· ,

    1

    TP +FN TP +FP prec+rec

    onde TP, TF, FP e FN significam verdadeiro-positivo, verdadeiro-negativo, falso-positivo

    e falso-negativo, respectivamente. A me´trica recall passa para o cientista uma
    ideia da

    parcela de exemplos positivos que foram recuperados pelos modelo. Por outro lado,
    a

    precisa˜o comunica percentualmente qual a quantidade dos exemplos classificados
    como

    positivos sa˜o de fato positivos. O F score, por fim, mostra uma relac¸a˜o harmoˆnica
    entre

    1

    precisa˜o e recall para que possa-se reconhecer qual modelo possui o melhor balancea-

    mentoentreessasduasme´tricas.'
  token_count_ref: 230
  char_count: 1111
  source_block_hash: 731c1dcd6ee3e96df523aebd360ec34f091cc35432ca1aa68c34bed4f764bf03

Registrado: q-001-t14 = approved; revisão: D:\rag-ptbr-retrieval-pilot\data\annotations\reviews\review-2cd436d1c3eb435189852626caa794d9.yaml
question:
  question_id: q-001-t16
  text: Qual modelo obteve o melhor recall segundo a discussão dos resultados?
  expected_answer: A BiLSTM-CRF implementada em TensorFlow, reproduzida a partir de
    Luz de Araujo et al
  origin_doc_id: art-001
  evidence:
  - evidence_id: q-001-t16-e1
    doc_id: art-001
    page: 8
    section: 6. Resultados
    quote: 'bas as categorias de entidades anotadas na base de dados analisada. Entretanto,
      o melhor

      score para recall na˜o foi alcanc¸ado por ele, mas sim pelo modelo BiLSTM-CRF
      usado

      por [LuzdeAraujoetal. 2018] em seus pro´prios experimentos. Contudo, vale ressaltar

      que a diferenc¸a entre as pontuac¸o˜es adquiridas pelo modelo do FLAIR e do
      TensorFlow

      na˜o foram ta˜o distantes uma da outra, o que, como pode ser visto pelo seu
      F score,'
    chunk_ids:
    - art-001-b0023-c000
    required_group: null
  question_type: factual
  modality: text
  review_status: draft
  notes: 'Pré-anotação A01-T16. Análise automática: READY_FOR_HUMAN_REVIEW. Pergunta
    explicitamente limitada à discussão: ela atribui melhor recall ao TensorFlow.
    A Tabela 3 limita essa vantagem à legislação (0,87 versus 0,85); jurisprudência
    favorece FLAIR (0,53 versus 0,44). Não interpretar como superioridade em ambas
    as classes. Candidato produzido por IA; aguarda revisão humana.'
qrels:
- question_id: q-001-t16
  chunk_id: art-001-b0023-c000
  relevance: 1
evidence_groups: []
chunks:
- chunk_id: art-001-b0023-c000
  doc_id: art-001
  block_id: art-001-b0023
  page: 8
  section: FLAIR BiLSTM-CRF
  modality: text
  text: 'Jurisprudeˆncia 0.78 0.53 0.63

    Pode-se observar que, de acordo com os resultados apresentados na Tabela 3 o

    modelo BiLSTM-CRF com FLAIR embeddings treinado com aux´ılio da biblioteca para

    PLN FLAIR apresentou resultados superiores com relac¸a˜o a` precisa˜o e F score
    em am-

    1

    bas as categorias de entidades anotadas na base de dados analisada. Entretanto,
    o melhor

    score para recall na˜o foi alcanc¸ado por ele, mas sim pelo modelo BiLSTM-CRF
    usado

    por [LuzdeAraujoetal. 2018] em seus pro´prios experimentos. Contudo, vale ressaltar

    que a diferenc¸a entre as pontuac¸o˜es adquiridas pelo modelo do FLAIR e do TensorFlow

    na˜o foram ta˜o distantes uma da outra, o que, como pode ser visto pelo seu F
    score,

    1

    torna o modelo BiLSTM-CRF com FLAIR embeddings o modelo com melhor equil´ıbrio

    entre precisa˜o e recall. O modelo CNN com conexo˜es residuais, por sua vez, mostrou-

    se ter a pior performance entre seus pares. Quando comparado com o modelo treinado

    pelo FLAIR, ele na˜o conseguiu se sobressair em nenhuma me´trica. E´ importante
    notar,

    inclusive, que suas pontuac¸o˜es para recall e F score foram bem menores que suas
    con-

    1

    trapartes. Comparando-o com o modelo de [LuzdeAraujoetal. 2018], contudo, para
    a

    entidade de jurisprudeˆncia, o modelo do Spacy obteve uma precisa˜o levemente
    superior

    aomodelodoTensorFlow.

    Os resultados aqui expostos demonstram que abordagem que empregam modelos

    h´ıbridos, ou seja, que combinam me´todos probabil´ısticos e de aprendizado de
    ma´quina,

    conseguem trazer desempenhos superiores a`s que fazem uso de apenas de redes neurais.

    Ale´m disso, eles'
  token_count_ref: 350
  char_count: 1588
  source_block_hash: 16577a68387b311983f1b59a008a9518d3f435cf61c7fb0f018a0f8adc7ad34a

Registrado: q-001-t16 = approved; revisão: D:\rag-ptbr-retrieval-pilot\data\annotations\reviews\review-260bf90b44244427a735c1a536146bdd.yaml
question:
  question_id: q-001-t17
  text: Qual foi o modelo de pior desempenho geral entre os comparados?
  expected_answer: A CNN com conexões residuais do spaCy
  origin_doc_id: art-001
  evidence:
  - evidence_id: q-001-t17-e1
    doc_id: art-001
    page: 8
    section: 6. Resultados
    quote: 'torna o modelo BiLSTM-CRF com FLAIR embeddings o modelo com melhor equil´ıbrio

      entre precisa˜o e recall. O modelo CNN com conexo˜es residuais, por sua vez,
      mostrou-

      se ter a pior performance entre seus pares. Quando comparado com o modelo treinado

      pelo FLAIR, ele na˜o conseguiu se sobressair em nenhuma me´trica. E´ importante
      notar,'
    chunk_ids:
    - art-001-b0023-c000
    required_group: null
  question_type: factual
  modality: text
  review_status: draft
  notes: 'Pré-anotação A01-T17. Análise automática: READY_FOR_HUMAN_REVIEW. Trecho
    literal, página e suporte nos chunks conferidos automaticamente após seleção semântica
    por IA. Candidato produzido por IA; aguarda revisão humana.'
qrels:
- question_id: q-001-t17
  chunk_id: art-001-b0023-c000
  relevance: 1
evidence_groups: []
chunks:
- chunk_id: art-001-b0023-c000
  doc_id: art-001
  block_id: art-001-b0023
  page: 8
  section: FLAIR BiLSTM-CRF
  modality: text
  text: 'Jurisprudeˆncia 0.78 0.53 0.63

    Pode-se observar que, de acordo com os resultados apresentados na Tabela 3 o

    modelo BiLSTM-CRF com FLAIR embeddings treinado com aux´ılio da biblioteca para

    PLN FLAIR apresentou resultados superiores com relac¸a˜o a` precisa˜o e F score
    em am-

    1

    bas as categorias de entidades anotadas na base de dados analisada. Entretanto,
    o melhor

    score para recall na˜o foi alcanc¸ado por ele, mas sim pelo modelo BiLSTM-CRF
    usado

    por [LuzdeAraujoetal. 2018] em seus pro´prios experimentos. Contudo, vale ressaltar

    que a diferenc¸a entre as pontuac¸o˜es adquiridas pelo modelo do FLAIR e do TensorFlow

    na˜o foram ta˜o distantes uma da outra, o que, como pode ser visto pelo seu F
    score,

    1

    torna o modelo BiLSTM-CRF com FLAIR embeddings o modelo com melhor equil´ıbrio

    entre precisa˜o e recall. O modelo CNN com conexo˜es residuais, por sua vez, mostrou-

    se ter a pior performance entre seus pares. Quando comparado com o modelo treinado

    pelo FLAIR, ele na˜o conseguiu se sobressair em nenhuma me´trica. E´ importante
    notar,

    inclusive, que suas pontuac¸o˜es para recall e F score foram bem menores que suas
    con-

    1

    trapartes. Comparando-o com o modelo de [LuzdeAraujoetal. 2018], contudo, para
    a

    entidade de jurisprudeˆncia, o modelo do Spacy obteve uma precisa˜o levemente
    superior

    aomodelodoTensorFlow.

    Os resultados aqui expostos demonstram que abordagem que empregam modelos

    h´ıbridos, ou seja, que combinam me´todos probabil´ısticos e de aprendizado de
    ma´quina,

    conseguem trazer desempenhos superiores a`s que fazem uso de apenas de redes neurais.

    Ale´m disso, eles'
  token_count_ref: 350
  char_count: 1588
  source_block_hash: 16577a68387b311983f1b59a008a9518d3f435cf61c7fb0f018a0f8adc7ad34a

Registrado: q-001-t17 = approved; revisão: D:\rag-ptbr-retrieval-pilot\data\annotations\reviews\review-1adce7c5600a47a286054b3f06baf46e.yaml
question:
  question_id: q-001-t18
  text: Qual característica dos FLAIR embeddings é citada como capaz de melhorar os
    scores do modelo?
  expected_answer: A geração de vetores de palavras usados como entrada para a rede
    neural
  origin_doc_id: art-001
  evidence:
  - evidence_id: q-001-t18-e1
    doc_id: art-001
    page: 8
    section: 6. Resultados
    quote: 'Ale´m disso, eles mostram que o uso de FLAIR embeddings na gerac¸a˜o dos
      vetores de

      palavras,quesera˜oentreguescomoinputparaumaredeneural,podeproverumamelhora

      substancial nos scores do modelo a ser treinado. Os resultados, tambe´m, reafirmam
      a'
    chunk_ids:
    - art-001-b0023-c001
    required_group: null
  question_type: factual
  modality: text
  review_status: draft
  notes: 'Pré-anotação A01-T18. Análise automática: READY_FOR_HUMAN_REVIEW. Trecho
    literal, página e suporte nos chunks conferidos automaticamente após seleção semântica
    por IA. Candidato produzido por IA; aguarda revisão humana.'
qrels:
- question_id: q-001-t18
  chunk_id: art-001-b0023-c001
  relevance: 1
evidence_groups: []
chunks:
- chunk_id: art-001-b0023-c001
  doc_id: art-001
  block_id: art-001-b0023
  page: 8
  section: FLAIR BiLSTM-CRF
  modality: text
  text: 'que abordagem que empregam modelos

    h´ıbridos, ou seja, que combinam me´todos probabil´ısticos e de aprendizado de
    ma´quina,

    conseguem trazer desempenhos superiores a`s que fazem uso de apenas de redes neurais.

    Ale´m disso, eles mostram que o uso de FLAIR embeddings na gerac¸a˜o dos vetores
    de

    palavras,quesera˜oentreguescomoinputparaumaredeneural,podeproverumamelhora

    substancial nos scores do modelo a ser treinado. Os resultados, tambe´m, reafirmam
    a

    superioridade de modelos BiLSTM-CRF na tarefa de sequence labeling ja´ demonstrada

    emartigosanteriores.'
  token_count_ref: 107
  char_count: 557
  source_block_hash: 16577a68387b311983f1b59a008a9518d3f435cf61c7fb0f018a0f8adc7ad34a

Registrado: q-001-t18 = approved; revisão: D:\rag-ptbr-retrieval-pilot\data\annotations\reviews\review-51b9541486f4456f85326ca88765c96b.yaml
question:
  question_id: q-001-t19
  text: Qual sistema operacional foi usado nos experimentos?
  expected_answer: Ubuntu 18.04
  origin_doc_id: art-001
  evidence:
  - evidence_id: q-001-t19-e1
    doc_id: art-001
    page: 7
    section: 5.3. Recursos de Hardware e Software
    quote: 'Os experimentos foram realizados em um computador com processador Ryzen
      5 2600x,

      16GB ram DDR4. O sistema operacional utilizado foi o Ubuntu 18.04. As bibliotecas

      utilizadas foram, Tensorflow versa˜o 1.15.0, Keras versa˜o 2.3.1, Numpy versa˜o
      1.18.3,'
    chunk_ids:
    - art-001-b0020-c000
    required_group: null
  question_type: factual
  modality: text
  review_status: draft
  notes: 'Pré-anotação A01-T19. Análise automática: READY_FOR_HUMAN_REVIEW. Trecho
    literal, página e suporte nos chunks conferidos automaticamente após seleção semântica
    por IA. Candidato produzido por IA; aguarda revisão humana.'
qrels:
- question_id: q-001-t19
  chunk_id: art-001-b0020-c000
  relevance: 1
evidence_groups: []
chunks:
- chunk_id: art-001-b0020-c000
  doc_id: art-001
  block_id: art-001-b0020
  page: 7
  section: 5.3. RecursosdeHardwareeSoftware
  modality: text
  text: 'Os experimentos foram realizados em um computador com processador Ryzen 5
    2600x,

    16GB ram DDR4. O sistema operacional utilizado foi o Ubuntu 18.04. As bibliotecas

    utilizadas foram, Tensorflow versa˜o 1.15.0, Keras versa˜o 2.3.1, Numpy versa˜o
    1.18.3,

    Pandasversa˜o1.0.3,Fasttextversa˜o0.9.1.'
  token_count_ref: 79
  char_count: 291
  source_block_hash: 4f737450193f2db05a7fa6f500be50e229e55f085d39e41bd5d241a34674231c

Registrado: q-001-t19 = approved; revisão: D:\rag-ptbr-retrieval-pilot\data\annotations\reviews\review-f8c97c91b97646d2b4ac72628473defa.yaml
question:
  question_id: q-001-m01
  text: Considerando a descrição da BiLSTM-CRF e a Figura 1, qual é o papel da camada
    CRF após o processamento da BiLSTM?
  expected_answer: Rotular as sequências de palavras, capturando dependências entre
    rótulos a partir das saídas da BiLSTM
  origin_doc_id: art-001
  evidence:
  - evidence_id: q-001-m01-e1
    doc_id: art-001
    page: 4
    section: 4.1. BiLSTM-CRF
    quote: 'Essaarquiteturacombinaumaredeneuralbidirectionallong-shorttermmemorycomum

      modelobaseadoemprobabilidade,oconditionalrandomfields[Lampleetal. 2016]. Ela

      foi usada em [LuzdeAraujoetal. 2018] para avaliar o desempenho do dataset proposto

      e, tambe´m, e´ arquitetura padra˜o empregada pelo FLAIR. A proposta dele e´
      utilizar um

      algoritmo que leve em conta uma quantidade virtualmente infinita de contexto
      e passar

      seus resultados para uma camada CRF, que por sua vez, se encarregara´ do rotulac¸a˜o
      das

      sequeˆnciasdepalavras,capturandoasdependeˆnciasaolongodosro´tulos.'
    chunk_ids:
    - art-001-b0011-c000
    required_group: q-001-m01-g1
  question_type: multi_evidence
  modality: mixed
  review_status: draft
  notes: 'Pré-anotação A01-M01. Análise automática: READY_FOR_HUMAN_REVIEW. A prosa
    explicita integralmente a função pedida; não se inferiu a estrutura visual da
    Figura 1. A pergunta demanda uma única informação apesar do tipo multi_evidence
    pré-anotado; um único grupo é semanticamente correto. Candidato produzido por
    IA; aguarda revisão humana.'
qrels:
- question_id: q-001-m01
  chunk_id: art-001-b0011-c000
  relevance: 1
evidence_groups:
- group_id: q-001-m01-g1
  question_id: q-001-m01
  required: true
  description: 'Função da CRF: rotular sequências e capturar dependências entre rótulos
    após o processamento contextual.'
  chunk_ids:
  - art-001-b0011-c000
chunks:
- chunk_id: art-001-b0011-c000
  doc_id: art-001
  block_id: art-001-b0011
  page: 4
  section: 4.1. BiLSTM-CRF
  modality: text
  text: 'Essaarquiteturacombinaumaredeneuralbidirectionallong-shorttermmemorycomum

    modelobaseadoemprobabilidade,oconditionalrandomfields[Lampleetal. 2016]. Ela

    foi usada em [LuzdeAraujoetal. 2018] para avaliar o desempenho do dataset proposto

    e, tambe´m, e´ arquitetura padra˜o empregada pelo FLAIR. A proposta dele e´ utilizar
    um

    algoritmo que leve em conta uma quantidade virtualmente infinita de contexto e
    passar

    seus resultados para uma camada CRF, que por sua vez, se encarregara´ do rotulac¸a˜o
    das

    sequeˆnciasdepalavras,capturandoasdependeˆnciasaolongodosro´tulos.

    Segundo [PanchendrarajanandAmaresan2018], CRF mostrou-se ser bastante

    efetivo quando combinado com arquiteturas de redes neurais para tarefas de ta-

    refas de rotulac¸a˜o de sequeˆncias. Por outro lado, como ficou demonstrado em

    [Lampleetal. 2016], arquiteturas h´ıbridas, como utilizada para esta pesquisa,
    possui de-

    sempenho superior a`s demais. A Figura 1 mostra mais detalhadamente as camadas
    que

    compo˜emtalarquitetura.'
  token_count_ref: 174
  char_count: 988
  source_block_hash: cbe6b4fc1b059684d71da344f397613a077e8509252b3ea26a0bb74b90f4e92d

Registrado: q-001-m01 = approved; revisão: D:\rag-ptbr-retrieval-pilot\data\annotations\reviews\review-08297b1a4a6b454083b5daf04e0c7e15.yaml
question:
  question_id: q-001-m02
  text: Comparando a Tabela 1 com a explicação da Seção 5.1, qual base possui mais
    trechos e qual possui menos classes?
  expected_answer: LeNER-Br possui mais trechos (10.392); a base proposta possui menos
    classes (2)
  origin_doc_id: art-001
  evidence:
  - evidence_id: q-001-m02-e1
    doc_id: art-001
    page: 6
    section: 5.1. Base de Dados / Tabela 1
    quote: 'Abasededadosfoiextra´ıdade74petic¸o˜esiniciaisdeprocessosquetramitaramnajustic¸a

      brasileira, de acesso acesso privado, fazendo um total de 1676 trechos extra´ıdos.
      As

      pa´ginasdaspetic¸o˜esiniciaisforamsubmetidasa` umprocessodeOCR(opticalcharacter

      recognition) para extrac¸a˜o do conteu´do textual que viria ser utilizado na
      composic¸a˜o do

      conjunto de treinamento empregado neste trabalho. Em contraste, a base de dados
      do

      LeNER-BR conta com um nu´mero um pouco menor de documentos, pore´m maior em

      relac¸a˜o a` sentenc¸as anotadas. Ademais, a base de dados de [LuzdeAraujoetal.
      2018] e´

      menos espec´ıfico quanto ao tipo de texto jur´ıdico que o compo˜e, sendo o apresentando

      nestetrabalhocompostoapenasporpetic¸o˜esiniciais.

      Tabela1. Caracter´ısticasdabasededados.

      Propriedade LeNER-BR

      Documentos 70

      Classes 6

      Trechos 10.392'
    chunk_ids:
    - art-001-b0015-c000
    required_group: q-001-m02-g1
  - evidence_id: q-001-m02-e2
    doc_id: art-001
    page: 6
    section: 5.1. Base de Dados
    quote: 'A Tabela 1 apresenta outras informac¸o˜es sobre a base de dados. A base
      de dados

      proposta suporta dois tipo de classes: Legislac¸a˜o e Jurisprudeˆncia. Em contraste
      com o

      LeNER-BR,quepossuimaisclasses,nestapesquisaoptou-sepordarfocoa`sduasclasses,

      entre as seis do LeNER-BR, que sa˜o mais relevantes para petic¸o˜es iniciais.
      Percebe-se,'
    chunk_ids:
    - art-001-b0015-c000
    required_group: q-001-m02-g2
  question_type: multi_evidence
  modality: mixed
  review_status: draft
  notes: 'Pré-anotação A01-M02. Análise automática: READY_FOR_HUMAN_REVIEW. Tabela
    extraída perdeu alinhamento da coluna Proposto; os valores e a comparação são
    recuperáveis na prosa contígua. Não se usou o chunk isolado da coluna sem cabeçalhos.
    Candidato produzido por IA; aguarda revisão humana.'
qrels:
- question_id: q-001-m02
  chunk_id: art-001-b0015-c000
  relevance: 1
evidence_groups:
- group_id: q-001-m02-g1
  question_id: q-001-m02
  required: true
  description: 'Comparação de trechos: proposta 1.676, LeNER-BR 10.392.'
  chunk_ids:
  - art-001-b0015-c000
- group_id: q-001-m02-g2
  question_id: q-001-m02
  required: true
  description: A base proposta usa duas classes, menos que LeNER-BR.
  chunk_ids:
  - art-001-b0015-c000
chunks:
- chunk_id: art-001-b0015-c000
  doc_id: art-001
  block_id: art-001-b0015
  page: 6
  section: 5.1. BasedeDados
  modality: text
  text: 'Abasededadosfoiextra´ıdade74petic¸o˜esiniciaisdeprocessosquetramitaramnajustic¸a

    brasileira, de acesso acesso privado, fazendo um total de 1676 trechos extra´ıdos.
    As

    pa´ginasdaspetic¸o˜esiniciaisforamsubmetidasa` umprocessodeOCR(opticalcharacter

    recognition) para extrac¸a˜o do conteu´do textual que viria ser utilizado na composic¸a˜o
    do

    conjunto de treinamento empregado neste trabalho. Em contraste, a base de dados
    do

    LeNER-BR conta com um nu´mero um pouco menor de documentos, pore´m maior em

    relac¸a˜o a` sentenc¸as anotadas. Ademais, a base de dados de [LuzdeAraujoetal.
    2018] e´

    menos espec´ıfico quanto ao tipo de texto jur´ıdico que o compo˜e, sendo o apresentando

    nestetrabalhocompostoapenasporpetic¸o˜esiniciais.

    Tabela1. Caracter´ısticasdabasededados.

    Propriedade LeNER-BR

    Documentos 70

    Classes 6

    Trechos 10.392

    Entidadesanotadas N/D

    A Tabela 1 apresenta outras informac¸o˜es sobre a base de dados. A base de dados

    proposta suporta dois tipo de classes: Legislac¸a˜o e Jurisprudeˆncia. Em contraste
    com o

    LeNER-BR,quepossuimaisclasses,nestapesquisaoptou-sepordarfocoa`sduasclasses,

    entre as seis do LeNER-BR, que sa˜o mais relevantes para petic¸o˜es iniciais.
    Percebe-se,

    tambe´m, que, no total, para ambas as classes, existem 10352 anotac¸o˜es para
    cada uma

    delas. A Tabela 2 mostra a distribuic¸a˜o das entidades Legislac¸a˜o e Jurisprudeˆncia
    no'
  token_count_ref: 295
  char_count: 1362
  source_block_hash: a0b43b038e85078d5b6280dbe5a8838c90fc8f8c4ea26718c841ada7c842aaa6

Registrado: q-001-m02 = approved; revisão: D:\rag-ptbr-retrieval-pilot\data\annotations\reviews\review-06d907a62794467b9b1e8495117490dc.yaml
question:
  question_id: q-001-m03
  text: Como a distribuição mostrada na Tabela 2 sustenta a escolha do F1 score explicada
    na Seção 5.2?
  expected_answer: Há muito mais ocorrências de jurisprudência que de legislação nos
    conjuntos de treino e teste, caracterizando desbalanceamento; por isso o F1 é
    usado para equilibrar precisão e recall
  origin_doc_id: art-001
  evidence:
  - evidence_id: q-001-m03-e1
    doc_id: art-001
    page: 6
    section: 5.1. Base de Dados / Tabela 2
    quote: 'Tabela2. Distribuic¸a˜odasentidadesnosconjuntosdetreinoeteste

      Conjunto Jurisprudeˆncia Legislac¸a˜o

      Treino 9011 1341

      Teste 3398 427'
    chunk_ids:
    - art-001-b0016-c000
    required_group: q-001-m03-g1
  - evidence_id: q-001-m03-e2
    doc_id: art-001
    page: 7
    section: 5.2. Medidas de Avaliação
    quote: 'positivos sa˜o de fato positivos. O F score, por fim, mostra uma relac¸a˜o
      harmoˆnica entre

      1

      precisa˜o e recall para que possa-se reconhecer qual modelo possui o melhor
      balancea-

      mentoentreessasduasme´tricas.'
    chunk_ids:
    - art-001-b0019-c000
    required_group: q-001-m03-g2
  question_type: multi_evidence
  modality: mixed
  review_status: draft
  notes: 'Pré-anotação A01-M03. Análise automática: READY_FOR_HUMAN_REVIEW. Trecho
    literal, página e suporte nos chunks conferidos automaticamente após seleção semântica
    por IA. Candidato produzido por IA; aguarda revisão humana.'
qrels:
- question_id: q-001-m03
  chunk_id: art-001-b0016-c000
  relevance: 1
- question_id: q-001-m03
  chunk_id: art-001-b0019-c000
  relevance: 1
evidence_groups:
- group_id: q-001-m03-g1
  question_id: q-001-m03
  required: true
  description: Contagens por classe/partição comprovam predominância de jurisprudência.
  chunk_ids:
  - art-001-b0016-c000
- group_id: q-001-m03-g2
  question_id: q-001-m03
  required: true
  description: F1 sintetiza harmonicamente precisão e recall.
  chunk_ids:
  - art-001-b0019-c000
chunks:
- chunk_id: art-001-b0016-c000
  doc_id: art-001
  block_id: art-001-b0016
  page: 6
  section: E´
  modality: text
  text: 'conjuntodetreinoedeteste. poss´ıvelnotarpormeiodessasfigurasqueabasededados

    encontra-se desbalanceada, o que torna o F score uma me´trica bastante confia´vel
    para

    1

    medirodesempenhodosmodelosaseremtreinados.

    Tabela2. Distribuic¸a˜odasentidadesnosconjuntosdetreinoeteste

    Conjunto Jurisprudeˆncia Legislac¸a˜o

    Treino 9011 1341

    Teste 3398 427'
  token_count_ref: 48
  char_count: 339
  source_block_hash: 310fa5d14575b2d8198281ad31db08d47826eafdd185107cb1bb89fa777a89b0
- chunk_id: art-001-b0019-c000
  doc_id: art-001
  block_id: art-001-b0019
  page: 7
  section: 5.2. MedidasdeAvaliac¸a˜o
  modality: text
  text: 'O conjunto de dados foi dividido em dois subconjuntos, um para treinamento,
    composto

    por 70% das amostras e outro para teste, composto por 30%, ambas selecionadas
    aleato-

    riamente. Para cada umas das arquiteturas utilizadas foram empregadas as configurac¸o˜es

    padro˜esoferecidaspelasbibliotecas. NocasodaredeneuralLSTM-CRF,foramutilizadas

    as especificac¸o˜es trazidas em [LuzdeAraujoetal. 2018]. Como medidas de avaliac¸a˜o

    foramusadasasme´tricasdeprecisa˜o,recalleF score,descritasaseguir:

    1

    TP TP prec·rec

    rec = prec = F = 2· ,

    1

    TP +FN TP +FP prec+rec

    onde TP, TF, FP e FN significam verdadeiro-positivo, verdadeiro-negativo, falso-positivo

    e falso-negativo, respectivamente. A me´trica recall passa para o cientista uma
    ideia da

    parcela de exemplos positivos que foram recuperados pelos modelo. Por outro lado,
    a

    precisa˜o comunica percentualmente qual a quantidade dos exemplos classificados
    como

    positivos sa˜o de fato positivos. O F score, por fim, mostra uma relac¸a˜o harmoˆnica
    entre

    1

    precisa˜o e recall para que possa-se reconhecer qual modelo possui o melhor balancea-

    mentoentreessasduasme´tricas.'
  token_count_ref: 230
  char_count: 1111
  source_block_hash: 731c1dcd6ee3e96df523aebd360ec34f091cc35432ca1aa68c34bed4f764bf03

Registrado: q-001-m03 = approved; revisão: D:\rag-ptbr-retrieval-pilot\data\annotations\reviews\review-f77acee3d39349048d94b349957446af.yaml
question:
  question_id: q-001-m04
  text: Com base na Tabela 3 e na discussão dos resultados, qual modelo deve ser escolhido
    se o objetivo for o melhor equilíbrio entre precisão e recall para jurisprudência?
  expected_answer: FLAIR BiLSTM-CRF, pois apresenta F1 de 0,63 e também o maior recall
    para jurisprudência entre os modelos listados
  origin_doc_id: art-001
  evidence:
  - evidence_id: q-001-m04-e1
    doc_id: art-001
    page: 8
    section: 6. Resultados / Tabela 3
    quote: 'Jurisprudeˆncia 0.78 0.53 0.63

      Pode-se observar que, de acordo com os resultados apresentados na Tabela 3 o

      modelo BiLSTM-CRF com FLAIR embeddings treinado com aux´ılio da biblioteca para

      PLN FLAIR apresentou resultados superiores com relac¸a˜o a` precisa˜o e F score
      em am-

      1

      bas as categorias de entidades anotadas na base de dados analisada. Entretanto,
      o melhor

      score para recall na˜o foi alcanc¸ado por ele, mas sim pelo modelo BiLSTM-CRF
      usado

      por [LuzdeAraujoetal. 2018] em seus pro´prios experimentos. Contudo, vale ressaltar

      que a diferenc¸a entre as pontuac¸o˜es adquiridas pelo modelo do FLAIR e do
      TensorFlow

      na˜o foram ta˜o distantes uma da outra, o que, como pode ser visto pelo seu
      F score,

      1

      torna o modelo BiLSTM-CRF com FLAIR embeddings o modelo com melhor equil´ıbrio

      entre precisa˜o e recall. O modelo CNN com conexo˜es residuais, por sua vez,
      mostrou-'
    chunk_ids:
    - art-001-b0023-c000
    required_group: q-001-m04-g1
  - evidence_id: q-001-m04-e2
    doc_id: art-001
    page: 8
    section: 6. Resultados / Tabela 3
    quote: 'Tabela3. Acura´cia,precisa˜o,recalleF scoredosmodelosparacadaentidade.

      1

      Biblioteca/

      Framework Modelo Entidade Precisa˜o Recall F score

      1

      Legislac¸a˜o 0.79 0.44 0.56

      Spacy CNN

      Jurisprudeˆncia 0.78 0.11 0.20

      Legislac¸a˜o 0.91 0.87 0.89

      TensorFlow BiLSTM-CRF

      Jurisprudeˆncia 0.74 0.44 0.55'
    chunk_ids:
    - art-001-b0022-c000
    required_group: q-001-m04-g2
  question_type: multi_evidence
  modality: mixed
  review_status: draft
  notes: 'Pré-anotação A01-M04. Análise automática: READY_FOR_HUMAN_REVIEW. O rótulo
    FLAIR é section do primeiro chunk. A comparação requer dois grupos: resultado
    FLAIR e resultados concorrentes; não são evidências independentes criadas por
    sobreposição. Candidato produzido por IA; aguarda revisão humana.'
qrels:
- question_id: q-001-m04
  chunk_id: art-001-b0022-c000
  relevance: 1
- question_id: q-001-m04
  chunk_id: art-001-b0023-c000
  relevance: 1
evidence_groups:
- group_id: q-001-m04-g1
  question_id: q-001-m04
  required: true
  description: 'FLAIR: jurisprudência F1 0,63 e recall 0,53; prosa explica equilíbrio.'
  chunk_ids:
  - art-001-b0023-c000
- group_id: q-001-m04-g2
  question_id: q-001-m04
  required: true
  description: 'Concorrentes em jurisprudência: TensorFlow F1 0,55/recall 0,44 e spaCy
    F1 0,20/recall 0,11.'
  chunk_ids:
  - art-001-b0022-c000
chunks:
- chunk_id: art-001-b0022-c000
  doc_id: art-001
  block_id: art-001-b0022
  page: 8
  section: 6. Resultados
  modality: text
  text: 'Por outro lado, para reproduzir o modelo apresentado por

    [LuzdeAraujoetal. 2018], empregou-se o uso do TensorFlow [Abadietal. 2015],

    uma biblioteca para aprendizagem de ma´quina publicada e distribu´ıda pelo Google.
    A

    arquitetura utilizada consiste no mesmo modelo proposto por [Lampleetal. 2016],
    o

    qual consiste e uma BiLSTM combinada com um algoritmo probabil´ıstico, o CRF,
    e

    incorporac¸o˜esdepalavras(i.e.,embeddings)a` n´ıveldecaractere.

    Tabela3. Acura´cia,precisa˜o,recalleF scoredosmodelosparacadaentidade.

    1

    Biblioteca/

    Framework Modelo Entidade Precisa˜o Recall F score

    1

    Legislac¸a˜o 0.79 0.44 0.56

    Spacy CNN

    Jurisprudeˆncia 0.78 0.11 0.20

    Legislac¸a˜o 0.91 0.87 0.89

    TensorFlow BiLSTM-CRF

    Jurisprudeˆncia 0.74 0.44 0.55

    Legislac¸a˜o 0.93 0.85 0.89'
  token_count_ref: 191
  char_count: 759
  source_block_hash: d215d453bf37be7b3b2fd20580a97eef695f21f53ceca354cd0f14cc144a1d60
- chunk_id: art-001-b0023-c000
  doc_id: art-001
  block_id: art-001-b0023
  page: 8
  section: FLAIR BiLSTM-CRF
  modality: text
  text: 'Jurisprudeˆncia 0.78 0.53 0.63

    Pode-se observar que, de acordo com os resultados apresentados na Tabela 3 o

    modelo BiLSTM-CRF com FLAIR embeddings treinado com aux´ılio da biblioteca para

    PLN FLAIR apresentou resultados superiores com relac¸a˜o a` precisa˜o e F score
    em am-

    1

    bas as categorias de entidades anotadas na base de dados analisada. Entretanto,
    o melhor

    score para recall na˜o foi alcanc¸ado por ele, mas sim pelo modelo BiLSTM-CRF
    usado

    por [LuzdeAraujoetal. 2018] em seus pro´prios experimentos. Contudo, vale ressaltar

    que a diferenc¸a entre as pontuac¸o˜es adquiridas pelo modelo do FLAIR e do TensorFlow

    na˜o foram ta˜o distantes uma da outra, o que, como pode ser visto pelo seu F
    score,

    1

    torna o modelo BiLSTM-CRF com FLAIR embeddings o modelo com melhor equil´ıbrio

    entre precisa˜o e recall. O modelo CNN com conexo˜es residuais, por sua vez, mostrou-

    se ter a pior performance entre seus pares. Quando comparado com o modelo treinado

    pelo FLAIR, ele na˜o conseguiu se sobressair em nenhuma me´trica. E´ importante
    notar,

    inclusive, que suas pontuac¸o˜es para recall e F score foram bem menores que suas
    con-

    1

    trapartes. Comparando-o com o modelo de [LuzdeAraujoetal. 2018], contudo, para
    a

    entidade de jurisprudeˆncia, o modelo do Spacy obteve uma precisa˜o levemente
    superior

    aomodelodoTensorFlow.

    Os resultados aqui expostos demonstram que abordagem que empregam modelos

    h´ıbridos, ou seja, que combinam me´todos probabil´ısticos e de aprendizado de
    ma´quina,

    conseguem trazer desempenhos superiores a`s que fazem uso de apenas de redes neurais.

    Ale´m disso, eles'
  token_count_ref: 350
  char_count: 1588
  source_block_hash: 16577a68387b311983f1b59a008a9518d3f435cf61c7fb0f018a0f8adc7ad34a

Registrado: q-001-m04 = approved; revisão: D:\rag-ptbr-retrieval-pilot\data\annotations\reviews\review-8c5884861ee94c329448717a5b5cc9f3.yaml
question:
  question_id: q-002-t01
  text: Qual desfecho clínico a abordagem proposta busca prever?
  expected_answer: Mortalidade hospitalar de pacientes internados em UTIs
  origin_doc_id: art-002
  evidence:
  - evidence_id: q-002-t01-e1
    doc_id: art-002
    page: 12
    section: 5. Considerações Finais
    quote: 'Este trabalho teve como contribuição central à concepção de uma abordagem
      explorando

      Aprendizado de Máquina para predição da mortalidade hospitalar utilizando dados
      cole-

      tados durante as primeiras 48 horas de internação nas UTIs. O MIMIC-III foi
      utilizado

      comobancodedadosdeinformaçõesclínicascoletadasdomundoreal.'
    chunk_ids:
    - art-002-b0037-c000
    required_group: null
  question_type: factual
  modality: text
  review_status: draft
  notes: 'Pré-anotação A02-T01. Análise automática: READY_FOR_HUMAN_REVIEW. Trecho
    literal, página e suporte nos chunks conferidos automaticamente após seleção semântica
    por IA. Candidato produzido por IA; aguarda revisão humana.'
qrels:
- question_id: q-002-t01
  chunk_id: art-002-b0037-c000
  relevance: 1
evidence_groups: []
chunks:
- chunk_id: art-002-b0037-c000
  doc_id: art-002
  block_id: art-002-b0037
  page: 12
  section: 5. Considerações Finais
  modality: text
  text: 'Este trabalho teve como contribuição central à concepção de uma abordagem
    explorando

    Aprendizado de Máquina para predição da mortalidade hospitalar utilizando dados
    cole-

    tados durante as primeiras 48 horas de internação nas UTIs. O MIMIC-III foi utilizado

    comobancodedadosdeinformaçõesclínicascoletadasdomundoreal.

    Comparando aos escores clínicos tradicionais, a abordagem proposta utiliza téc-

    nicasdemineraçãodedadoseAprendizadodeMáquinaquegerammodelosmaissofisti-

    cados, robustos e capazes de detectar padrões ocultos, lidar com grandes quantidades
    de

    dadosetermaiorpoderdediscriminaçãonaclassificaçãodemortalidadeemUTIs.

    Como perspectiva de continuidade da pesquisa, a expectativa é que esta aborda-

    gemtenhasuaperformancepreditivaotimizada,naexpectativaquesejapossívelempregar

    a mesma em um ambiente clínico real, como apoio à tomada de decisões considerando
    a

    celeridadeinerenteaosambientesdecuidadointensivos.'
  token_count_ref: 109
  char_count: 917
  source_block_hash: 7a57a6273733386c3ce8ead7f5661b523cc248142ecd043eed22b55eeb013841

Registrado: q-002-t01 = approved; revisão: D:\rag-ptbr-retrieval-pilot\data\annotations\reviews\review-59c0b540e3104c39892aaf901281f499.yaml
question:
  question_id: q-002-t02
  text: Qual banco de dados foi usado para formar a coorte do estudo?
  expected_answer: MIMIC-III
  origin_doc_id: art-002
  evidence:
  - evidence_id: q-002-t02-e1
    doc_id: art-002
    page: 5
    section: 3.2. Banco de Dados e População Estudada
    quote: 'A coorte de pacientes relevantes para o desenvolvimento do modelo foi
      extraída do Me-

      dical Information Mart for Intensive Care (MIMIC-III) baseado no código fornecido
      por

      [Harutyunyanetal. 2019]. O MIMIC-III [Johnsonandatal. 2016] é um repositório
      de

      acesso público criado a partir de dados clínicos de pacientes do Beth Israel
      Deaconess

      MedicalCenter (BIDMC),queéumhospitaluniversitáriodaHarvardMedicalSchool.'
    chunk_ids:
    - art-002-b0018-c000
    required_group: null
  question_type: factual
  modality: text
  review_status: draft
  notes: 'Pré-anotação A02-T02. Análise automática: READY_FOR_HUMAN_REVIEW. Trecho
    literal, página e suporte nos chunks conferidos automaticamente após seleção semântica
    por IA. Candidato produzido por IA; aguarda revisão humana.'
qrels:
- question_id: q-002-t02
  chunk_id: art-002-b0018-c000
  relevance: 1
evidence_groups: []
chunks:
- chunk_id: art-002-b0018-c000
  doc_id: art-002
  block_id: art-002-b0018
  page: 5
  section: 3.2. BancodeDadosePopulaçãoEstudada
  modality: text
  text: 'A coorte de pacientes relevantes para o desenvolvimento do modelo foi extraída
    do Me-

    dical Information Mart for Intensive Care (MIMIC-III) baseado no código fornecido
    por

    [Harutyunyanetal. 2019]. O MIMIC-III [Johnsonandatal. 2016] é um repositório de

    acesso público criado a partir de dados clínicos de pacientes do Beth Israel Deaconess

    MedicalCenter (BIDMC),queéumhospitaluniversitáriodaHarvardMedicalSchool.

    Para o desenvolvimento do modelo foram incluídos apenas registros de pacientes

    com 18 anos ou mais e que permaneceram internados em UTIs por um período mínimo

    de 48 horas. Isso resultou em uma coorte de 17.734 pacientes e 1.456.610 observações.

    Desses pacientes, 15.328 sobreviveram e 2.406 morreram, resultando em uma taxa
    de

    mortalidadede13,57%.'
  token_count_ref: 142
  char_count: 759
  source_block_hash: d7719433214200524724af47017313e062532840b4e0fd05d70e8977cfc08c17

Registrado: q-002-t02 = approved; revisão: D:\rag-ptbr-retrieval-pilot\data\annotations\reviews\review-4e8c885a5b8c4e53ba30b34f50d80cc9.yaml
question:
  question_id: q-002-t03
  text: Quantos pacientes compõem a coorte inicial utilizada no desenvolvimento do
    modelo?
  expected_answer: 17.734 pacientes
  origin_doc_id: art-002
  evidence:
  - evidence_id: q-002-t03-e1
    doc_id: art-002
    page: 5
    section: 3.2. Banco de Dados e População Estudada
    quote: 'Para o desenvolvimento do modelo foram incluídos apenas registros de pacientes

      com 18 anos ou mais e que permaneceram internados em UTIs por um período mínimo

      de 48 horas. Isso resultou em uma coorte de 17.734 pacientes e 1.456.610 observações.

      Desses pacientes, 15.328 sobreviveram e 2.406 morreram, resultando em uma taxa
      de

      mortalidadede13,57%.'
    chunk_ids:
    - art-002-b0018-c000
    required_group: null
  question_type: factual
  modality: text
  review_status: draft
  notes: 'Pré-anotação A02-T03. Análise automática: READY_FOR_HUMAN_REVIEW. Trecho
    literal, página e suporte nos chunks conferidos automaticamente após seleção semântica
    por IA. Candidato produzido por IA; aguarda revisão humana.'
qrels:
- question_id: q-002-t03
  chunk_id: art-002-b0018-c000
  relevance: 1
evidence_groups: []
chunks:
- chunk_id: art-002-b0018-c000
  doc_id: art-002
  block_id: art-002-b0018
  page: 5
  section: 3.2. BancodeDadosePopulaçãoEstudada
  modality: text
  text: 'A coorte de pacientes relevantes para o desenvolvimento do modelo foi extraída
    do Me-

    dical Information Mart for Intensive Care (MIMIC-III) baseado no código fornecido
    por

    [Harutyunyanetal. 2019]. O MIMIC-III [Johnsonandatal. 2016] é um repositório de

    acesso público criado a partir de dados clínicos de pacientes do Beth Israel Deaconess

    MedicalCenter (BIDMC),queéumhospitaluniversitáriodaHarvardMedicalSchool.

    Para o desenvolvimento do modelo foram incluídos apenas registros de pacientes

    com 18 anos ou mais e que permaneceram internados em UTIs por um período mínimo

    de 48 horas. Isso resultou em uma coorte de 17.734 pacientes e 1.456.610 observações.

    Desses pacientes, 15.328 sobreviveram e 2.406 morreram, resultando em uma taxa
    de

    mortalidadede13,57%.'
  token_count_ref: 142
  char_count: 759
  source_block_hash: d7719433214200524724af47017313e062532840b4e0fd05d70e8977cfc08c17

Registrado: q-002-t03 = approved; revisão: D:\rag-ptbr-retrieval-pilot\data\annotations\reviews\review-01d0057516a24bf6bc85302fba26d726.yaml
question:
  question_id: q-002-t04
  text: Quantas variáveis preditoras de entrada foram consideradas?
  expected_answer: 12 variáveis
  origin_doc_id: art-002
  evidence:
  - evidence_id: q-002-t04-e1
    doc_id: art-002
    page: 11
    section: 4. Análise de Performance
    quote: 'O modelo é baseado em 12 variáveis preditoras de entrada, sendo 7 sinais
      vitais (DBP,

      SBP,MAP,BT,RR,HR,SpO2),2dadosdemográficos(sexoeidade),2resultadosdela-

      boratório(glicoseepH)eumsistemadepontuação(GCS).Estessinaisvitaisusualmente'
    chunk_ids:
    - art-002-b0036-c000
    required_group: null
  question_type: factual
  modality: text
  review_status: draft
  notes: 'Pré-anotação A02-T04. Análise automática: READY_FOR_HUMAN_REVIEW. Trecho
    literal, página e suporte nos chunks conferidos automaticamente após seleção semântica
    por IA. Candidato produzido por IA; aguarda revisão humana.'
qrels:
- question_id: q-002-t04
  chunk_id: art-002-b0036-c000
  relevance: 1
evidence_groups: []
chunks:
- chunk_id: art-002-b0036-c000
  doc_id: art-002
  block_id: art-002-b0036
  page: 11
  section: 4. Análise de Performance da Abordagem Proposta
  modality: text
  text: '(a) JaneladeTempode24h (b) JaneladeTempode48h

    Figura2. CurvasROCdosMétodosdePrediçãoUtilizadosporJaneladeMedição

    (Fonte: osautores)

    apresentarem desempenhos semelhantes, a escolha depende do balanço pretendido
    entre

    especificidadeesensibilidade.

    A comparação do desempenho da abordagem proposta com outros trabalhos da

    literatura será feita tendo como base a Tabela 1. A métrica AUC foi empregada
    para essa

    comparação por ser apontada pela literatura como a mais relevante para medição
    de de-

    sempenho quando da predição de mortalidade hospitalar [Muralitharanandatal. 2021].

    Como referência será utilizado o resultado obtido pelo método GBC, desenvolvido
    pelo

    presentetrabalho,oqualalcançouamelhorperformancedeclassificação(AUCde0,85).

    O modelo é baseado em 12 variáveis preditoras de entrada, sendo 7 sinais vitais
    (DBP,

    SBP,MAP,BT,RR,HR,SpO2),2dadosdemográficos(sexoeidade),2resultadosdela-

    boratório(glicoseepH)eumsistemadepontuação(GCS).Estessinaisvitaisusualmente

    sãoregistradosautomaticamentepormonitoresmultiparamétricosemambientesdeUTIs,

    simplificandoassimacoletadestesdadosfisiológicos.

    A performance AUC de 0,85 alcançada é superior ao trabalho de

    [Alghatanietal. 2021], que obteve AUC de 0,78. Por sua vez, os trabalhos

    [Purushothamandatal. 2018] (AUC de 0,87), [Pirracchioandatal. 2015] (AUC

    de 0,88) e [Harutyunyanetal. 2019] (AUC de 0,87) apresentam melhor performance,

    entretanto exigem ao total 17 variáveis preditoras, dependem de até 6 exames laborato-

    riais ou requerem os valores individuais dos 4 critérios da escala de Glasgow,
    da qual

    muitas vezes é registrado somente o valor total. Estes aspectos podem dificultar
    sua

    implementação,poisosprofissionaisdesaúdeteriamdeatualizá-losduranteainternação

    dopacienteeviaderegraestesvaloresnãosãomedidosregularmente.

    Apesardaabordagem'
  token_count_ref: 287
  char_count: 1800
  source_block_hash: ce962abd98b75c504478c1820529ec26fce93524be082abea3a24c13bf9977f1

Registrado: q-002-t04 = approved; revisão: D:\rag-ptbr-retrieval-pilot\data\annotations\reviews\review-5b29906ede984ea89c84eb04c7c5fbd7.yaml
question:
  question_id: q-002-t05
  text: Quais janelas após a admissão na UTI foram comparadas?
  expected_answer: 24 e 48 horas
  origin_doc_id: art-002
  evidence:
  - evidence_id: q-002-t05-e1
    doc_id: art-002
    page: 5
    section: 3.1. Discussão do Problema de Pesquisa
    quote: 'Oobjetivodomodelodesenvolvidoporestetrabalhoéidentificaroriscodemorte

      duranteainternaçãodepacientesemUTIsconsiderandocomobaseosdadosdoMIMIC-

      III. Foram comparadas as performances de vários métodos de Aprendizado de Máquina,

      utilizando para isso dados de uma mesma coorte de pacientes coletados em janelas
      de

      tempo de 24 e 48 horas após a admissão nas UTIs. As janelas de tempo foram estabe-

      lecidas através de uma avaliação empírica inicial, que mostrou que com esses
      intervalos

      de tempo já é possível uma estimativa de risco de mortalidade suficientemente
      precisa.'
    chunk_ids:
    - art-002-b0017-c000
    required_group: null
  question_type: factual
  modality: text
  review_status: draft
  notes: 'Pré-anotação A02-T05. Análise automática: READY_FOR_HUMAN_REVIEW. Trecho
    literal, página e suporte nos chunks conferidos automaticamente após seleção semântica
    por IA. Candidato produzido por IA; aguarda revisão humana.'
qrels:
- question_id: q-002-t05
  chunk_id: art-002-b0017-c000
  relevance: 1
evidence_groups: []
chunks:
- chunk_id: art-002-b0017-c000
  doc_id: art-002
  block_id: art-002-b0017
  page: 5
  section: 3.1. DiscussãodoProblemadePesquisa
  modality: text
  text: 'Os sistemas de pontuação tradicionais para predição de mortalidade têm como
    objetivo

    identificar a deterioração do estado clínico do paciente. No entanto, esses sistemas
    de

    pontuaçãolevamemconsideraçãosomenteosdadosdesaúdedeumdeterminadoinstante

    de tempo, sem considerar a tendência de variação dos mesmos no decorrer da internação

    [Churpekandatal. 2016].

    Aimplantaçãocrescentedosprontuárioseletrônicosnoshospitaistemviabilizado

    o registro de dados históricos dos pacientes, cujos sinais vitais coletados ao
    longo do

    tempopodemserinterpretadoscomosériestemporais,criandoassimaoportunidadepara

    a aplicação de técnicas computacionais que processam esses dados e permitem produzir

    previsõesdaevoluçãodoestadoclínicodospacientes.

    Oobjetivodomodelodesenvolvidoporestetrabalhoéidentificaroriscodemorte

    duranteainternaçãodepacientesemUTIsconsiderandocomobaseosdadosdoMIMIC-

    III. Foram comparadas as performances de vários métodos de Aprendizado de Máquina,

    utilizando para isso dados de uma mesma coorte de pacientes coletados em janelas
    de

    tempo de 24 e 48 horas após a admissão nas UTIs. As janelas de tempo foram estabe-

    lecidas através de uma avaliação empírica inicial, que mostrou que com esses intervalos

    de tempo já é possível uma estimativa de risco de mortalidade suficientemente
    precisa.

    Como foram incluídos somente pacientes internados por pelo menos há 48 horas,
    o des-

    fechoocorreuapósesteintervalodetempodeinternação.'
  token_count_ref: 178
  char_count: 1426
  source_block_hash: 14eb6ef14c94b29e89dcd5665790227dd92f99894704f23f90b2344259ecd493

Registrado: q-002-t05 = approved; revisão: D:\rag-ptbr-retrieval-pilot\data\annotations\reviews\review-d8ee160161214c689fdedf4f6257598c.yaml
question:
  question_id: q-002-t06
  text: Quais critérios de inclusão foram aplicados aos pacientes da coorte?
  expected_answer: Ter 18 anos ou mais e permanência mínima de 48 horas na UTI
  origin_doc_id: art-002
  evidence:
  - evidence_id: q-002-t06-e1
    doc_id: art-002
    page: 5
    section: 3.2. Banco de Dados e População Estudada
    quote: 'Para o desenvolvimento do modelo foram incluídos apenas registros de pacientes

      com 18 anos ou mais e que permaneceram internados em UTIs por um período mínimo

      de 48 horas. Isso resultou em uma coorte de 17.734 pacientes e 1.456.610 observações.'
    chunk_ids:
    - art-002-b0018-c000
    required_group: null
  question_type: factual
  modality: text
  review_status: draft
  notes: 'Pré-anotação A02-T06. Análise automática: READY_FOR_HUMAN_REVIEW. Trecho
    literal, página e suporte nos chunks conferidos automaticamente após seleção semântica
    por IA. Candidato produzido por IA; aguarda revisão humana.'
qrels:
- question_id: q-002-t06
  chunk_id: art-002-b0018-c000
  relevance: 1
evidence_groups: []
chunks:
- chunk_id: art-002-b0018-c000
  doc_id: art-002
  block_id: art-002-b0018
  page: 5
  section: 3.2. BancodeDadosePopulaçãoEstudada
  modality: text
  text: 'A coorte de pacientes relevantes para o desenvolvimento do modelo foi extraída
    do Me-

    dical Information Mart for Intensive Care (MIMIC-III) baseado no código fornecido
    por

    [Harutyunyanetal. 2019]. O MIMIC-III [Johnsonandatal. 2016] é um repositório de

    acesso público criado a partir de dados clínicos de pacientes do Beth Israel Deaconess

    MedicalCenter (BIDMC),queéumhospitaluniversitáriodaHarvardMedicalSchool.

    Para o desenvolvimento do modelo foram incluídos apenas registros de pacientes

    com 18 anos ou mais e que permaneceram internados em UTIs por um período mínimo

    de 48 horas. Isso resultou em uma coorte de 17.734 pacientes e 1.456.610 observações.

    Desses pacientes, 15.328 sobreviveram e 2.406 morreram, resultando em uma taxa
    de

    mortalidadede13,57%.'
  token_count_ref: 142
  char_count: 759
  source_block_hash: d7719433214200524724af47017313e062532840b4e0fd05d70e8977cfc08c17

Registrado: q-002-t06 = approved; revisão: D:\rag-ptbr-retrieval-pilot\data\annotations\reviews\review-dbad20daae54435e8799fda9a7ef3957.yaml
question:
  question_id: q-002-t07
  text: Qual foi a taxa de mortalidade da coorte inicial?
  expected_answer: 13,57%
  origin_doc_id: art-002
  evidence:
  - evidence_id: q-002-t07-e1
    doc_id: art-002
    page: 5
    section: 3.2. Banco de Dados e População Estudada
    quote: 'de 48 horas. Isso resultou em uma coorte de 17.734 pacientes e 1.456.610
      observações.

      Desses pacientes, 15.328 sobreviveram e 2.406 morreram, resultando em uma taxa
      de

      mortalidadede13,57%.'
    chunk_ids:
    - art-002-b0018-c000
    required_group: null
  question_type: factual
  modality: text
  review_status: draft
  notes: 'Pré-anotação A02-T07. Análise automática: READY_FOR_HUMAN_REVIEW. Trecho
    literal, página e suporte nos chunks conferidos automaticamente após seleção semântica
    por IA. Candidato produzido por IA; aguarda revisão humana.'
qrels:
- question_id: q-002-t07
  chunk_id: art-002-b0018-c000
  relevance: 1
evidence_groups: []
chunks:
- chunk_id: art-002-b0018-c000
  doc_id: art-002
  block_id: art-002-b0018
  page: 5
  section: 3.2. BancodeDadosePopulaçãoEstudada
  modality: text
  text: 'A coorte de pacientes relevantes para o desenvolvimento do modelo foi extraída
    do Me-

    dical Information Mart for Intensive Care (MIMIC-III) baseado no código fornecido
    por

    [Harutyunyanetal. 2019]. O MIMIC-III [Johnsonandatal. 2016] é um repositório de

    acesso público criado a partir de dados clínicos de pacientes do Beth Israel Deaconess

    MedicalCenter (BIDMC),queéumhospitaluniversitáriodaHarvardMedicalSchool.

    Para o desenvolvimento do modelo foram incluídos apenas registros de pacientes

    com 18 anos ou mais e que permaneceram internados em UTIs por um período mínimo

    de 48 horas. Isso resultou em uma coorte de 17.734 pacientes e 1.456.610 observações.

    Desses pacientes, 15.328 sobreviveram e 2.406 morreram, resultando em uma taxa
    de

    mortalidadede13,57%.'
  token_count_ref: 142
  char_count: 759
  source_block_hash: d7719433214200524724af47017313e062532840b4e0fd05d70e8977cfc08c17

Registrado: q-002-t07 = approved; revisão: D:\rag-ptbr-retrieval-pilot\data\annotations\reviews\review-25c1783fe8ec43eca19a88db10bc9419.yaml
question:
  question_id: q-002-t08
  text: Por que os autores não imputaram valores ausentes?
  expected_answer: Para evitar a geração de viés no modelo
  origin_doc_id: art-002
  evidence:
  - evidence_id: q-002-t08-e1
    doc_id: art-002
    page: 9
    section: 3.4.2. Agregação dos Dados por Hora e Tratamento de Dados Ausentes
    quote: 'Como estratégia para evitar a geração de viés no modelo, os dados ausentes
      não

      foram substituídos por valores estimados. A abordagem utilizada foi incluir
      apenas

      pacientes com um alto percentual de informações completas, sendo então selecionados

      pacientes onde todas as variáveis foram registradas pelo menos uma vez em três
      horários

      diferentes dentro da janela de tempo de medição. Esta imposição resultou em
      um con-'
    chunk_ids:
    - art-002-b0029-c000
    required_group: null
  question_type: factual
  modality: text
  review_status: draft
  notes: 'Pré-anotação A02-T08. Análise automática: READY_FOR_HUMAN_REVIEW. Trecho
    literal, página e suporte nos chunks conferidos automaticamente após seleção semântica
    por IA. Candidato produzido por IA; aguarda revisão humana.'
qrels:
- question_id: q-002-t08
  chunk_id: art-002-b0029-c000
  relevance: 1
evidence_groups: []
chunks:
- chunk_id: art-002-b0029-c000
  doc_id: art-002
  block_id: art-002-b0029
  page: 9
  section: 3.4.2. AgregaçãodosDadosporHoraeTratamentodeDadosAusentes
  modality: text
  text: 'esparsas. A Tabela 2 apresenta a quantidade de observações com dados não
    nulos por

    variável. Conforme pode-se observar, existem poucas medições das variáveis Potencial

    Hidrogeniônico, Escala de Coma de Glasgow e Glicose, com incidências em 8%, 11%
    e

    17%dasobservações,respectivamente.

    Os modelos de Aprendizado de Máquina aplicados a séries temporais têm uma

    performancedeclassificaçãomelhorquandorecebemcomoentradadadoscomrepresen-

    tações de tempo discretizadas [Facelietal. 2021]. Dessa forma, com o objetivo
    de obter

    umarepresentaçãomaisdensadosdadosfisiológicosdeformaaoportunizarumamelhor

    inferência pelos algoritmos, as observações de cada série temporal foram agregadas
    em

    intervalosdehoraemhoraatravésdocálculodamediana.

    Como estratégia para evitar a geração de viés no modelo, os dados ausentes não

    foram substituídos por valores estimados. A abordagem utilizada foi incluir apenas

    pacientes com um alto percentual de informações completas, sendo então selecionados

    pacientes onde todas as variáveis foram registradas pelo menos uma vez em três
    horários

    diferentes dentro da janela de tempo de medição. Esta imposição resultou em um
    con-

    juntodedadoscom6.184pacientesnajaneladetempode48he4.979pacientesnajanela

    de24h.'
  token_count_ref: 178
  char_count: 1226
  source_block_hash: c10e30f1afed89fef6160bb71cb5a771c7d070d8ff968a90e9295293202a239a

Registrado: q-002-t08 = approved; revisão: D:\rag-ptbr-retrieval-pilot\data\annotations\reviews\review-330835c3fe964a59828bc9ff67b73ecb.yaml
question:
  question_id: q-002-t09
  text: Como as séries temporais foram agregadas para obter representação mais densa?
  expected_answer: Em intervalos de uma hora, calculando a mediana
  origin_doc_id: art-002
  evidence:
  - evidence_id: q-002-t09-e1
    doc_id: art-002
    page: 9
    section: 3.4.2. Agregação dos Dados por Hora e Tratamento de Dados Ausentes
    quote: 'Os modelos de Aprendizado de Máquina aplicados a séries temporais têm
      uma

      performancedeclassificaçãomelhorquandorecebemcomoentradadadoscomrepresen-

      tações de tempo discretizadas [Facelietal. 2021]. Dessa forma, com o objetivo
      de obter

      umarepresentaçãomaisdensadosdadosfisiológicosdeformaaoportunizarumamelhor

      inferência pelos algoritmos, as observações de cada série temporal foram agregadas
      em

      intervalosdehoraemhoraatravésdocálculodamediana.'
    chunk_ids:
    - art-002-b0029-c000
    required_group: null
  question_type: factual
  modality: text
  review_status: draft
  notes: 'Pré-anotação A02-T09. Análise automática: READY_FOR_HUMAN_REVIEW. Trecho
    literal, página e suporte nos chunks conferidos automaticamente após seleção semântica
    por IA. Candidato produzido por IA; aguarda revisão humana.'
qrels:
- question_id: q-002-t09
  chunk_id: art-002-b0029-c000
  relevance: 1
evidence_groups: []
chunks:
- chunk_id: art-002-b0029-c000
  doc_id: art-002
  block_id: art-002-b0029
  page: 9
  section: 3.4.2. AgregaçãodosDadosporHoraeTratamentodeDadosAusentes
  modality: text
  text: 'esparsas. A Tabela 2 apresenta a quantidade de observações com dados não
    nulos por

    variável. Conforme pode-se observar, existem poucas medições das variáveis Potencial

    Hidrogeniônico, Escala de Coma de Glasgow e Glicose, com incidências em 8%, 11%
    e

    17%dasobservações,respectivamente.

    Os modelos de Aprendizado de Máquina aplicados a séries temporais têm uma

    performancedeclassificaçãomelhorquandorecebemcomoentradadadoscomrepresen-

    tações de tempo discretizadas [Facelietal. 2021]. Dessa forma, com o objetivo
    de obter

    umarepresentaçãomaisdensadosdadosfisiológicosdeformaaoportunizarumamelhor

    inferência pelos algoritmos, as observações de cada série temporal foram agregadas
    em

    intervalosdehoraemhoraatravésdocálculodamediana.

    Como estratégia para evitar a geração de viés no modelo, os dados ausentes não

    foram substituídos por valores estimados. A abordagem utilizada foi incluir apenas

    pacientes com um alto percentual de informações completas, sendo então selecionados

    pacientes onde todas as variáveis foram registradas pelo menos uma vez em três
    horários

    diferentes dentro da janela de tempo de medição. Esta imposição resultou em um
    con-

    juntodedadoscom6.184pacientesnajaneladetempode48he4.979pacientesnajanela

    de24h.'
  token_count_ref: 178
  char_count: 1226
  source_block_hash: c10e30f1afed89fef6160bb71cb5a771c7d070d8ff968a90e9295293202a239a

Registrado: q-002-t09 = approved; revisão: D:\rag-ptbr-retrieval-pilot\data\annotations\reviews\review-751876bc27944cd98cb4d73874752670.yaml
question:
  question_id: q-002-t10
  text: Quais estatísticas resumidas foram calculadas para cada variável na construção
    de recursos?
  expected_answer: Mínimo, máximo, desvio padrão, variância, média e mediana
  origin_doc_id: art-002
  evidence:
  - evidence_id: q-002-t10-e1
    doc_id: art-002
    page: 9
    section: 3.5. Construção de Recursos
    quote: 'A construção de recursos aborda o problema de encontrar a transformação
      de variáveis

      quepossuamamaiorquantidadedeinformaçõesúteis. Comoassériestemporaispresen-

      tesnobancodedadosutilizadonessetrabalhocontémumgrandenúmerodeinformações

      ausentes,omodelopropostocalculaosdadosestatísticosresumidos(valormínimo,valor

      máximo, desvio padrão, variância, média e mediana) de cada uma das variáveis
      dentro

      da janela de tempo estipulada (24 ou 48 horas). Esta estratégia reduz a complexidade
      do

      modelo,poisutilizainformaçõesmaisrelevantescomoentradaparaatarefadeprevisão.'
    chunk_ids:
    - art-002-b0030-c000
    required_group: null
  question_type: factual
  modality: text
  review_status: draft
  notes: 'Pré-anotação A02-T10. Análise automática: READY_FOR_HUMAN_REVIEW. Trecho
    literal, página e suporte nos chunks conferidos automaticamente após seleção semântica
    por IA. Candidato produzido por IA; aguarda revisão humana.'
qrels:
- question_id: q-002-t10
  chunk_id: art-002-b0030-c000
  relevance: 1
evidence_groups: []
chunks:
- chunk_id: art-002-b0030-c000
  doc_id: art-002
  block_id: art-002-b0030
  page: 9
  section: 3.5. ConstruçãodeRecursos
  modality: text
  text: 'A construção de recursos aborda o problema de encontrar a transformação de
    variáveis

    quepossuamamaiorquantidadedeinformaçõesúteis. Comoassériestemporaispresen-

    tesnobancodedadosutilizadonessetrabalhocontémumgrandenúmerodeinformações

    ausentes,omodelopropostocalculaosdadosestatísticosresumidos(valormínimo,valor

    máximo, desvio padrão, variância, média e mediana) de cada uma das variáveis dentro

    da janela de tempo estipulada (24 ou 48 horas). Esta estratégia reduz a complexidade
    do

    modelo,poisutilizainformaçõesmaisrelevantescomoentradaparaatarefadeprevisão.

    A identificação dos valores mínimo e máximo de cada série tem como objetivo

    mostrar os eventos extremos durante a internação. O desvio padrão e variância
    foram

    utilizadosparaquantificaravariabilidadedoseventos. Amédiaeamedianaforamcalcu-

    ladasparafornecerumarepresentaçãoprecisadoeventomédioparacadavariável,sendo

    queousodeambasajudaareduziroriscodedistorçãodoresultadooriginadoporalguma

    distribuiçãoatípicadosdados.'
  token_count_ref: 101
  char_count: 976
  source_block_hash: b56e2d1b1b22072aa669b245f478e5d7e6611cb9b769bbe80153c89bc5fc3261

Registrado: q-002-t10 = approved; revisão: D:\rag-ptbr-retrieval-pilot\data\annotations\reviews\review-0827b29bc9124aaaa7ae27ce4d04c701.yaml
question:
  question_id: q-002-t11
  text: Qual estratégia de balanceamento de classes foi escolhida para o modelo?
  expected_answer: Random oversampling da classe minoritária
  origin_doc_id: art-002
  evidence:
  - evidence_id: q-002-t11-e1
    doc_id: art-002
    page: 9
    section: 3.6. Balanceamento das Classes
    quote: 'Nestetrabalhoforamexperimentadastrêsdiferentesestratégiasdebalanceamento

      entre as classes: (i) random oversampling: sobreamostragem aleatória da classe
      minori-

      tária (método escolhido); (ii) random downsampling: seleciona e remove aleatoriamente

      amostras da classe majoritária; e, (iii) SMOTE (Synthetic Minority Oversampling
      Techni-

      que): geraçãodeexemplossintéticosdetreinamentodaclasseminoritária.'
    chunk_ids:
    - art-002-b0031-c000
    required_group: null
  question_type: factual
  modality: text
  review_status: draft
  notes: 'Pré-anotação A02-T11. Análise automática: READY_FOR_HUMAN_REVIEW. Trecho
    literal, página e suporte nos chunks conferidos automaticamente após seleção semântica
    por IA. Candidato produzido por IA; aguarda revisão humana.'
qrels:
- question_id: q-002-t11
  chunk_id: art-002-b0031-c000
  relevance: 1
evidence_groups: []
chunks:
- chunk_id: art-002-b0031-c000
  doc_id: art-002
  block_id: art-002-b0031
  page: 9
  section: 3.6. BalanceamentodasClasses
  modality: text
  text: 'Conforme apresentado na Seção 3.2, o banco de dados utilizado no desenvolvimento

    desse modelo possui uma incidência de mortalidade de 13,57%, de forma que há uma

    distribuição desigual entre as classes. A modelagem preditiva com classes desequilibra-

    das representa um desafio para o Aprendizado de Máquina, pois a maioria dos métodos

    usadosparaclassificaçãoforamprojetadoscombasenasuposiçãodeumnúmeroigualde

    exemplosparacadaclasse[Bhattacharyaandetal. 2017].

    Nestetrabalhoforamexperimentadastrêsdiferentesestratégiasdebalanceamento

    entre as classes: (i) random oversampling: sobreamostragem aleatória da classe
    minori-

    tária (método escolhido); (ii) random downsampling: seleciona e remove aleatoriamente

    amostras da classe majoritária; e, (iii) SMOTE (Synthetic Minority Oversampling
    Techni-

    que): geraçãodeexemplossintéticosdetreinamentodaclasseminoritária.'
  token_count_ref: 124
  char_count: 859
  source_block_hash: 7191e5afc2591d9ab727e4df25dc17e8394c1f1318d30744c99e8581ecbb1215

Registrado: q-002-t11 = approved; revisão: D:\rag-ptbr-retrieval-pilot\data\annotations\reviews\review-d2cf6063f878489ea289dbca6211d8ed.yaml
question:
  question_id: q-002-t12
  text: Qual método de normalização foi utilizado?
  expected_answer: Min-max, transformando valores para a escala de zero a um
  origin_doc_id: art-002
  evidence:
  - evidence_id: q-002-t12-e1
    doc_id: art-002
    page: 10
    section: 3.7. Normalização
    quote: 'Muitos métodos de Aprendizado de Máquina exigem que as variáveis selecionadas
      este-

      jamnamesmaescalaparaumdesempenhoideal[Facelietal. 2021]. Ométodochamado

      “min-max”foiescolhido,atravésdoqualosvaloresforamtransformadosparaumaescala

      mínimo-zeroemáximo-um.'
    chunk_ids:
    - art-002-b0032-c000
    required_group: null
  question_type: factual
  modality: text
  review_status: draft
  notes: 'Pré-anotação A02-T12. Análise automática: READY_FOR_HUMAN_REVIEW. Trecho
    literal, página e suporte nos chunks conferidos automaticamente após seleção semântica
    por IA. Candidato produzido por IA; aguarda revisão humana.'
qrels:
- question_id: q-002-t12
  chunk_id: art-002-b0032-c000
  relevance: 1
evidence_groups: []
chunks:
- chunk_id: art-002-b0032-c000
  doc_id: art-002
  block_id: art-002-b0032
  page: 10
  section: 3.7. Normalização
  modality: text
  text: 'Muitos métodos de Aprendizado de Máquina exigem que as variáveis selecionadas
    este-

    jamnamesmaescalaparaumdesempenhoideal[Facelietal. 2021]. Ométodochamado

    “min-max”foiescolhido,atravésdoqualosvaloresforamtransformadosparaumaescala

    mínimo-zeroemáximo-um.'
  token_count_ref: 35
  char_count: 254
  source_block_hash: baf1a56e35c1922a6f1a7c1ffbbaf55981ca23959b5d69e3c65844bfa8331412

Registrado: q-002-t12 = approved; revisão: D:\rag-ptbr-retrieval-pilot\data\annotations\reviews\review-b361cbc676cb460dbc3ffee3a775e2e3.yaml
question:
  question_id: q-002-t13
  text: O que a sensibilidade mede na avaliação dos classificadores?
  expected_answer: A capacidade de prever corretamente os pacientes que morreram,
    a classe positiva
  origin_doc_id: art-002
  evidence:
  - evidence_id: q-002-t13-e1
    doc_id: art-002
    page: 10
    section: 4. Análise de Performance
    quote: 'Asensibilidade,tambémchamadadeTaxadeVerdadeirosPositivos(TPR),indica

      a capacidade do método de classificação em prever corretamente os pacientes
      que mor-

      reram (classe positiva). A especificidade indica a capacidade do método de classificação'
    chunk_ids:
    - art-002-b0033-c000
    required_group: null
  question_type: factual
  modality: text
  review_status: draft
  notes: 'Pré-anotação A02-T13. Análise automática: READY_FOR_HUMAN_REVIEW. Trecho
    literal, página e suporte nos chunks conferidos automaticamente após seleção semântica
    por IA. Candidato produzido por IA; aguarda revisão humana.'
qrels:
- question_id: q-002-t13
  chunk_id: art-002-b0033-c000
  relevance: 1
evidence_groups: []
chunks:
- chunk_id: art-002-b0033-c000
  doc_id: art-002
  block_id: art-002-b0033
  page: 10
  section: 4. Análise de Performance da Abordagem Proposta
  modality: text
  text: 'Conforme apresentado na Tabela 3, foram empregados os indicadores sensibilidade,
    es-

    pecificidade, F1 score e AUC para comparar diferentes métodos para previsão de
    mor-

    talidade, considerando janelas de tempo com 24 e 48 horas de aquisição de dados.
    O

    realcenacorazulnascolunasF1scoreeAUCdestacaométodocomaspontuaçõesmais

    elevadasemcadaumadasmétricas.

    Asensibilidade,tambémchamadadeTaxadeVerdadeirosPositivos(TPR),indica

    a capacidade do método de classificação em prever corretamente os pacientes que
    mor-

    reram (classe positiva). A especificidade indica a capacidade do método de classificação

    em prever corretamente os pacientes que sobreviveram (classe negativa). F1 score
    é uma

    média harmônica calculada com base na precisão e na sensibilidade [Facelietal.
    2021].

    A AUC é uma grandeza escalar entre 0 e 1 que representa a área abaixo da curva
    ROC e

    mede a qualidade das previsões do modelo independentemente do ponto de operação
    do

    classificador[Bradley1997].

    Tabela3. PerformancesdeClassificaçãoUsandoDiferentesMétodosdeModela-

    gemeJanelasdeTempoparaAquisiçãodeDados'
  token_count_ref: 160
  char_count: 1071
  source_block_hash: df4aa54b80eab77f9387b1f31304af94321f5bf0977d27f838529f0ad464bb4c

Registrado: q-002-t13 = approved; revisão: D:\rag-ptbr-retrieval-pilot\data\annotations\reviews\review-0baabe00a3f14dc9ba29df4152dc1077.yaml
question:
  question_id: q-002-t14
  text: O que a especificidade mede na avaliação dos classificadores?
  expected_answer: A capacidade de prever corretamente os pacientes que sobreviveram,
    a classe negativa
  origin_doc_id: art-002
  evidence:
  - evidence_id: q-002-t14-e1
    doc_id: art-002
    page: 10
    section: 4. Análise de Performance
    quote: 'reram (classe positiva). A especificidade indica a capacidade do método
      de classificação

      em prever corretamente os pacientes que sobreviveram (classe negativa). F1 score
      é uma

      média harmônica calculada com base na precisão e na sensibilidade [Facelietal.
      2021].'
    chunk_ids:
    - art-002-b0033-c000
    required_group: null
  question_type: factual
  modality: text
  review_status: draft
  notes: 'Pré-anotação A02-T14. Análise automática: READY_FOR_HUMAN_REVIEW. Trecho
    literal, página e suporte nos chunks conferidos automaticamente após seleção semântica
    por IA. Candidato produzido por IA; aguarda revisão humana.'
qrels:
- question_id: q-002-t14
  chunk_id: art-002-b0033-c000
  relevance: 1
evidence_groups: []
chunks:
- chunk_id: art-002-b0033-c000
  doc_id: art-002
  block_id: art-002-b0033
  page: 10
  section: 4. Análise de Performance da Abordagem Proposta
  modality: text
  text: 'Conforme apresentado na Tabela 3, foram empregados os indicadores sensibilidade,
    es-

    pecificidade, F1 score e AUC para comparar diferentes métodos para previsão de
    mor-

    talidade, considerando janelas de tempo com 24 e 48 horas de aquisição de dados.
    O

    realcenacorazulnascolunasF1scoreeAUCdestacaométodocomaspontuaçõesmais

    elevadasemcadaumadasmétricas.

    Asensibilidade,tambémchamadadeTaxadeVerdadeirosPositivos(TPR),indica

    a capacidade do método de classificação em prever corretamente os pacientes que
    mor-

    reram (classe positiva). A especificidade indica a capacidade do método de classificação

    em prever corretamente os pacientes que sobreviveram (classe negativa). F1 score
    é uma

    média harmônica calculada com base na precisão e na sensibilidade [Facelietal.
    2021].

    A AUC é uma grandeza escalar entre 0 e 1 que representa a área abaixo da curva
    ROC e

    mede a qualidade das previsões do modelo independentemente do ponto de operação
    do

    classificador[Bradley1997].

    Tabela3. PerformancesdeClassificaçãoUsandoDiferentesMétodosdeModela-

    gemeJanelasdeTempoparaAquisiçãodeDados'
  token_count_ref: 160
  char_count: 1071
  source_block_hash: df4aa54b80eab77f9387b1f31304af94321f5bf0977d27f838529f0ad464bb4c

Registrado: q-002-t14 = approved; revisão: D:\rag-ptbr-retrieval-pilot\data\annotations\reviews\review-7796f416ab0a4421b57fbcfb0a9043fd.yaml
question:
  question_id: q-002-t15
  text: Por que a AUC foi escolhida para a comparação com trabalhos relacionados?
  expected_answer: Porque a literatura a aponta como métrica relevante para medir
    desempenho na predição de mortalidade hospitalar
  origin_doc_id: art-002
  evidence:
  - evidence_id: q-002-t15-e1
    doc_id: art-002
    page: 11
    section: 4. Análise de Performance
    quote: 'A comparação do desempenho da abordagem proposta com outros trabalhos
      da

      literatura será feita tendo como base a Tabela 1. A métrica AUC foi empregada
      para essa

      comparação por ser apontada pela literatura como a mais relevante para medição
      de de-

      sempenho quando da predição de mortalidade hospitalar [Muralitharanandatal.
      2021].

      Como referência será utilizado o resultado obtido pelo método GBC, desenvolvido
      pelo

      presentetrabalho,oqualalcançouamelhorperformancedeclassificação(AUCde0,85).'
    chunk_ids:
    - art-002-b0036-c000
    required_group: null
  question_type: factual
  modality: text
  review_status: draft
  notes: 'Pré-anotação A02-T15. Análise automática: READY_FOR_HUMAN_REVIEW. Trecho
    literal, página e suporte nos chunks conferidos automaticamente após seleção semântica
    por IA. Candidato produzido por IA; aguarda revisão humana.'
qrels:
- question_id: q-002-t15
  chunk_id: art-002-b0036-c000
  relevance: 1
evidence_groups: []
chunks:
- chunk_id: art-002-b0036-c000
  doc_id: art-002
  block_id: art-002-b0036
  page: 11
  section: 4. Análise de Performance da Abordagem Proposta
  modality: text
  text: '(a) JaneladeTempode24h (b) JaneladeTempode48h

    Figura2. CurvasROCdosMétodosdePrediçãoUtilizadosporJaneladeMedição

    (Fonte: osautores)

    apresentarem desempenhos semelhantes, a escolha depende do balanço pretendido
    entre

    especificidadeesensibilidade.

    A comparação do desempenho da abordagem proposta com outros trabalhos da

    literatura será feita tendo como base a Tabela 1. A métrica AUC foi empregada
    para essa

    comparação por ser apontada pela literatura como a mais relevante para medição
    de de-

    sempenho quando da predição de mortalidade hospitalar [Muralitharanandatal. 2021].

    Como referência será utilizado o resultado obtido pelo método GBC, desenvolvido
    pelo

    presentetrabalho,oqualalcançouamelhorperformancedeclassificação(AUCde0,85).

    O modelo é baseado em 12 variáveis preditoras de entrada, sendo 7 sinais vitais
    (DBP,

    SBP,MAP,BT,RR,HR,SpO2),2dadosdemográficos(sexoeidade),2resultadosdela-

    boratório(glicoseepH)eumsistemadepontuação(GCS).Estessinaisvitaisusualmente

    sãoregistradosautomaticamentepormonitoresmultiparamétricosemambientesdeUTIs,

    simplificandoassimacoletadestesdadosfisiológicos.

    A performance AUC de 0,85 alcançada é superior ao trabalho de

    [Alghatanietal. 2021], que obteve AUC de 0,78. Por sua vez, os trabalhos

    [Purushothamandatal. 2018] (AUC de 0,87), [Pirracchioandatal. 2015] (AUC

    de 0,88) e [Harutyunyanetal. 2019] (AUC de 0,87) apresentam melhor performance,

    entretanto exigem ao total 17 variáveis preditoras, dependem de até 6 exames laborato-

    riais ou requerem os valores individuais dos 4 critérios da escala de Glasgow,
    da qual

    muitas vezes é registrado somente o valor total. Estes aspectos podem dificultar
    sua

    implementação,poisosprofissionaisdesaúdeteriamdeatualizá-losduranteainternação

    dopacienteeviaderegraestesvaloresnãosãomedidosregularmente.

    Apesardaabordagem'
  token_count_ref: 287
  char_count: 1800
  source_block_hash: ce962abd98b75c504478c1820529ec26fce93524be082abea3a24c13bf9977f1

Registrado: q-002-t15 = approved; revisão: D:\rag-ptbr-retrieval-pilot\data\annotations\reviews\review-2f1068045b62465ab447043037f98f67.yaml
question:
  question_id: q-002-t16
  text: Qual método obteve a melhor performance na janela de 24 horas?
  expected_answer: MLP
  origin_doc_id: art-002
  evidence:
  - evidence_id: q-002-t16-e1
    doc_id: art-002
    page: 10
    section: 4. Análise de Performance
    quote: 'Na janela de tempo de 24 horas, o método MLP teve melhor performance con-

      siderando simultaneamente os indicadores F1 score e AUC, com valores de 0,51
      e 0,83,

      respectivamente. O algoritmo GBC teve performance similar, mas com o valor de
      F1

      score um pouco inferior. Considerando a Figura 2(a), que apresenta as curvas
      ROC dos'
    chunk_ids:
    - art-002-b0034-c000
    required_group: null
  question_type: factual
  modality: text
  review_status: draft
  notes: 'Pré-anotação A02-T16. Análise automática: READY_FOR_HUMAN_REVIEW. Trecho
    literal, página e suporte nos chunks conferidos automaticamente após seleção semântica
    por IA. Candidato produzido por IA; aguarda revisão humana.'
qrels:
- question_id: q-002-t16
  chunk_id: art-002-b0034-c000
  relevance: 1
evidence_groups: []
chunks:
- chunk_id: art-002-b0034-c000
  doc_id: art-002
  block_id: art-002-b0034
  page: 10
  section: 4. Análise de Performance da Abordagem Proposta
  modality: text
  text: 'Na janela de tempo de 24 horas, o método MLP teve melhor performance con-

    siderando simultaneamente os indicadores F1 score e AUC, com valores de 0,51 e
    0,83,

    respectivamente. O algoritmo GBC teve performance similar, mas com o valor de
    F1

    score um pouco inferior. Considerando a Figura 2(a), que apresenta as curvas ROC
    dos

    modelos de 24 horas, pode-se observar que apesar dos métodos MLP, LR, RF, GBC
    e

    Adaboost apresentarem valores semelhantes em relação a métrica AUC, eles se compor-

    tam de maneira diferente dependendo do limiar de decisão a ser escolhido. Portanto
    a

    escolhadoclassificadormaisadequadodependerádopontodeequilíbriodesejadoparaa

    especificidadeesensibilidade.

    Já na janela de tempo de 48 horas, o método GBC teve uma performance ligei-

    ramente superior em ambos indicadores F1 score e AUC, com valores de 0,53 e 0,85,

    respectivamente. As curvas ROC dos modelos nesta janela de tempo estão apresentadas

    na Figura 2(b), onde também é possível constatar que apesar de vários dos algoritmos'
  token_count_ref: 192
  char_count: 1006
  source_block_hash: edc83d029195f8579018f5d543a45e282781ed8ccd9d436656aa5d4ddb014447

Registrado: q-002-t16 = approved; revisão: D:\rag-ptbr-retrieval-pilot\data\annotations\reviews\review-bb22fe508290498abcb6882945aedced.yaml
question:
  question_id: q-002-t17
  text: Qual método obteve a melhor performance na janela de 48 horas?
  expected_answer: Gradient Boosting Classifier (GBC)
  origin_doc_id: art-002
  evidence:
  - evidence_id: q-002-t17-e1
    doc_id: art-002
    page: 10
    section: 4. Análise de Performance
    quote: 'Já na janela de tempo de 48 horas, o método GBC teve uma performance ligei-

      ramente superior em ambos indicadores F1 score e AUC, com valores de 0,53 e
      0,85,

      respectivamente. As curvas ROC dos modelos nesta janela de tempo estão apresentadas'
    chunk_ids:
    - art-002-b0034-c000
    required_group: null
  question_type: factual
  modality: text
  review_status: draft
  notes: 'Pré-anotação A02-T17. Análise automática: READY_FOR_HUMAN_REVIEW. Trecho
    literal, página e suporte nos chunks conferidos automaticamente após seleção semântica
    por IA. Candidato produzido por IA; aguarda revisão humana.'
qrels:
- question_id: q-002-t17
  chunk_id: art-002-b0034-c000
  relevance: 1
evidence_groups: []
chunks:
- chunk_id: art-002-b0034-c000
  doc_id: art-002
  block_id: art-002-b0034
  page: 10
  section: 4. Análise de Performance da Abordagem Proposta
  modality: text
  text: 'Na janela de tempo de 24 horas, o método MLP teve melhor performance con-

    siderando simultaneamente os indicadores F1 score e AUC, com valores de 0,51 e
    0,83,

    respectivamente. O algoritmo GBC teve performance similar, mas com o valor de
    F1

    score um pouco inferior. Considerando a Figura 2(a), que apresenta as curvas ROC
    dos

    modelos de 24 horas, pode-se observar que apesar dos métodos MLP, LR, RF, GBC
    e

    Adaboost apresentarem valores semelhantes em relação a métrica AUC, eles se compor-

    tam de maneira diferente dependendo do limiar de decisão a ser escolhido. Portanto
    a

    escolhadoclassificadormaisadequadodependerádopontodeequilíbriodesejadoparaa

    especificidadeesensibilidade.

    Já na janela de tempo de 48 horas, o método GBC teve uma performance ligei-

    ramente superior em ambos indicadores F1 score e AUC, com valores de 0,53 e 0,85,

    respectivamente. As curvas ROC dos modelos nesta janela de tempo estão apresentadas

    na Figura 2(b), onde também é possível constatar que apesar de vários dos algoritmos'
  token_count_ref: 192
  char_count: 1006
  source_block_hash: edc83d029195f8579018f5d543a45e282781ed8ccd9d436656aa5d4ddb014447

Registrado: q-002-t17 = approved; revisão: D:\rag-ptbr-retrieval-pilot\data\annotations\reviews\review-e82e971204644eefb69434377ceae9e6.yaml
question:
  question_id: q-002-t18
  text: Quais sinais vitais fazem parte das 12 variáveis usadas pela abordagem proposta?
  expected_answer: DBP, SBP, MAP, temperatura corporal, frequência respiratória, frequência
    cardíaca e SpO2
  origin_doc_id: art-002
  evidence:
  - evidence_id: q-002-t18-e1
    doc_id: art-002
    page: 11
    section: 4. Análise de Performance
    quote: 'O modelo é baseado em 12 variáveis preditoras de entrada, sendo 7 sinais
      vitais (DBP,

      SBP,MAP,BT,RR,HR,SpO2),2dadosdemográficos(sexoeidade),2resultadosdela-

      boratório(glicoseepH)eumsistemadepontuação(GCS).Estessinaisvitaisusualmente

      sãoregistradosautomaticamentepormonitoresmultiparamétricosemambientesdeUTIs,

      simplificandoassimacoletadestesdadosfisiológicos.'
    chunk_ids:
    - art-002-b0036-c000
    required_group: null
  - evidence_id: q-002-t18-e2
    doc_id: art-002
    page: 6
    section: Tabela 1 / descrição de siglas
    quote: 'Descriçãodasvariáveis:HR-frequênciacardíaca;SBP-pressãoarterialsistólica;DBP-pressãoarterialdiastólica;MAP-pressão

      arterialmédia;RR-frequênciarespiratória;SpO2-saturaçãoperiféricadeoxigênio;BT-temperaturacorporal;GCS-escalade

      comadeGlasgow;FiO2-fraçãoinspiradadeoxigênio;PaO2-pressãoarterialdeoxigênio;WBC-contagemdecélulasbrancas;

      AIDS-SíndromedaImunodeficiênciaHumana;pH-potencialhidrogeniônico.'
    chunk_ids:
    - art-002-b0021-c000
    required_group: null
  question_type: factual
  modality: text
  review_status: draft
  notes: 'Pré-anotação A02-T18. Análise automática: READY_FOR_HUMAN_REVIEW. Trecho
    literal, página e suporte nos chunks conferidos automaticamente após seleção semântica
    por IA. Candidato produzido por IA; aguarda revisão humana.'
qrels:
- question_id: q-002-t18
  chunk_id: art-002-b0021-c000
  relevance: 1
- question_id: q-002-t18
  chunk_id: art-002-b0036-c000
  relevance: 1
evidence_groups: []
chunks:
- chunk_id: art-002-b0021-c000
  doc_id: art-002
  block_id: art-002-b0021
  page: 6
  section: 3.3. AnáliseExploratóriadosDadoseSeleçãodeVariáveis
  modality: text
  text: 'Descriçãodasvariáveis:HR-frequênciacardíaca;SBP-pressãoarterialsistólica;DBP-pressãoarterialdiastólica;MAP-pressão

    arterialmédia;RR-frequênciarespiratória;SpO2-saturaçãoperiféricadeoxigênio;BT-temperaturacorporal;GCS-escalade

    comadeGlasgow;FiO2-fraçãoinspiradadeoxigênio;PaO2-pressãoarterialdeoxigênio;WBC-contagemdecélulasbrancas;

    AIDS-SíndromedaImunodeficiênciaHumana;pH-potencialhidrogeniônico.

    Métodosdepredição: CNN-ConvolutionalNeuralNetworks;LSTM-LongShort-TermMemory;BiLSTM-bidirectionalLong

    Short-TermMemory;RF-RandomForest;LR-LogisticRegression;kNN-k-NearestNeighbors;SVM-SupportVectorMachines;

    XGB-eXtremeGradientBoosting;MMDL-MultimodalDeepLearningModel;LDA-LinearDiscriminantAnalysis;QDA-Qua-

    draticDiscriminantAnalysis;AdaBoost-AdaptiveBoosting;NB-NaiveBayes;DT-DecisionTree;PART-partialDecisionTree;

    JRip-RepeatedIncrementalPruningtoProduceErrorReduction(RIPPER);RNN-RecurrentNeuralNetwork;GNB-Gaussian

    NaiveBayes;MLP-MultilayerPerceptron;GBC-GradientBoostingClassifier.

    Métricas de performance: ROC - Receiver Operating Characteristic; AUC – Area Under
    the Curve; AUPRC - Area Under

    Precision-RecallCurve;NPV-NegativePredictiveValue;PPV-PositivePredictiveValue.'
  token_count_ref: 184
  char_count: 1177
  source_block_hash: 823384143224a39d2f50a3831a900b7a3886dbef465a8297e45c0ad654b28ffc
- chunk_id: art-002-b0036-c000
  doc_id: art-002
  block_id: art-002-b0036
  page: 11
  section: 4. Análise de Performance da Abordagem Proposta
  modality: text
  text: '(a) JaneladeTempode24h (b) JaneladeTempode48h

    Figura2. CurvasROCdosMétodosdePrediçãoUtilizadosporJaneladeMedição

    (Fonte: osautores)

    apresentarem desempenhos semelhantes, a escolha depende do balanço pretendido
    entre

    especificidadeesensibilidade.

    A comparação do desempenho da abordagem proposta com outros trabalhos da

    literatura será feita tendo como base a Tabela 1. A métrica AUC foi empregada
    para essa

    comparação por ser apontada pela literatura como a mais relevante para medição
    de de-

    sempenho quando da predição de mortalidade hospitalar [Muralitharanandatal. 2021].

    Como referência será utilizado o resultado obtido pelo método GBC, desenvolvido
    pelo

    presentetrabalho,oqualalcançouamelhorperformancedeclassificação(AUCde0,85).

    O modelo é baseado em 12 variáveis preditoras de entrada, sendo 7 sinais vitais
    (DBP,

    SBP,MAP,BT,RR,HR,SpO2),2dadosdemográficos(sexoeidade),2resultadosdela-

    boratório(glicoseepH)eumsistemadepontuação(GCS).Estessinaisvitaisusualmente

    sãoregistradosautomaticamentepormonitoresmultiparamétricosemambientesdeUTIs,

    simplificandoassimacoletadestesdadosfisiológicos.

    A performance AUC de 0,85 alcançada é superior ao trabalho de

    [Alghatanietal. 2021], que obteve AUC de 0,78. Por sua vez, os trabalhos

    [Purushothamandatal. 2018] (AUC de 0,87), [Pirracchioandatal. 2015] (AUC

    de 0,88) e [Harutyunyanetal. 2019] (AUC de 0,87) apresentam melhor performance,

    entretanto exigem ao total 17 variáveis preditoras, dependem de até 6 exames laborato-

    riais ou requerem os valores individuais dos 4 critérios da escala de Glasgow,
    da qual

    muitas vezes é registrado somente o valor total. Estes aspectos podem dificultar
    sua

    implementação,poisosprofissionaisdesaúdeteriamdeatualizá-losduranteainternação

    dopacienteeviaderegraestesvaloresnãosãomedidosregularmente.

    Apesardaabordagem'
  token_count_ref: 287
  char_count: 1800
  source_block_hash: ce962abd98b75c504478c1820529ec26fce93524be082abea3a24c13bf9977f1

Registrado: q-002-t18 = approved; revisão: D:\rag-ptbr-retrieval-pilot\data\annotations\reviews\review-84b846516f0f4d909d4d83da9755ed6b.yaml
question:
  question_id: q-002-t19
  text: Quantas observações extremas foram removidas pelas regras de limpeza?
  expected_answer: 7.471 observações, equivalentes a 0,51%
  origin_doc_id: art-002
  evidence:
  - evidence_id: q-002-t19-e1
    doc_id: art-002
    page: 8
    section: 3.4.1. Limpeza de Dados
    quote: 'No modelo proposto, cada variável numérica está associada a limites superior
      e

      inferior para detectar valores inutilizáveis (outliers). O valor observado será
      excluído se

      estiver fora desses limites. Ao aplicar essas regras para gerar a coorte do
      modelo foram

      removidas7.471observações(0,51%)classificadascomovaloresatípicosextremos.'
    chunk_ids:
    - art-002-b0026-c000
    required_group: null
  question_type: factual
  modality: text
  review_status: draft
  notes: 'Pré-anotação A02-T19. Análise automática: READY_FOR_HUMAN_REVIEW. Trecho
    literal, página e suporte nos chunks conferidos automaticamente após seleção semântica
    por IA. Candidato produzido por IA; aguarda revisão humana.'
qrels:
- question_id: q-002-t19
  chunk_id: art-002-b0026-c000
  relevance: 1
evidence_groups: []
chunks:
- chunk_id: art-002-b0026-c000
  doc_id: art-002
  block_id: art-002-b0026
  page: 8
  section: 3.4.1. LimpezadeDados
  modality: text
  text: 'Os dados extraídos do MIMIC-III possuem valores errôneos devido a ruídos,
    registros

    incorretos, erros tipográficos e imputação de informações ou unidades inconsistentes

    [Purushothamandatal. 2018]. Paratratardessesvaloresdiscrepantespresentesnobanco

    de dados foram utilizadas as especificações constantes no repositório de código-fonte
    de

    [Harutyunyanetal. 2019], as quais foram definidas por especialistas clínicos com
    base

    emseuconhecimentodeintervalosdemedidasválidas.

    No modelo proposto, cada variável numérica está associada a limites superior e

    inferior para detectar valores inutilizáveis (outliers). O valor observado será
    excluído se

    estiver fora desses limites. Ao aplicar essas regras para gerar a coorte do modelo
    foram

    removidas7.471observações(0,51%)classificadascomovaloresatípicosextremos.'
  token_count_ref: 119
  char_count: 804
  source_block_hash: f99bd3f6349ba50ad0ffaa1f7e7852ae958e49423b0670517efbb975492951be

Registrado: q-002-t19 = approved; revisão: D:\rag-ptbr-retrieval-pilot\data\annotations\reviews\review-234e61cee2384a34b234c3d8ef3a5a0c.yaml
question:
  question_id: q-002-t20
  text: Qual perspectiva de continuidade é apontada ao final do artigo?
  expected_answer: Otimizar a performance preditiva para possibilitar uso em ambiente
    clínico real como apoio à decisão
  origin_doc_id: art-002
  evidence:
  - evidence_id: q-002-t20-e1
    doc_id: art-002
    page: 12
    section: 5. Considerações Finais
    quote: 'Como perspectiva de continuidade da pesquisa, a expectativa é que esta
      aborda-

      gemtenhasuaperformancepreditivaotimizada,naexpectativaquesejapossívelempregar

      a mesma em um ambiente clínico real, como apoio à tomada de decisões considerando
      a

      celeridadeinerenteaosambientesdecuidadointensivos.'
    chunk_ids:
    - art-002-b0037-c000
    required_group: null
  question_type: factual
  modality: text
  review_status: draft
  notes: 'Pré-anotação A02-T20. Análise automática: READY_FOR_HUMAN_REVIEW. Trecho
    literal, página e suporte nos chunks conferidos automaticamente após seleção semântica
    por IA. Candidato produzido por IA; aguarda revisão humana.'
qrels:
- question_id: q-002-t20
  chunk_id: art-002-b0037-c000
  relevance: 1
evidence_groups: []
chunks:
- chunk_id: art-002-b0037-c000
  doc_id: art-002
  block_id: art-002-b0037
  page: 12
  section: 5. Considerações Finais
  modality: text
  text: 'Este trabalho teve como contribuição central à concepção de uma abordagem
    explorando

    Aprendizado de Máquina para predição da mortalidade hospitalar utilizando dados
    cole-

    tados durante as primeiras 48 horas de internação nas UTIs. O MIMIC-III foi utilizado

    comobancodedadosdeinformaçõesclínicascoletadasdomundoreal.

    Comparando aos escores clínicos tradicionais, a abordagem proposta utiliza téc-

    nicasdemineraçãodedadoseAprendizadodeMáquinaquegerammodelosmaissofisti-

    cados, robustos e capazes de detectar padrões ocultos, lidar com grandes quantidades
    de

    dadosetermaiorpoderdediscriminaçãonaclassificaçãodemortalidadeemUTIs.

    Como perspectiva de continuidade da pesquisa, a expectativa é que esta aborda-

    gemtenhasuaperformancepreditivaotimizada,naexpectativaquesejapossívelempregar

    a mesma em um ambiente clínico real, como apoio à tomada de decisões considerando
    a

    celeridadeinerenteaosambientesdecuidadointensivos.'
  token_count_ref: 109
  char_count: 917
  source_block_hash: 7a57a6273733386c3ce8ead7f5661b523cc248142ecd043eed22b55eeb013841

Registrado: q-002-t20 = approved; revisão: D:\rag-ptbr-retrieval-pilot\data\annotations\reviews\review-8826d721ab02408a94deda90a7a10ff8.yaml
question:
  question_id: q-002-m01
  text: Usando a Tabela 2 e a explicação sobre dados ausentes, quais três variáveis
    apresentam as menores incidências e quais são seus percentuais?
  expected_answer: pH (8%), GCS (11%) e glicose (17%)
  origin_doc_id: art-002
  evidence:
  - evidence_id: q-002-m01-e1
    doc_id: art-002
    page: 9
    section: 3.4.2. Agregação dos Dados por Hora e Tratamento de Dados Ausentes
    quote: 'esparsas. A Tabela 2 apresenta a quantidade de observações com dados não
      nulos por

      variável. Conforme pode-se observar, existem poucas medições das variáveis Potencial

      Hidrogeniônico, Escala de Coma de Glasgow e Glicose, com incidências em 8%,
      11% e

      17%dasobservações,respectivamente.'
    chunk_ids:
    - art-002-b0029-c000
    required_group: q-002-m01-g1
  question_type: multi_evidence
  modality: mixed
  review_status: draft
  notes: 'Pré-anotação A02-M01. Análise automática: READY_FOR_HUMAN_REVIEW. A Tabela
    2 extraída tem colunas colapsadas; a prosa transcreve inequivocamente as três
    variáveis e incidências. Um grupo corresponde à única comparação pedida, não a
    três grupos artificiais por número. Candidato produzido por IA; aguarda revisão
    humana.'
qrels:
- question_id: q-002-m01
  chunk_id: art-002-b0029-c000
  relevance: 1
evidence_groups:
- group_id: q-002-m01-g1
  question_id: q-002-m01
  required: true
  description: 'Variáveis de menor incidência: pH 8%, GCS 11%, glicose 17%.'
  chunk_ids:
  - art-002-b0029-c000
chunks:
- chunk_id: art-002-b0029-c000
  doc_id: art-002
  block_id: art-002-b0029
  page: 9
  section: 3.4.2. AgregaçãodosDadosporHoraeTratamentodeDadosAusentes
  modality: text
  text: 'esparsas. A Tabela 2 apresenta a quantidade de observações com dados não
    nulos por

    variável. Conforme pode-se observar, existem poucas medições das variáveis Potencial

    Hidrogeniônico, Escala de Coma de Glasgow e Glicose, com incidências em 8%, 11%
    e

    17%dasobservações,respectivamente.

    Os modelos de Aprendizado de Máquina aplicados a séries temporais têm uma

    performancedeclassificaçãomelhorquandorecebemcomoentradadadoscomrepresen-

    tações de tempo discretizadas [Facelietal. 2021]. Dessa forma, com o objetivo
    de obter

    umarepresentaçãomaisdensadosdadosfisiológicosdeformaaoportunizarumamelhor

    inferência pelos algoritmos, as observações de cada série temporal foram agregadas
    em

    intervalosdehoraemhoraatravésdocálculodamediana.

    Como estratégia para evitar a geração de viés no modelo, os dados ausentes não

    foram substituídos por valores estimados. A abordagem utilizada foi incluir apenas

    pacientes com um alto percentual de informações completas, sendo então selecionados

    pacientes onde todas as variáveis foram registradas pelo menos uma vez em três
    horários

    diferentes dentro da janela de tempo de medição. Esta imposição resultou em um
    con-

    juntodedadoscom6.184pacientesnajaneladetempode48he4.979pacientesnajanela

    de24h.'
  token_count_ref: 178
  char_count: 1226
  source_block_hash: c10e30f1afed89fef6160bb71cb5a771c7d070d8ff968a90e9295293202a239a

Registrado: q-002-m01 = approved; revisão: D:\rag-ptbr-retrieval-pilot\data\annotations\reviews\review-a937a2ac69f34e1e9122c9d34c07f02a.yaml
question:
  question_id: q-002-m02
  text: Com base na Tabela 3 e na discussão da Seção 4, qual método lidera em F1 e
    AUC após 48 horas e quais são os valores?
  expected_answer: GBC, com F1 de 0,53 e AUC de 0,85
  origin_doc_id: art-002
  evidence:
  - evidence_id: q-002-m02-e1
    doc_id: art-002
    page: 10
    section: 4. Análise de Performance
    quote: 'Já na janela de tempo de 48 horas, o método GBC teve uma performance ligei-

      ramente superior em ambos indicadores F1 score e AUC, com valores de 0,53 e
      0,85,

      respectivamente. As curvas ROC dos modelos nesta janela de tempo estão apresentadas'
    chunk_ids:
    - art-002-b0034-c000
    required_group: q-002-m02-g1
  question_type: multi_evidence
  modality: mixed
  review_status: draft
  notes: 'Pré-anotação A02-M02. Análise automática: READY_FOR_HUMAN_REVIEW. Tabela
    3 perdeu rótulos/valores de 48h na extração; discussão textual preserva integralmente
    método, janela e métricas. Não se atribui relevância ao chunk da tabela mutilada.
    Candidato produzido por IA; aguarda revisão humana.'
qrels:
- question_id: q-002-m02
  chunk_id: art-002-b0034-c000
  relevance: 1
evidence_groups:
- group_id: q-002-m02-g1
  question_id: q-002-m02
  required: true
  description: GBC lidera em 48 horas com F1 0,53 e AUC 0,85.
  chunk_ids:
  - art-002-b0034-c000
chunks:
- chunk_id: art-002-b0034-c000
  doc_id: art-002
  block_id: art-002-b0034
  page: 10
  section: 4. Análise de Performance da Abordagem Proposta
  modality: text
  text: 'Na janela de tempo de 24 horas, o método MLP teve melhor performance con-

    siderando simultaneamente os indicadores F1 score e AUC, com valores de 0,51 e
    0,83,

    respectivamente. O algoritmo GBC teve performance similar, mas com o valor de
    F1

    score um pouco inferior. Considerando a Figura 2(a), que apresenta as curvas ROC
    dos

    modelos de 24 horas, pode-se observar que apesar dos métodos MLP, LR, RF, GBC
    e

    Adaboost apresentarem valores semelhantes em relação a métrica AUC, eles se compor-

    tam de maneira diferente dependendo do limiar de decisão a ser escolhido. Portanto
    a

    escolhadoclassificadormaisadequadodependerádopontodeequilíbriodesejadoparaa

    especificidadeesensibilidade.

    Já na janela de tempo de 48 horas, o método GBC teve uma performance ligei-

    ramente superior em ambos indicadores F1 score e AUC, com valores de 0,53 e 0,85,

    respectivamente. As curvas ROC dos modelos nesta janela de tempo estão apresentadas

    na Figura 2(b), onde também é possível constatar que apesar de vários dos algoritmos'
  token_count_ref: 192
  char_count: 1006
  source_block_hash: edc83d029195f8579018f5d543a45e282781ed8ccd9d436656aa5d4ddb014447

Registrado: q-002-m02 = approved; revisão: D:\rag-ptbr-retrieval-pilot\data\annotations\reviews\review-26e9dd22770b4f658eb67c43c0efdd10.yaml
question:
  question_id: q-002-m03
  text: 'Relacione a Figura 2 à Tabela 3: por que modelos com AUC semelhante ainda
    podem levar a escolhas diferentes de classificador?'
  expected_answer: Porque as curvas ROC mostram comportamentos distintos conforme
    o limiar de decisão; a escolha depende do equilíbrio desejado entre especificidade
    e sensibilidade
  origin_doc_id: art-002
  evidence:
  - evidence_id: q-002-m03-e1
    doc_id: art-002
    page: 10
    section: 4. Análise de Performance
    quote: 'score um pouco inferior. Considerando a Figura 2(a), que apresenta as
      curvas ROC dos

      modelos de 24 horas, pode-se observar que apesar dos métodos MLP, LR, RF, GBC
      e

      Adaboost apresentarem valores semelhantes em relação a métrica AUC, eles se
      compor-

      tam de maneira diferente dependendo do limiar de decisão a ser escolhido. Portanto
      a

      escolhadoclassificadormaisadequadodependerádopontodeequilíbriodesejadoparaa

      especificidadeesensibilidade.'
    chunk_ids:
    - art-002-b0034-c000
    required_group: q-002-m03-g1
  - evidence_id: q-002-m03-e2
    doc_id: art-002
    page: 10
    section: 4. Análise de Performance
    quote: 'A AUC é uma grandeza escalar entre 0 e 1 que representa a área abaixo
      da curva ROC e

      mede a qualidade das previsões do modelo independentemente do ponto de operação
      do

      classificador[Bradley1997].'
    chunk_ids:
    - art-002-b0033-c000
    required_group: q-002-m03-g2
  question_type: multi_evidence
  modality: mixed
  review_status: draft
  notes: 'Pré-anotação A02-M03. Análise automática: READY_FOR_HUMAN_REVIEW. A discussão
    da Figura 2(a) explica explicitamente o fenômeno pedido; não se afirma um limiar
    numérico ou curva que dependa de leitura visual. Candidato produzido por IA; aguarda
    revisão humana.'
qrels:
- question_id: q-002-m03
  chunk_id: art-002-b0033-c000
  relevance: 1
- question_id: q-002-m03
  chunk_id: art-002-b0034-c000
  relevance: 1
evidence_groups:
- group_id: q-002-m03-g1
  question_id: q-002-m03
  required: true
  description: AUCs semelhantes podem acompanhar diferentes sensibilidades/especificidades
    conforme limiar.
  chunk_ids:
  - art-002-b0034-c000
- group_id: q-002-m03-g2
  question_id: q-002-m03
  required: true
  description: AUC resume a área da ROC independentemente do ponto de operação.
  chunk_ids:
  - art-002-b0033-c000
chunks:
- chunk_id: art-002-b0033-c000
  doc_id: art-002
  block_id: art-002-b0033
  page: 10
  section: 4. Análise de Performance da Abordagem Proposta
  modality: text
  text: 'Conforme apresentado na Tabela 3, foram empregados os indicadores sensibilidade,
    es-

    pecificidade, F1 score e AUC para comparar diferentes métodos para previsão de
    mor-

    talidade, considerando janelas de tempo com 24 e 48 horas de aquisição de dados.
    O

    realcenacorazulnascolunasF1scoreeAUCdestacaométodocomaspontuaçõesmais

    elevadasemcadaumadasmétricas.

    Asensibilidade,tambémchamadadeTaxadeVerdadeirosPositivos(TPR),indica

    a capacidade do método de classificação em prever corretamente os pacientes que
    mor-

    reram (classe positiva). A especificidade indica a capacidade do método de classificação

    em prever corretamente os pacientes que sobreviveram (classe negativa). F1 score
    é uma

    média harmônica calculada com base na precisão e na sensibilidade [Facelietal.
    2021].

    A AUC é uma grandeza escalar entre 0 e 1 que representa a área abaixo da curva
    ROC e

    mede a qualidade das previsões do modelo independentemente do ponto de operação
    do

    classificador[Bradley1997].

    Tabela3. PerformancesdeClassificaçãoUsandoDiferentesMétodosdeModela-

    gemeJanelasdeTempoparaAquisiçãodeDados'
  token_count_ref: 160
  char_count: 1071
  source_block_hash: df4aa54b80eab77f9387b1f31304af94321f5bf0977d27f838529f0ad464bb4c
- chunk_id: art-002-b0034-c000
  doc_id: art-002
  block_id: art-002-b0034
  page: 10
  section: 4. Análise de Performance da Abordagem Proposta
  modality: text
  text: 'Na janela de tempo de 24 horas, o método MLP teve melhor performance con-

    siderando simultaneamente os indicadores F1 score e AUC, com valores de 0,51 e
    0,83,

    respectivamente. O algoritmo GBC teve performance similar, mas com o valor de
    F1

    score um pouco inferior. Considerando a Figura 2(a), que apresenta as curvas ROC
    dos

    modelos de 24 horas, pode-se observar que apesar dos métodos MLP, LR, RF, GBC
    e

    Adaboost apresentarem valores semelhantes em relação a métrica AUC, eles se compor-

    tam de maneira diferente dependendo do limiar de decisão a ser escolhido. Portanto
    a

    escolhadoclassificadormaisadequadodependerádopontodeequilíbriodesejadoparaa

    especificidadeesensibilidade.

    Já na janela de tempo de 48 horas, o método GBC teve uma performance ligei-

    ramente superior em ambos indicadores F1 score e AUC, com valores de 0,53 e 0,85,

    respectivamente. As curvas ROC dos modelos nesta janela de tempo estão apresentadas

    na Figura 2(b), onde também é possível constatar que apesar de vários dos algoritmos'
  token_count_ref: 192
  char_count: 1006
  source_block_hash: edc83d029195f8579018f5d543a45e282781ed8ccd9d436656aa5d4ddb014447

Registrado: q-002-m03 = approved; revisão: D:\rag-ptbr-retrieval-pilot\data\annotations\reviews\review-1dfb34cb1274460ca9f0b571616a85f3.yaml
question:
  question_id: q-002-m04
  text: Comparando a linha da abordagem proposta na Tabela 1 com a descrição da Seção
    4, quais recursos tornam o GBC mais simples de implementar do que alguns trabalhos
    com AUC maior?
  expected_answer: Usa 12 variáveis, com sete sinais vitais geralmente registrados
    automaticamente, dois dados demográficos, dois exames e GCS total; trabalhos com
    AUC maior usam 17 variáveis, mais exames ou componentes individuais de GCS
  origin_doc_id: art-002
  evidence:
  - evidence_id: q-002-m04-e1
    doc_id: art-002
    page: 11
    section: 4. Análise de Performance
    quote: 'O modelo é baseado em 12 variáveis preditoras de entrada, sendo 7 sinais
      vitais (DBP,

      SBP,MAP,BT,RR,HR,SpO2),2dadosdemográficos(sexoeidade),2resultadosdela-

      boratório(glicoseepH)eumsistemadepontuação(GCS).Estessinaisvitaisusualmente

      sãoregistradosautomaticamentepormonitoresmultiparamétricosemambientesdeUTIs,

      simplificandoassimacoletadestesdadosfisiológicos.'
    chunk_ids:
    - art-002-b0036-c000
    required_group: q-002-m04-g1
  - evidence_id: q-002-m04-e2
    doc_id: art-002
    page: 11
    section: 4. Análise de Performance
    quote: 'A performance AUC de 0,85 alcançada é superior ao trabalho de

      [Alghatanietal. 2021], que obteve AUC de 0,78. Por sua vez, os trabalhos

      [Purushothamandatal. 2018] (AUC de 0,87), [Pirracchioandatal. 2015] (AUC

      de 0,88) e [Harutyunyanetal. 2019] (AUC de 0,87) apresentam melhor performance,

      entretanto exigem ao total 17 variáveis preditoras, dependem de até 6 exames
      laborato-

      riais ou requerem os valores individuais dos 4 critérios da escala de Glasgow,
      da qual

      muitas vezes é registrado somente o valor total. Estes aspectos podem dificultar
      sua'
    chunk_ids:
    - art-002-b0036-c000
    required_group: q-002-m04-g2
  question_type: multi_evidence
  modality: mixed
  review_status: draft
  notes: 'Pré-anotação A02-M04. Análise automática: READY_FOR_HUMAN_REVIEW. A discussão
    explicita os valores da comparação da Tabela 1, mantendo os cabeçalhos semânticos
    que faltam em partes da tabela extraída. Candidato produzido por IA; aguarda revisão
    humana.'
qrels:
- question_id: q-002-m04
  chunk_id: art-002-b0036-c000
  relevance: 1
evidence_groups:
- group_id: q-002-m04-g1
  question_id: q-002-m04
  required: true
  description: 'Proposta usa 12 variáveis: 7 sinais vitais, 2 dados demográficos,
    2 exames e GCS; sinais coletados automaticamente.'
  chunk_ids:
  - art-002-b0036-c000
- group_id: q-002-m04-g2
  question_id: q-002-m04
  required: true
  description: Comparadores com AUC maior requerem 17 variáveis, até 6 exames ou componentes
    de GCS.
  chunk_ids:
  - art-002-b0036-c000
chunks:
- chunk_id: art-002-b0036-c000
  doc_id: art-002
  block_id: art-002-b0036
  page: 11
  section: 4. Análise de Performance da Abordagem Proposta
  modality: text
  text: '(a) JaneladeTempode24h (b) JaneladeTempode48h

    Figura2. CurvasROCdosMétodosdePrediçãoUtilizadosporJaneladeMedição

    (Fonte: osautores)

    apresentarem desempenhos semelhantes, a escolha depende do balanço pretendido
    entre

    especificidadeesensibilidade.

    A comparação do desempenho da abordagem proposta com outros trabalhos da

    literatura será feita tendo como base a Tabela 1. A métrica AUC foi empregada
    para essa

    comparação por ser apontada pela literatura como a mais relevante para medição
    de de-

    sempenho quando da predição de mortalidade hospitalar [Muralitharanandatal. 2021].

    Como referência será utilizado o resultado obtido pelo método GBC, desenvolvido
    pelo

    presentetrabalho,oqualalcançouamelhorperformancedeclassificação(AUCde0,85).

    O modelo é baseado em 12 variáveis preditoras de entrada, sendo 7 sinais vitais
    (DBP,

    SBP,MAP,BT,RR,HR,SpO2),2dadosdemográficos(sexoeidade),2resultadosdela-

    boratório(glicoseepH)eumsistemadepontuação(GCS).Estessinaisvitaisusualmente

    sãoregistradosautomaticamentepormonitoresmultiparamétricosemambientesdeUTIs,

    simplificandoassimacoletadestesdadosfisiológicos.

    A performance AUC de 0,85 alcançada é superior ao trabalho de

    [Alghatanietal. 2021], que obteve AUC de 0,78. Por sua vez, os trabalhos

    [Purushothamandatal. 2018] (AUC de 0,87), [Pirracchioandatal. 2015] (AUC

    de 0,88) e [Harutyunyanetal. 2019] (AUC de 0,87) apresentam melhor performance,

    entretanto exigem ao total 17 variáveis preditoras, dependem de até 6 exames laborato-

    riais ou requerem os valores individuais dos 4 critérios da escala de Glasgow,
    da qual

    muitas vezes é registrado somente o valor total. Estes aspectos podem dificultar
    sua

    implementação,poisosprofissionaisdesaúdeteriamdeatualizá-losduranteainternação

    dopacienteeviaderegraestesvaloresnãosãomedidosregularmente.

    Apesardaabordagem'
  token_count_ref: 287
  char_count: 1800
  source_block_hash: ce962abd98b75c504478c1820529ec26fce93524be082abea3a24c13bf9977f1

Registrado: q-002-m04 = approved; revisão: D:\rag-ptbr-retrieval-pilot\data\annotations\reviews\review-b47eab3122b64c5dbf47335a489f2bb9.yaml
question:
  question_id: q-002-m05
  text: Considerando a Figura 1 e as Seções 3.4 a 3.7, quais etapas de preparação
    ocorrem antes da comparação dos classificadores?
  expected_answer: Limpeza de dados, agregação horária e tratamento de ausentes, construção
    de recursos, balanceamento de classes e normalização
  origin_doc_id: art-002
  evidence:
  - evidence_id: q-002-m05-e1
    doc_id: art-002
    page: 8
    section: 3.4.1. Limpeza de Dados
    quote: 'Os dados extraídos do MIMIC-III possuem valores errôneos devido a ruídos,
      registros

      incorretos, erros tipográficos e imputação de informações ou unidades inconsistentes

      [Purushothamandatal. 2018]. Paratratardessesvaloresdiscrepantespresentesnobanco

      de dados foram utilizadas as especificações constantes no repositório de código-fonte
      de

      [Harutyunyanetal. 2019], as quais foram definidas por especialistas clínicos
      com base

      emseuconhecimentodeintervalosdemedidasválidas.

      No modelo proposto, cada variável numérica está associada a limites superior
      e

      inferior para detectar valores inutilizáveis (outliers). O valor observado será
      excluído se

      estiver fora desses limites. Ao aplicar essas regras para gerar a coorte do
      modelo foram

      removidas7.471observações(0,51%)classificadascomovaloresatípicosextremos.'
    chunk_ids:
    - art-002-b0026-c000
    required_group: q-002-m05-g1
  - evidence_id: q-002-m05-e2
    doc_id: art-002
    page: 9
    section: 3.4.2. Agregação dos Dados por Hora e Tratamento de Dados Ausentes
    quote: 'Os modelos de Aprendizado de Máquina aplicados a séries temporais têm
      uma

      performancedeclassificaçãomelhorquandorecebemcomoentradadadoscomrepresen-

      tações de tempo discretizadas [Facelietal. 2021]. Dessa forma, com o objetivo
      de obter

      umarepresentaçãomaisdensadosdadosfisiológicosdeformaaoportunizarumamelhor

      inferência pelos algoritmos, as observações de cada série temporal foram agregadas
      em

      intervalosdehoraemhoraatravésdocálculodamediana.

      Como estratégia para evitar a geração de viés no modelo, os dados ausentes não

      foram substituídos por valores estimados. A abordagem utilizada foi incluir
      apenas

      pacientes com um alto percentual de informações completas, sendo então selecionados

      pacientes onde todas as variáveis foram registradas pelo menos uma vez em três
      horários

      diferentes dentro da janela de tempo de medição. Esta imposição resultou em
      um con-

      juntodedadoscom6.184pacientesnajaneladetempode48he4.979pacientesnajanela

      de24h.'
    chunk_ids:
    - art-002-b0029-c000
    required_group: q-002-m05-g2
  - evidence_id: q-002-m05-e3
    doc_id: art-002
    page: 9
    section: 3.5. Construção de Recursos
    quote: 'A construção de recursos aborda o problema de encontrar a transformação
      de variáveis

      quepossuamamaiorquantidadedeinformaçõesúteis. Comoassériestemporaispresen-

      tesnobancodedadosutilizadonessetrabalhocontémumgrandenúmerodeinformações

      ausentes,omodelopropostocalculaosdadosestatísticosresumidos(valormínimo,valor

      máximo, desvio padrão, variância, média e mediana) de cada uma das variáveis
      dentro

      da janela de tempo estipulada (24 ou 48 horas). Esta estratégia reduz a complexidade
      do

      modelo,poisutilizainformaçõesmaisrelevantescomoentradaparaatarefadeprevisão.'
    chunk_ids:
    - art-002-b0030-c000
    required_group: q-002-m05-g3
  - evidence_id: q-002-m05-e4
    doc_id: art-002
    page: 9
    section: 3.6. Balanceamento das Classes
    quote: 'Nestetrabalhoforamexperimentadastrêsdiferentesestratégiasdebalanceamento

      entre as classes: (i) random oversampling: sobreamostragem aleatória da classe
      minori-

      tária (método escolhido); (ii) random downsampling: seleciona e remove aleatoriamente

      amostras da classe majoritária; e, (iii) SMOTE (Synthetic Minority Oversampling
      Techni-

      que): geraçãodeexemplossintéticosdetreinamentodaclasseminoritária.'
    chunk_ids:
    - art-002-b0031-c000
    required_group: q-002-m05-g4
  - evidence_id: q-002-m05-e5
    doc_id: art-002
    page: 10
    section: 3.7. Normalização
    quote: 'Muitos métodos de Aprendizado de Máquina exigem que as variáveis selecionadas
      este-

      jamnamesmaescalaparaumdesempenhoideal[Facelietal. 2021]. Ométodochamado

      “min-max”foiescolhido,atravésdoqualosvaloresforamtransformadosparaumaescala

      mínimo-zeroemáximo-um.'
    chunk_ids:
    - art-002-b0032-c000
    required_group: q-002-m05-g5
  question_type: multi_evidence
  modality: mixed
  review_status: draft
  notes: 'Pré-anotação A02-M05. Análise automática: READY_FOR_HUMAN_REVIEW. Cada etapa
    necessária tem grupo próprio. A sequência está explicitada nas subseções; não
    se inventaram setas ou detalhes visuais da Figura 1. Candidato produzido por IA;
    aguarda revisão humana.'
qrels:
- question_id: q-002-m05
  chunk_id: art-002-b0026-c000
  relevance: 1
- question_id: q-002-m05
  chunk_id: art-002-b0029-c000
  relevance: 1
- question_id: q-002-m05
  chunk_id: art-002-b0030-c000
  relevance: 1
- question_id: q-002-m05
  chunk_id: art-002-b0031-c000
  relevance: 1
- question_id: q-002-m05
  chunk_id: art-002-b0032-c000
  relevance: 1
evidence_groups:
- group_id: q-002-m05-g1
  question_id: q-002-m05
  required: true
  description: Limpeza de valores discrepantes.
  chunk_ids:
  - art-002-b0026-c000
- group_id: q-002-m05-g2
  question_id: q-002-m05
  required: true
  description: Agregação horária pela mediana e seleção por completude sem imputação.
  chunk_ids:
  - art-002-b0029-c000
- group_id: q-002-m05-g3
  question_id: q-002-m05
  required: true
  description: Construção de estatísticas resumidas.
  chunk_ids:
  - art-002-b0030-c000
- group_id: q-002-m05-g4
  question_id: q-002-m05
  required: true
  description: Balanceamento por random oversampling.
  chunk_ids:
  - art-002-b0031-c000
- group_id: q-002-m05-g5
  question_id: q-002-m05
  required: true
  description: Normalização min-max.
  chunk_ids:
  - art-002-b0032-c000
chunks:
- chunk_id: art-002-b0026-c000
  doc_id: art-002
  block_id: art-002-b0026
  page: 8
  section: 3.4.1. LimpezadeDados
  modality: text
  text: 'Os dados extraídos do MIMIC-III possuem valores errôneos devido a ruídos,
    registros

    incorretos, erros tipográficos e imputação de informações ou unidades inconsistentes

    [Purushothamandatal. 2018]. Paratratardessesvaloresdiscrepantespresentesnobanco

    de dados foram utilizadas as especificações constantes no repositório de código-fonte
    de

    [Harutyunyanetal. 2019], as quais foram definidas por especialistas clínicos com
    base

    emseuconhecimentodeintervalosdemedidasválidas.

    No modelo proposto, cada variável numérica está associada a limites superior e

    inferior para detectar valores inutilizáveis (outliers). O valor observado será
    excluído se

    estiver fora desses limites. Ao aplicar essas regras para gerar a coorte do modelo
    foram

    removidas7.471observações(0,51%)classificadascomovaloresatípicosextremos.'
  token_count_ref: 119
  char_count: 804
  source_block_hash: f99bd3f6349ba50ad0ffaa1f7e7852ae958e49423b0670517efbb975492951be
- chunk_id: art-002-b0029-c000
  doc_id: art-002
  block_id: art-002-b0029
  page: 9
  section: 3.4.2. AgregaçãodosDadosporHoraeTratamentodeDadosAusentes
  modality: text
  text: 'esparsas. A Tabela 2 apresenta a quantidade de observações com dados não
    nulos por

    variável. Conforme pode-se observar, existem poucas medições das variáveis Potencial

    Hidrogeniônico, Escala de Coma de Glasgow e Glicose, com incidências em 8%, 11%
    e

    17%dasobservações,respectivamente.

    Os modelos de Aprendizado de Máquina aplicados a séries temporais têm uma

    performancedeclassificaçãomelhorquandorecebemcomoentradadadoscomrepresen-

    tações de tempo discretizadas [Facelietal. 2021]. Dessa forma, com o objetivo
    de obter

    umarepresentaçãomaisdensadosdadosfisiológicosdeformaaoportunizarumamelhor

    inferência pelos algoritmos, as observações de cada série temporal foram agregadas
    em

    intervalosdehoraemhoraatravésdocálculodamediana.

    Como estratégia para evitar a geração de viés no modelo, os dados ausentes não

    foram substituídos por valores estimados. A abordagem utilizada foi incluir apenas

    pacientes com um alto percentual de informações completas, sendo então selecionados

    pacientes onde todas as variáveis foram registradas pelo menos uma vez em três
    horários

    diferentes dentro da janela de tempo de medição. Esta imposição resultou em um
    con-

    juntodedadoscom6.184pacientesnajaneladetempode48he4.979pacientesnajanela

    de24h.'
  token_count_ref: 178
  char_count: 1226
  source_block_hash: c10e30f1afed89fef6160bb71cb5a771c7d070d8ff968a90e9295293202a239a
- chunk_id: art-002-b0030-c000
  doc_id: art-002
  block_id: art-002-b0030
  page: 9
  section: 3.5. ConstruçãodeRecursos
  modality: text
  text: 'A construção de recursos aborda o problema de encontrar a transformação de
    variáveis

    quepossuamamaiorquantidadedeinformaçõesúteis. Comoassériestemporaispresen-

    tesnobancodedadosutilizadonessetrabalhocontémumgrandenúmerodeinformações

    ausentes,omodelopropostocalculaosdadosestatísticosresumidos(valormínimo,valor

    máximo, desvio padrão, variância, média e mediana) de cada uma das variáveis dentro

    da janela de tempo estipulada (24 ou 48 horas). Esta estratégia reduz a complexidade
    do

    modelo,poisutilizainformaçõesmaisrelevantescomoentradaparaatarefadeprevisão.

    A identificação dos valores mínimo e máximo de cada série tem como objetivo

    mostrar os eventos extremos durante a internação. O desvio padrão e variância
    foram

    utilizadosparaquantificaravariabilidadedoseventos. Amédiaeamedianaforamcalcu-

    ladasparafornecerumarepresentaçãoprecisadoeventomédioparacadavariável,sendo

    queousodeambasajudaareduziroriscodedistorçãodoresultadooriginadoporalguma

    distribuiçãoatípicadosdados.'
  token_count_ref: 101
  char_count: 976
  source_block_hash: b56e2d1b1b22072aa669b245f478e5d7e6611cb9b769bbe80153c89bc5fc3261
- chunk_id: art-002-b0031-c000
  doc_id: art-002
  block_id: art-002-b0031
  page: 9
  section: 3.6. BalanceamentodasClasses
  modality: text
  text: 'Conforme apresentado na Seção 3.2, o banco de dados utilizado no desenvolvimento

    desse modelo possui uma incidência de mortalidade de 13,57%, de forma que há uma

    distribuição desigual entre as classes. A modelagem preditiva com classes desequilibra-

    das representa um desafio para o Aprendizado de Máquina, pois a maioria dos métodos

    usadosparaclassificaçãoforamprojetadoscombasenasuposiçãodeumnúmeroigualde

    exemplosparacadaclasse[Bhattacharyaandetal. 2017].

    Nestetrabalhoforamexperimentadastrêsdiferentesestratégiasdebalanceamento

    entre as classes: (i) random oversampling: sobreamostragem aleatória da classe
    minori-

    tária (método escolhido); (ii) random downsampling: seleciona e remove aleatoriamente

    amostras da classe majoritária; e, (iii) SMOTE (Synthetic Minority Oversampling
    Techni-

    que): geraçãodeexemplossintéticosdetreinamentodaclasseminoritária.'
  token_count_ref: 124
  char_count: 859
  source_block_hash: 7191e5afc2591d9ab727e4df25dc17e8394c1f1318d30744c99e8581ecbb1215
- chunk_id: art-002-b0032-c000
  doc_id: art-002
  block_id: art-002-b0032
  page: 10
  section: 3.7. Normalização
  modality: text
  text: 'Muitos métodos de Aprendizado de Máquina exigem que as variáveis selecionadas
    este-

    jamnamesmaescalaparaumdesempenhoideal[Facelietal. 2021]. Ométodochamado

    “min-max”foiescolhido,atravésdoqualosvaloresforamtransformadosparaumaescala

    mínimo-zeroemáximo-um.'
  token_count_ref: 35
  char_count: 254
  source_block_hash: baf1a56e35c1922a6f1a7c1ffbbaf55981ca23959b5d69e3c65844bfa8331412

Registrado: q-002-m05 = approved; revisão: D:\rag-ptbr-retrieval-pilot\data\annotations\reviews\review-62e54ed9dd3b4fedbabe92eb1374dea2.yaml
question:
  question_id: q-003-t01
  text: Qual fungo causa a ferrugem asiática abordada pelo artigo?
  expected_answer: Phakopsora pachyrhizi
  origin_doc_id: art-003
  evidence:
  - evidence_id: q-003-t01-e1
    doc_id: art-003
    page: 1
    section: Resumo
    quote: 'Resumo. A ferrugem asia´tica e´ uma doenc¸a causada pelo fungo Phakopsora

      pachyrhizi; tendo a soja como um de seus hospedeiros, e seu aparecimento de-'
    chunk_ids:
    - art-003-b0000-c000
    required_group: null
  question_type: factual
  modality: text
  review_status: draft
  notes: 'Pré-anotação A03-T01. Análise automática: READY_FOR_HUMAN_REVIEW. Trecho
    literal, página e suporte nos chunks conferidos automaticamente após seleção semântica
    por IA. Candidato produzido por IA; aguarda revisão humana.'
qrels:
- question_id: q-003-t01
  chunk_id: art-003-b0000-c000
  relevance: 1
evidence_groups: []
chunks:
- chunk_id: art-003-b0000-c000
  doc_id: art-003
  block_id: art-003-b0000
  page: 1
  section: null
  modality: text
  text: 'Utilizando Aprendizado de Ma´quina Explica´vel para

    Previsa˜o de Severidade de Ferrugem Asia´tica da Soja

    ChristoferDaniel1,GuilhermeMaturana1,EduardoH.MPena1

    1DepartamentodeComputac¸a˜o–UniversidadeTecnolo´gicaFederaldoParana´ (UTFPR)

    CampoMoura˜o,PR–Brazil

    {christofer0888, guilhermear.maturana}@gmail.com, eduardopena@utfpr.edu.br

    Abstract. Asian rust is a disease caused by the fungus Phakopsora pachyrhizi;

    it has the soybean as one of its hosts, and its appearance depends on multiple

    enviromental variables. This paper proposes using state-of-the-art machine-

    learning models for predicting the severity of Asian rust on soybean crops. We

    combine geological and meteorological data with datasets on soybean crops to

    obtain a dataset that enables better exploring the capabilities of the models.
    In

    particular, we focus on explainable models. The extended dataset, in combina-

    tionwiththemodels,enabledachievingagoodaccuracyforpredictionofAsian

    rustseverityforseveralcropsinseveralBraziliancities.

    Resumo. A ferrugem asia´tica e´ uma doenc¸a causada pelo fungo Phakopsora

    pachyrhizi; tendo a soja como um de seus hospedeiros, e seu aparecimento de-

    pendente de mu´ltiplas varia´veis do ambiente. Este trabalho propo˜e o uso de

    modelos de aprendizado de ma´quina estado-da-arte para prever a severidade

    da ferrugem asia´tica em lavouras de soja. Combinamos dados geolo´gicos e

    meteorolo´gicos com bases de dados sobre culturas de soja para obter um con-

    junto de dados que permita explorar melhor as capacidades dos modelos. Em

    particular,nosconcentramosemmodelosexplica´veis. Oconjuntodedados,em

    combinac¸a˜o com os modelos, permitiu atingir boa acura´cia para previsa˜o da

    severidadedaferrugemparava´riasplantac¸'
  token_count_ref: 319
  char_count: 1719
  source_block_hash: c53939461ac3bcf77f1fba37ff301deef7b4c13afdc4932a2bf704c1ae309968

Registrado: q-003-t01 = approved; revisão: D:\rag-ptbr-retrieval-pilot\data\annotations\reviews\review-01313399619541bd814b273c33e5d9be.yaml
question:
  question_id: q-003-t02
  text: Qual variável-alvo os modelos procuram prever?
  expected_answer: A severidade da ferrugem asiática em lavouras de soja
  origin_doc_id: art-003
  evidence:
  - evidence_id: q-003-t02-e1
    doc_id: art-003
    page: 1
    section: Resumo
    quote: 'pendente de mu´ltiplas varia´veis do ambiente. Este trabalho propo˜e o
      uso de

      modelos de aprendizado de ma´quina estado-da-arte para prever a severidade

      da ferrugem asia´tica em lavouras de soja. Combinamos dados geolo´gicos e'
    chunk_ids:
    - art-003-b0000-c000
    required_group: null
  question_type: factual
  modality: text
  review_status: draft
  notes: 'Pré-anotação A03-T02. Análise automática: READY_FOR_HUMAN_REVIEW. Trecho
    literal, página e suporte nos chunks conferidos automaticamente após seleção semântica
    por IA. Candidato produzido por IA; aguarda revisão humana.'
qrels:
- question_id: q-003-t02
  chunk_id: art-003-b0000-c000
  relevance: 1
evidence_groups: []
chunks:
- chunk_id: art-003-b0000-c000
  doc_id: art-003
  block_id: art-003-b0000
  page: 1
  section: null
  modality: text
  text: 'Utilizando Aprendizado de Ma´quina Explica´vel para

    Previsa˜o de Severidade de Ferrugem Asia´tica da Soja

    ChristoferDaniel1,GuilhermeMaturana1,EduardoH.MPena1

    1DepartamentodeComputac¸a˜o–UniversidadeTecnolo´gicaFederaldoParana´ (UTFPR)

    CampoMoura˜o,PR–Brazil

    {christofer0888, guilhermear.maturana}@gmail.com, eduardopena@utfpr.edu.br

    Abstract. Asian rust is a disease caused by the fungus Phakopsora pachyrhizi;

    it has the soybean as one of its hosts, and its appearance depends on multiple

    enviromental variables. This paper proposes using state-of-the-art machine-

    learning models for predicting the severity of Asian rust on soybean crops. We

    combine geological and meteorological data with datasets on soybean crops to

    obtain a dataset that enables better exploring the capabilities of the models.
    In

    particular, we focus on explainable models. The extended dataset, in combina-

    tionwiththemodels,enabledachievingagoodaccuracyforpredictionofAsian

    rustseverityforseveralcropsinseveralBraziliancities.

    Resumo. A ferrugem asia´tica e´ uma doenc¸a causada pelo fungo Phakopsora

    pachyrhizi; tendo a soja como um de seus hospedeiros, e seu aparecimento de-

    pendente de mu´ltiplas varia´veis do ambiente. Este trabalho propo˜e o uso de

    modelos de aprendizado de ma´quina estado-da-arte para prever a severidade

    da ferrugem asia´tica em lavouras de soja. Combinamos dados geolo´gicos e

    meteorolo´gicos com bases de dados sobre culturas de soja para obter um con-

    junto de dados que permita explorar melhor as capacidades dos modelos. Em

    particular,nosconcentramosemmodelosexplica´veis. Oconjuntodedados,em

    combinac¸a˜o com os modelos, permitiu atingir boa acura´cia para previsa˜o da

    severidadedaferrugemparava´riasplantac¸'
  token_count_ref: 319
  char_count: 1719
  source_block_hash: c53939461ac3bcf77f1fba37ff301deef7b4c13afdc4932a2bf704c1ae309968

Registrado: q-003-t02 = approved; revisão: D:\rag-ptbr-retrieval-pilot\data\annotations\reviews\review-bd2a4a76f62b4f3f9a59ab314432d39f.yaml
question:
  question_id: q-003-t03
  text: Como a severidade é quantificada no conjunto de dados principal?
  expected_answer: Como média percentual da área afetada nas folhas remanescentes,
    com 100% para copas completamente desfolhadas
  origin_doc_id: art-003
  evidence:
  - evidence_id: q-003-t03-e1
    doc_id: art-003
    page: 3
    section: 3.1. Coleta de Dados
    quote: 'Noestudo,aseveridadee´ quantificadacomoumame´diapercentualparaolotede

      cultivo,levandoemconsiderac¸a˜oaporcentagemdaa´reaafetadapelaferrugemnasfolhas

      remanescentesdasplantas,sendoatribu´ıdoovalorde100%emcasosdecopascompleta-

      mente desfolhadas [Barroandet. al. 2021]. Adicionalmente, sa˜o fornecidas informac¸o˜es'
    chunk_ids:
    - art-003-b0006-c000
    required_group: null
  question_type: factual
  modality: text
  review_status: draft
  notes: 'Pré-anotação A03-T03. Análise automática: READY_FOR_HUMAN_REVIEW. Trecho
    literal, página e suporte nos chunks conferidos automaticamente após seleção semântica
    por IA. Candidato produzido por IA; aguarda revisão humana.'
qrels:
- question_id: q-003-t03
  chunk_id: art-003-b0006-c000
  relevance: 1
evidence_groups: []
chunks:
- chunk_id: art-003-b0006-c000
  doc_id: art-003
  block_id: art-003-b0006
  page: 3
  section: 3.1. ColetadeDados
  modality: text
  text: 'Os dados de plantac¸o˜es utilizados para determinar a severidade da ferrugem
    asia´tica fo-

    ram obtidos de testes cooperativos de fungicidas coordenados pelo Conso´rcio Antiferru-

    gem [Barroandet. al. 2021]. Esses dados abrangem 10 estados brasileiros (Bahia
    [BA],

    DistritoFederal[DF],Tocantins[TO],Goia´s[GO],MinasGerais[MG],MatoGrossodo

    Sul [MS], Mato Grosso [MT], Sa˜o Paulo [SP], Parana´ [PR], e Rio Grande do Sul
    [RS]),

    comcolheitasdasafrade2014/15ate´ 2019/20.

    Noestudo,aseveridadee´ quantificadacomoumame´diapercentualparaolotede

    cultivo,levandoemconsiderac¸a˜oaporcentagemdaa´reaafetadapelaferrugemnasfolhas

    remanescentesdasplantas,sendoatribu´ıdoovalorde100%emcasosdecopascompleta-

    mente desfolhadas [Barroandet. al. 2021]. Adicionalmente, sa˜o fornecidas informac¸o˜es

    detalhadassobreosfungicidasutilizados,incluindosuascomposic¸o˜esqu´ımicaseasquan-

    tidades aplicadas. Ale´m disso, o estudo inclui lotes de controle nos quais nenhum
    fungi-

    cidafoiutilizadoparaefeitocomparativo.

    Entre os dados utilizados para enriquecimento foram utilizados dados clima´ticos

    relacionadosaoper´ıododasafradecadacidade. Osdadosesta˜odispon´ıveisnopacoteda

    linguagem R, brclimr [Saldanhaetal. 2023]. Foram utilizados o desvio padra˜o e
    valores

    ma´ximos, m´ınimos e me´dios mensais de precipitac¸a˜o, evapotranspirac¸a˜o, temperatura

    m´ınima, temperatura ma´xima, radiac¸a˜o solar, e umidade relativa do ar. Foram
    usados os

    valores clima´ticos referentes aos meses de novembro e dezembro do ano da safra,
    uma

    vezqueessee´ oper´'
  token_count_ref: 309
  char_count: 1518
  source_block_hash: 0ddc44a5c0735981e58f294bca7ce28ce84fd4e8c56c9c29d323cb917eb546ae

Registrado: q-003-t03 = approved; revisão: D:\rag-ptbr-retrieval-pilot\data\annotations\reviews\review-36cf6f3050954f2d8acd816713e62199.yaml
question:
  question_id: q-003-t04
  text: Qual é a principal fonte dos dados de plantação e fungicidas?
  expected_answer: Testes cooperativos de fungicidas coordenados pelo Consórcio Antiferrugem
  origin_doc_id: art-003
  evidence:
  - evidence_id: q-003-t04-e1
    doc_id: art-003
    page: 3
    section: 3.1. Coleta de Dados
    quote: 'Os dados de plantac¸o˜es utilizados para determinar a severidade da ferrugem
      asia´tica fo-

      ram obtidos de testes cooperativos de fungicidas coordenados pelo Conso´rcio
      Antiferru-

      gem [Barroandet. al. 2021]. Esses dados abrangem 10 estados brasileiros (Bahia
      [BA],

      DistritoFederal[DF],Tocantins[TO],Goia´s[GO],MinasGerais[MG],MatoGrossodo

      Sul [MS], Mato Grosso [MT], Sa˜o Paulo [SP], Parana´ [PR], e Rio Grande do Sul
      [RS]),

      comcolheitasdasafrade2014/15ate´ 2019/20.'
    chunk_ids:
    - art-003-b0006-c000
    required_group: null
  question_type: factual
  modality: text
  review_status: draft
  notes: 'Pré-anotação A03-T04. Análise automática: READY_FOR_HUMAN_REVIEW. Trecho
    literal, página e suporte nos chunks conferidos automaticamente após seleção semântica
    por IA. Candidato produzido por IA; aguarda revisão humana.'
qrels:
- question_id: q-003-t04
  chunk_id: art-003-b0006-c000
  relevance: 1
evidence_groups: []
chunks:
- chunk_id: art-003-b0006-c000
  doc_id: art-003
  block_id: art-003-b0006
  page: 3
  section: 3.1. ColetadeDados
  modality: text
  text: 'Os dados de plantac¸o˜es utilizados para determinar a severidade da ferrugem
    asia´tica fo-

    ram obtidos de testes cooperativos de fungicidas coordenados pelo Conso´rcio Antiferru-

    gem [Barroandet. al. 2021]. Esses dados abrangem 10 estados brasileiros (Bahia
    [BA],

    DistritoFederal[DF],Tocantins[TO],Goia´s[GO],MinasGerais[MG],MatoGrossodo

    Sul [MS], Mato Grosso [MT], Sa˜o Paulo [SP], Parana´ [PR], e Rio Grande do Sul
    [RS]),

    comcolheitasdasafrade2014/15ate´ 2019/20.

    Noestudo,aseveridadee´ quantificadacomoumame´diapercentualparaolotede

    cultivo,levandoemconsiderac¸a˜oaporcentagemdaa´reaafetadapelaferrugemnasfolhas

    remanescentesdasplantas,sendoatribu´ıdoovalorde100%emcasosdecopascompleta-

    mente desfolhadas [Barroandet. al. 2021]. Adicionalmente, sa˜o fornecidas informac¸o˜es

    detalhadassobreosfungicidasutilizados,incluindosuascomposic¸o˜esqu´ımicaseasquan-

    tidades aplicadas. Ale´m disso, o estudo inclui lotes de controle nos quais nenhum
    fungi-

    cidafoiutilizadoparaefeitocomparativo.

    Entre os dados utilizados para enriquecimento foram utilizados dados clima´ticos

    relacionadosaoper´ıododasafradecadacidade. Osdadosesta˜odispon´ıveisnopacoteda

    linguagem R, brclimr [Saldanhaetal. 2023]. Foram utilizados o desvio padra˜o e
    valores

    ma´ximos, m´ınimos e me´dios mensais de precipitac¸a˜o, evapotranspirac¸a˜o, temperatura

    m´ınima, temperatura ma´xima, radiac¸a˜o solar, e umidade relativa do ar. Foram
    usados os

    valores clima´ticos referentes aos meses de novembro e dezembro do ano da safra,
    uma

    vezqueessee´ oper´'
  token_count_ref: 309
  char_count: 1518
  source_block_hash: 0ddc44a5c0735981e58f294bca7ce28ce84fd4e8c56c9c29d323cb917eb546ae

Registrado: q-003-t04 = approved; revisão: D:\rag-ptbr-retrieval-pilot\data\annotations\reviews\review-edabdbbd006b46ca90084ae04568d4dd.yaml
question:
  question_id: q-003-t05
  text: Em quantos estados brasileiros foram coletados os dados de plantação?
  expected_answer: Dez estados
  origin_doc_id: art-003
  evidence:
  - evidence_id: q-003-t05-e1
    doc_id: art-003
    page: 3
    section: 3.1. Coleta de Dados
    quote: 'gem [Barroandet. al. 2021]. Esses dados abrangem 10 estados brasileiros
      (Bahia [BA],

      DistritoFederal[DF],Tocantins[TO],Goia´s[GO],MinasGerais[MG],MatoGrossodo

      Sul [MS], Mato Grosso [MT], Sa˜o Paulo [SP], Parana´ [PR], e Rio Grande do Sul
      [RS]),

      comcolheitasdasafrade2014/15ate´ 2019/20.'
    chunk_ids:
    - art-003-b0006-c000
    required_group: null
  question_type: factual
  modality: text
  review_status: draft
  notes: 'Pré-anotação A03-T05. Análise automática: READY_FOR_HUMAN_REVIEW. Resposta
    reproduz a contagem declarada pelo artigo. A enumeração inclui o Distrito Federal
    entre os dez; editorialmente são nove estados e o DF, não corrigimos silenciosamente
    o texto-fonte. Candidato produzido por IA; aguarda revisão humana.'
qrels:
- question_id: q-003-t05
  chunk_id: art-003-b0006-c000
  relevance: 1
evidence_groups: []
chunks:
- chunk_id: art-003-b0006-c000
  doc_id: art-003
  block_id: art-003-b0006
  page: 3
  section: 3.1. ColetadeDados
  modality: text
  text: 'Os dados de plantac¸o˜es utilizados para determinar a severidade da ferrugem
    asia´tica fo-

    ram obtidos de testes cooperativos de fungicidas coordenados pelo Conso´rcio Antiferru-

    gem [Barroandet. al. 2021]. Esses dados abrangem 10 estados brasileiros (Bahia
    [BA],

    DistritoFederal[DF],Tocantins[TO],Goia´s[GO],MinasGerais[MG],MatoGrossodo

    Sul [MS], Mato Grosso [MT], Sa˜o Paulo [SP], Parana´ [PR], e Rio Grande do Sul
    [RS]),

    comcolheitasdasafrade2014/15ate´ 2019/20.

    Noestudo,aseveridadee´ quantificadacomoumame´diapercentualparaolotede

    cultivo,levandoemconsiderac¸a˜oaporcentagemdaa´reaafetadapelaferrugemnasfolhas

    remanescentesdasplantas,sendoatribu´ıdoovalorde100%emcasosdecopascompleta-

    mente desfolhadas [Barroandet. al. 2021]. Adicionalmente, sa˜o fornecidas informac¸o˜es

    detalhadassobreosfungicidasutilizados,incluindosuascomposic¸o˜esqu´ımicaseasquan-

    tidades aplicadas. Ale´m disso, o estudo inclui lotes de controle nos quais nenhum
    fungi-

    cidafoiutilizadoparaefeitocomparativo.

    Entre os dados utilizados para enriquecimento foram utilizados dados clima´ticos

    relacionadosaoper´ıododasafradecadacidade. Osdadosesta˜odispon´ıveisnopacoteda

    linguagem R, brclimr [Saldanhaetal. 2023]. Foram utilizados o desvio padra˜o e
    valores

    ma´ximos, m´ınimos e me´dios mensais de precipitac¸a˜o, evapotranspirac¸a˜o, temperatura

    m´ınima, temperatura ma´xima, radiac¸a˜o solar, e umidade relativa do ar. Foram
    usados os

    valores clima´ticos referentes aos meses de novembro e dezembro do ano da safra,
    uma

    vezqueessee´ oper´'
  token_count_ref: 309
  char_count: 1518
  source_block_hash: 0ddc44a5c0735981e58f294bca7ce28ce84fd4e8c56c9c29d323cb917eb546ae

Registrado: q-003-t05 = approved; revisão: D:\rag-ptbr-retrieval-pilot\data\annotations\reviews\review-aca1e52a4558457eaf4a5d15924483b9.yaml
question:
  question_id: q-003-t06
  text: Quais safras são cobertas pelos dados de plantação?
  expected_answer: De 2014/15 até 2019/20
  origin_doc_id: art-003
  evidence:
  - evidence_id: q-003-t06-e1
    doc_id: art-003
    page: 3
    section: 3.1. Coleta de Dados
    quote: 'gem [Barroandet. al. 2021]. Esses dados abrangem 10 estados brasileiros
      (Bahia [BA],

      DistritoFederal[DF],Tocantins[TO],Goia´s[GO],MinasGerais[MG],MatoGrossodo

      Sul [MS], Mato Grosso [MT], Sa˜o Paulo [SP], Parana´ [PR], e Rio Grande do Sul
      [RS]),

      comcolheitasdasafrade2014/15ate´ 2019/20.'
    chunk_ids:
    - art-003-b0006-c000
    required_group: null
  question_type: factual
  modality: text
  review_status: draft
  notes: 'Pré-anotação A03-T06. Análise automática: READY_FOR_HUMAN_REVIEW. Trecho
    literal, página e suporte nos chunks conferidos automaticamente após seleção semântica
    por IA. Candidato produzido por IA; aguarda revisão humana.'
qrels:
- question_id: q-003-t06
  chunk_id: art-003-b0006-c000
  relevance: 1
evidence_groups: []
chunks:
- chunk_id: art-003-b0006-c000
  doc_id: art-003
  block_id: art-003-b0006
  page: 3
  section: 3.1. ColetadeDados
  modality: text
  text: 'Os dados de plantac¸o˜es utilizados para determinar a severidade da ferrugem
    asia´tica fo-

    ram obtidos de testes cooperativos de fungicidas coordenados pelo Conso´rcio Antiferru-

    gem [Barroandet. al. 2021]. Esses dados abrangem 10 estados brasileiros (Bahia
    [BA],

    DistritoFederal[DF],Tocantins[TO],Goia´s[GO],MinasGerais[MG],MatoGrossodo

    Sul [MS], Mato Grosso [MT], Sa˜o Paulo [SP], Parana´ [PR], e Rio Grande do Sul
    [RS]),

    comcolheitasdasafrade2014/15ate´ 2019/20.

    Noestudo,aseveridadee´ quantificadacomoumame´diapercentualparaolotede

    cultivo,levandoemconsiderac¸a˜oaporcentagemdaa´reaafetadapelaferrugemnasfolhas

    remanescentesdasplantas,sendoatribu´ıdoovalorde100%emcasosdecopascompleta-

    mente desfolhadas [Barroandet. al. 2021]. Adicionalmente, sa˜o fornecidas informac¸o˜es

    detalhadassobreosfungicidasutilizados,incluindosuascomposic¸o˜esqu´ımicaseasquan-

    tidades aplicadas. Ale´m disso, o estudo inclui lotes de controle nos quais nenhum
    fungi-

    cidafoiutilizadoparaefeitocomparativo.

    Entre os dados utilizados para enriquecimento foram utilizados dados clima´ticos

    relacionadosaoper´ıododasafradecadacidade. Osdadosesta˜odispon´ıveisnopacoteda

    linguagem R, brclimr [Saldanhaetal. 2023]. Foram utilizados o desvio padra˜o e
    valores

    ma´ximos, m´ınimos e me´dios mensais de precipitac¸a˜o, evapotranspirac¸a˜o, temperatura

    m´ınima, temperatura ma´xima, radiac¸a˜o solar, e umidade relativa do ar. Foram
    usados os

    valores clima´ticos referentes aos meses de novembro e dezembro do ano da safra,
    uma

    vezqueessee´ oper´'
  token_count_ref: 309
  char_count: 1518
  source_block_hash: 0ddc44a5c0735981e58f294bca7ce28ce84fd4e8c56c9c29d323cb917eb546ae

Registrado: q-003-t06 = approved; revisão: D:\rag-ptbr-retrieval-pilot\data\annotations\reviews\review-84666011c6d54f949649ea68dcf7b743.yaml
question:
  question_id: q-003-t07
  text: Quais meses de dados climáticos foram selecionados e por quê?
  expected_answer: Novembro e dezembro, por corresponderem ao período de pré-colheita
  origin_doc_id: art-003
  evidence:
  - evidence_id: q-003-t07-e1
    doc_id: art-003
    page: 3
    section: 3.1. Coleta de Dados
    quote: 'valores clima´ticos referentes aos meses de novembro e dezembro do ano
      da safra, uma

      vezqueessee´ oper´ıodoreferenteapre´-colheita.'
    chunk_ids:
    - art-003-b0006-c001
    required_group: null
  question_type: factual
  modality: text
  review_status: draft
  notes: 'Pré-anotação A03-T07. Análise automática: READY_FOR_HUMAN_REVIEW. Trecho
    literal, página e suporte nos chunks conferidos automaticamente após seleção semântica
    por IA. Candidato produzido por IA; aguarda revisão humana.'
qrels:
- question_id: q-003-t07
  chunk_id: art-003-b0006-c001
  relevance: 1
evidence_groups: []
chunks:
- chunk_id: art-003-b0006-c001
  doc_id: art-003
  block_id: art-003-b0006
  page: 3
  section: 3.1. ColetadeDados
  modality: text
  text: 'xima, radiac¸a˜o solar, e umidade relativa do ar. Foram usados os

    valores clima´ticos referentes aos meses de novembro e dezembro do ano da safra,
    uma

    vezqueessee´ oper´ıodoreferenteapre´-colheita.

    Outras co-varia´veis utilizadas para o enriquecimento foram as relacionadas ao

    clima da regia˜o. Sa˜o elas os climas zonais, delimitac¸o˜es de regio˜es te´rmicas,
    e padro˜es

    de umidade e seca. Os dados foram coletados pelo Instituto Brasileiro de Geografia
    e

    Estat´ısticaepodemserencontradosnoportaldedadosabertosdogoverno[IBGE2023].

    1https://github.com/Fgarm/paper-soybean-rust-severity-prediction/'
  token_count_ref: 131
  char_count: 597
  source_block_hash: 0ddc44a5c0735981e58f294bca7ce28ce84fd4e8c56c9c29d323cb917eb546ae

Registrado: q-003-t07 = approved; revisão: D:\rag-ptbr-retrieval-pilot\data\annotations\reviews\review-94104ec479f0423c813642432c448e1f.yaml
question:
  question_id: q-003-t08
  text: Qual pacote da linguagem R forneceu os dados climáticos usados no enriquecimento?
  expected_answer: brclimr
  origin_doc_id: art-003
  evidence:
  - evidence_id: q-003-t08-e1
    doc_id: art-003
    page: 3
    section: 3.1. Coleta de Dados
    quote: 'Entre os dados utilizados para enriquecimento foram utilizados dados clima´ticos

      relacionadosaoper´ıododasafradecadacidade. Osdadosesta˜odispon´ıveisnopacoteda

      linguagem R, brclimr [Saldanhaetal. 2023]. Foram utilizados o desvio padra˜o
      e valores

      ma´ximos, m´ınimos e me´dios mensais de precipitac¸a˜o, evapotranspirac¸a˜o,
      temperatura

      m´ınima, temperatura ma´xima, radiac¸a˜o solar, e umidade relativa do ar. Foram
      usados os'
    chunk_ids:
    - art-003-b0006-c000
    required_group: null
  question_type: factual
  modality: text
  review_status: draft
  notes: 'Pré-anotação A03-T08. Análise automática: READY_FOR_HUMAN_REVIEW. Trecho
    literal, página e suporte nos chunks conferidos automaticamente após seleção semântica
    por IA. Candidato produzido por IA; aguarda revisão humana.'
qrels:
- question_id: q-003-t08
  chunk_id: art-003-b0006-c000
  relevance: 1
evidence_groups: []
chunks:
- chunk_id: art-003-b0006-c000
  doc_id: art-003
  block_id: art-003-b0006
  page: 3
  section: 3.1. ColetadeDados
  modality: text
  text: 'Os dados de plantac¸o˜es utilizados para determinar a severidade da ferrugem
    asia´tica fo-

    ram obtidos de testes cooperativos de fungicidas coordenados pelo Conso´rcio Antiferru-

    gem [Barroandet. al. 2021]. Esses dados abrangem 10 estados brasileiros (Bahia
    [BA],

    DistritoFederal[DF],Tocantins[TO],Goia´s[GO],MinasGerais[MG],MatoGrossodo

    Sul [MS], Mato Grosso [MT], Sa˜o Paulo [SP], Parana´ [PR], e Rio Grande do Sul
    [RS]),

    comcolheitasdasafrade2014/15ate´ 2019/20.

    Noestudo,aseveridadee´ quantificadacomoumame´diapercentualparaolotede

    cultivo,levandoemconsiderac¸a˜oaporcentagemdaa´reaafetadapelaferrugemnasfolhas

    remanescentesdasplantas,sendoatribu´ıdoovalorde100%emcasosdecopascompleta-

    mente desfolhadas [Barroandet. al. 2021]. Adicionalmente, sa˜o fornecidas informac¸o˜es

    detalhadassobreosfungicidasutilizados,incluindosuascomposic¸o˜esqu´ımicaseasquan-

    tidades aplicadas. Ale´m disso, o estudo inclui lotes de controle nos quais nenhum
    fungi-

    cidafoiutilizadoparaefeitocomparativo.

    Entre os dados utilizados para enriquecimento foram utilizados dados clima´ticos

    relacionadosaoper´ıododasafradecadacidade. Osdadosesta˜odispon´ıveisnopacoteda

    linguagem R, brclimr [Saldanhaetal. 2023]. Foram utilizados o desvio padra˜o e
    valores

    ma´ximos, m´ınimos e me´dios mensais de precipitac¸a˜o, evapotranspirac¸a˜o, temperatura

    m´ınima, temperatura ma´xima, radiac¸a˜o solar, e umidade relativa do ar. Foram
    usados os

    valores clima´ticos referentes aos meses de novembro e dezembro do ano da safra,
    uma

    vezqueessee´ oper´'
  token_count_ref: 309
  char_count: 1518
  source_block_hash: 0ddc44a5c0735981e58f294bca7ce28ce84fd4e8c56c9c29d323cb917eb546ae

Registrado: q-003-t08 = approved; revisão: D:\rag-ptbr-retrieval-pilot\data\annotations\reviews\review-0d3791a57a8142e685d59f7199178472.yaml
question:
  question_id: q-003-t09
  text: Qual identificador foi utilizado na fusão dos dados do brclimr com a base
    de severidade?
  expected_answer: O código de município atribuído pelo IBGE
  origin_doc_id: art-003
  evidence:
  - evidence_id: q-003-t09-e1
    doc_id: art-003
    page: 4
    section: 3.2. Tratamento de Dados
    quote: 'dados obtidos do pacote brclimr, foi usado o co´digo dos mu-

      nic´ıpios(atribuidospeloIBGE)ondeasplantac¸o˜esocorreram. Foramseparadoosvalores

      de desvio padra˜o e valores ma´ximos, m´ınimos e me´dios para cada diferente
      combinac¸a˜o

      demunic´ıpio,meˆseano. Foramselecionadososvaloresreferentesapre´-colheitadecada

      safra, nos meses de novembro e dezembro, e os valores foram acrescentados ao
      conjunto

      dedadosdeseveridade.'
    chunk_ids:
    - art-003-b0007-c001
    required_group: null
  question_type: factual
  modality: text
  review_status: draft
  notes: 'Pré-anotação A03-T09. Análise automática: READY_FOR_HUMAN_REVIEW. Trecho
    literal, página e suporte nos chunks conferidos automaticamente após seleção semântica
    por IA. Candidato produzido por IA; aguarda revisão humana.'
qrels:
- question_id: q-003-t09
  chunk_id: art-003-b0007-c001
  relevance: 1
evidence_groups: []
chunks:
- chunk_id: art-003-b0007-c001
  doc_id: art-003
  block_id: art-003-b0007
  page: 4
  section: 3.2. TratamentodeDados
  modality: text
  text: 'dados obtidos do pacote brclimr, foi usado o co´digo dos mu-

    nic´ıpios(atribuidospeloIBGE)ondeasplantac¸o˜esocorreram. Foramseparadoosvalores

    de desvio padra˜o e valores ma´ximos, m´ınimos e me´dios para cada diferente combinac¸a˜o

    demunic´ıpio,meˆseano. Foramselecionadososvaloresreferentesapre´-colheitadecada

    safra, nos meses de novembro e dezembro, e os valores foram acrescentados ao conjunto

    dedadosdeseveridade.'
  token_count_ref: 82
  char_count: 418
  source_block_hash: 478303572ebab854dc04ee1e8233c0003c4f11bda245f157faf16e230cea29da

Registrado: q-003-t09 = approved; revisão: D:\rag-ptbr-retrieval-pilot\data\annotations\reviews\review-660cdbdd7b934a0ba1947499c9ad8108.yaml
question:
  question_id: q-003-t10
  text: Que formato de arquivo foi usado pelo IBGE para disponibilizar dados de características
    climáticas regionais?
  expected_answer: Arquivos .shp
  origin_doc_id: art-003
  evidence:
  - evidence_id: q-003-t10-e1
    doc_id: art-003
    page: 4
    section: 3.2. Tratamento de Dados
    quote: 'Dados referente a`s caracter´ısticas clima´ticas de uma regia˜o foram
      obtidos nos re-

      posito´riosdoIBGE.Essesconjuntossa˜odisponibilizadosemarquivosnoformato“.shp”

      que e´ um tipo de arquivo comumente utilizado por sistemas de informac¸o˜es
      geogra´ficas.

      A informac¸a˜o contida dentro desse tipo de arquivo sa˜o descric¸o˜es de como
      desenhar de-

      terminadasregio˜esedepoisquaisasinformac¸o˜esrelacionadasadeterminadaregia˜o.'
    chunk_ids:
    - art-003-b0007-c000
    required_group: null
  question_type: factual
  modality: text
  review_status: draft
  notes: 'Pré-anotação A03-T10. Análise automática: READY_FOR_HUMAN_REVIEW. Trecho
    literal, página e suporte nos chunks conferidos automaticamente após seleção semântica
    por IA. Candidato produzido por IA; aguarda revisão humana.'
qrels:
- question_id: q-003-t10
  chunk_id: art-003-b0007-c000
  relevance: 1
evidence_groups: []
chunks:
- chunk_id: art-003-b0007-c000
  doc_id: art-003
  block_id: art-003-b0007
  page: 4
  section: 3.2. TratamentodeDados
  modality: text
  text: 'Os dados passaram por processos de tratamento, para que apenas os dados necessa´rios
    e

    relacionadosa`slocalidadesdesejadasfossemobtidos. Apo´sisso,essasinformac¸o˜esforam

    fundidas com o conjunto de dados principal da Embrapa de forma que fossem mantidas

    as relac¸o˜es de localidade e ano, assim, ao final desse processo, e´ obtido um
    conjunto de

    dados que relacionam solo, dados clima´ticos e agroto´xicos utilizados com a severidade

    daferrugemasia´tica.

    Dados referente a`s caracter´ısticas clima´ticas de uma regia˜o foram obtidos
    nos re-

    posito´riosdoIBGE.Essesconjuntossa˜odisponibilizadosemarquivosnoformato“.shp”

    que e´ um tipo de arquivo comumente utilizado por sistemas de informac¸o˜es geogra´ficas.

    A informac¸a˜o contida dentro desse tipo de arquivo sa˜o descric¸o˜es de como
    desenhar de-

    terminadasregio˜esedepoisquaisasinformac¸o˜esrelacionadasadeterminadaregia˜o.

    Portanto, para obtermos os dados desejados foi necessa´rio o desenvolvimento de

    um co´digo capaz de usar as coordenadas de uma determinada regia˜o, informac¸a˜o
    encon-

    trada no conjunto de dados da Embrapa, consultar cada uma das regio˜es descritas
    no

    arquivo do IBGE procurando em qual delas a localidade estava dentro, quando fosse
    en-

    contrada a regia˜o, as informac¸o˜es eram retornadas. Esse processo foi executado
    para a

    obtenc¸a˜o dos dados referente aos aspectos clima´ticos de uma regia˜o e para
    os dados das

    caracter´ısticas do solo, os dados obtidos eram enta˜o unidos com o conjunto de
    dados do

    Embrapaparaserrelacionadocomosdadosdeseveridade.

    Para a fusa˜o dos dados obtidos do pacote brclimr, foi usado o co´digo dos mu-

    nic´ıpios(atribuidospeloIBGE)ondeasplantac¸o˜esocorreram. Foramseparado'
  token_count_ref: 347
  char_count: 1684
  source_block_hash: 478303572ebab854dc04ee1e8233c0003c4f11bda245f157faf16e230cea29da

Registrado: q-003-t10 = approved; revisão: D:\rag-ptbr-retrieval-pilot\data\annotations\reviews\review-13760bd9b17d44d8b467f8f9c325253a.yaml
question:
  question_id: q-003-t11
  text: Quais três modelos baseados em árvores foram utilizados no estudo?
  expected_answer: Random Forest, XGBoost e CatBoost
  origin_doc_id: art-003
  evidence:
  - evidence_id: q-003-t11-e1
    doc_id: art-003
    page: 5
    section: 3.3. Modelos Utilizados
    quote: 'Outros modelos utilizados baseados em A´rvores de Decisa˜o sa˜o o XGBoost
      e o

      CatBoost. A diferenc¸a desses dois para o Random Forest e´ que eles utilizam
      te´cnicas

      mais robustas para a combinac¸a˜o dos resultados dos diferentes Weak Learners,
      cha-

      mada de descida de gradiente. Essa te´cnica usa ca´lculos matema´ticos para
      reajustar os

      paraˆmetros dos Weak Learner para tentar melhorar o valor da previsa˜o. Ale´m
      disso, as

      capacidades de explicabilidade desses dois modelos sa˜o similares aos de Random
      Fo-

      rest[ChenandGuestrin2016][Dorogushetal. 2018]. Comoexemplo,naFigura1e´ mos-

      tradaumadasA´rvoresdeDecisa˜ousadasinternamentepelomodelodoCatBoost.'
    chunk_ids:
    - art-003-b0009-c000
    required_group: null
  question_type: factual
  modality: text
  review_status: draft
  notes: 'Pré-anotação A03-T11. Análise automática: READY_FOR_HUMAN_REVIEW. Trecho
    literal, página e suporte nos chunks conferidos automaticamente após seleção semântica
    por IA. Candidato produzido por IA; aguarda revisão humana.'
qrels:
- question_id: q-003-t11
  chunk_id: art-003-b0009-c000
  relevance: 1
evidence_groups: []
chunks:
- chunk_id: art-003-b0009-c000
  doc_id: art-003
  block_id: art-003-b0009
  page: 5
  section: 3.3. ModelosUtilizados
  modality: text
  text: 'Outros modelos utilizados baseados em A´rvores de Decisa˜o sa˜o o XGBoost
    e o

    CatBoost. A diferenc¸a desses dois para o Random Forest e´ que eles utilizam te´cnicas

    mais robustas para a combinac¸a˜o dos resultados dos diferentes Weak Learners,
    cha-

    mada de descida de gradiente. Essa te´cnica usa ca´lculos matema´ticos para reajustar
    os

    paraˆmetros dos Weak Learner para tentar melhorar o valor da previsa˜o. Ale´m
    disso, as

    capacidades de explicabilidade desses dois modelos sa˜o similares aos de Random
    Fo-

    rest[ChenandGuestrin2016][Dorogushetal. 2018]. Comoexemplo,naFigura1e´ mos-

    tradaumadasA´rvoresdeDecisa˜ousadasinternamentepelomodelodoCatBoost.

    Figura1. Visualizac¸a˜odeumWeakLearner domodeloCatBoost

    OutromodeloutilizadonesteestudofoiaRedeNeuralpoistambe´mapresentaboa

    capacidadedeencontrarpadro˜esna˜olinearesemdados,entretantoseufuncionamentona˜o

    e´ baseadoemA´rvoresdedecisa˜ocomoosanteriores. Asredesneuraisforamcriadaspen-

    sandoemimitarofuncionamentodoce´rebrohumano,elee´ constitu´ıdadeva´riascamadas

    deestruturaschamadasdeneuroˆniosquesa˜oconectadosentresiporconexo˜essina´pticas,

    e a maneira com que uma rede neural e´ treinada e´ calculando diferentes pesos
    para cada

    uma dessas conexo˜es. O valor gerado no final e´ feito combinando os valores de
    cada

    conexa˜oeseusrespectivospesosparacadacamada[Wangetal. 2017].

    As redes neurais na˜o foram inicialmente constru´ıdas pensando em serem ex-

    plica´veis, entretanto, por conta do interesse nesse tipo de caracter´ısticas,
    mecanismos

    foram desenvolvidos para permitir essas capacidades. As formas de interpretac¸a˜o
    dos

    resultados de uma rede neural'
  token_count_ref: 284
  char_count: 1615
  source_block_hash: 6773764115e345ba8347f70fd2566f787f4d2863710c054f62c96b806e883c97

Registrado: q-003-t11 = approved; revisão: D:\rag-ptbr-retrieval-pilot\data\annotations\reviews\review-6035ae8a71b74e5e9c4e26d3ccb02de8.yaml
question:
  question_id: q-003-t12
  text: Que característica dos modelos foi priorizada além de encontrar padrões não
    lineares?
  expected_answer: Explicabilidade
  origin_doc_id: art-003
  evidence:
  - evidence_id: q-003-t12-e1
    doc_id: art-003
    page: 4
    section: 3.3. Modelos Utilizados
    quote: 'Durante esse estudo, foram realizados testes com diferentes modelos com
      a intenc¸a˜o de

      encontrar quais conseguiriam obter os melhores resultados. As caracter´ısticas
      mais de-

      seja´veisdosmodelose´ acapacidadedeencontrarcomportamentosna˜olinearesnosdados

      e de serem explica´veis, pois esse tipo de modelo oferece mecanismos para conseguirmos

      interpretarseusresultadoseentendermosporquefoifeitadeterminadaprevisa˜o.'
    chunk_ids:
    - art-003-b0008-c000
    required_group: null
  question_type: factual
  modality: text
  review_status: draft
  notes: 'Pré-anotação A03-T12. Análise automática: READY_FOR_HUMAN_REVIEW. Trecho
    literal, página e suporte nos chunks conferidos automaticamente após seleção semântica
    por IA. Candidato produzido por IA; aguarda revisão humana.'
qrels:
- question_id: q-003-t12
  chunk_id: art-003-b0008-c000
  relevance: 1
evidence_groups: []
chunks:
- chunk_id: art-003-b0008-c000
  doc_id: art-003
  block_id: art-003-b0008
  page: 4
  section: 3.3. ModelosUtilizados
  modality: text
  text: 'Durante esse estudo, foram realizados testes com diferentes modelos com a
    intenc¸a˜o de

    encontrar quais conseguiriam obter os melhores resultados. As caracter´ısticas
    mais de-

    seja´veisdosmodelose´ acapacidadedeencontrarcomportamentosna˜olinearesnosdados

    e de serem explica´veis, pois esse tipo de modelo oferece mecanismos para conseguirmos

    interpretarseusresultadoseentendermosporquefoifeitadeterminadaprevisa˜o.

    Um dos modelos utilizados e´ o Random Forest. Ele funciona a partir da

    combinac¸a˜o de va´rias estruturas chamadas a´rvores de decisa˜o. Tais construc¸o˜es,
    sozi-

    nhas, geralmente na˜o produzem boas previso˜es. Entretanto, a partir das estrate´gias
    de

    combinac¸a˜odeprevisoresempregadasnoRandomForest,normalmenteme´diaouvoto,e´

    poss´ıvel obter resultados satisfato´rios [Breiman2001]. Essa situac¸a˜o se assemelha
    a um

    fenoˆmenoconhecidocomosabedoriadasmultido˜es.

    Ale´m disso, esse modelo tem grandes capacidades de explicabilidade. Com ele

    e´ poss´ıvel obter informac¸o˜es como a importaˆncia de cada paraˆmetro e exportar
    uma

    representac¸a˜o visual de cada um dos Weak Learners. Isso possibilita visualizar
    os ca-

    minhos tomados pelo modelo para chegar em uma decisa˜o. Finalmente, pode-se utilizar

    uma te´cnica conhecida como SHAP (sampling-based approximation approach) que per-

    miteobservaroquantoumatributodosdadosesta´ impactandooresultadofinal.'
  token_count_ref: 255
  char_count: 1368
  source_block_hash: 93448b6865e48ffaee258b7c10da24ef8f03cfd46a3bb4ebe93a8de81160f5b3

Registrado: q-003-t12 = approved; revisão: D:\rag-ptbr-retrieval-pilot\data\annotations\reviews\review-ec5ce0e9c1f746378673e794a2747966.yaml
question:
  question_id: q-003-t13
  text: Qual técnica de explicabilidade é citada para observar o impacto dos atributos
    no resultado final?
  expected_answer: SHAP
  origin_doc_id: art-003
  evidence:
  - evidence_id: q-003-t13-e1
    doc_id: art-003
    page: 4
    section: 3.3. Modelos Utilizados
    quote: 'Ale´m disso, esse modelo tem grandes capacidades de explicabilidade. Com
      ele

      e´ poss´ıvel obter informac¸o˜es como a importaˆncia de cada paraˆmetro e exportar
      uma

      representac¸a˜o visual de cada um dos Weak Learners. Isso possibilita visualizar
      os ca-

      minhos tomados pelo modelo para chegar em uma decisa˜o. Finalmente, pode-se
      utilizar

      uma te´cnica conhecida como SHAP (sampling-based approximation approach) que
      per-

      miteobservaroquantoumatributodosdadosesta´ impactandooresultadofinal.'
    chunk_ids:
    - art-003-b0008-c000
    required_group: null
  question_type: factual
  modality: text
  review_status: draft
  notes: 'Pré-anotação A03-T13. Análise automática: READY_FOR_HUMAN_REVIEW. O nome
    SHAP é literal. A expansão inglesa usada pelo artigo não foi validada externamente
    e não é necessária para a resposta. Candidato produzido por IA; aguarda revisão
    humana.'
qrels:
- question_id: q-003-t13
  chunk_id: art-003-b0008-c000
  relevance: 1
evidence_groups: []
chunks:
- chunk_id: art-003-b0008-c000
  doc_id: art-003
  block_id: art-003-b0008
  page: 4
  section: 3.3. ModelosUtilizados
  modality: text
  text: 'Durante esse estudo, foram realizados testes com diferentes modelos com a
    intenc¸a˜o de

    encontrar quais conseguiriam obter os melhores resultados. As caracter´ısticas
    mais de-

    seja´veisdosmodelose´ acapacidadedeencontrarcomportamentosna˜olinearesnosdados

    e de serem explica´veis, pois esse tipo de modelo oferece mecanismos para conseguirmos

    interpretarseusresultadoseentendermosporquefoifeitadeterminadaprevisa˜o.

    Um dos modelos utilizados e´ o Random Forest. Ele funciona a partir da

    combinac¸a˜o de va´rias estruturas chamadas a´rvores de decisa˜o. Tais construc¸o˜es,
    sozi-

    nhas, geralmente na˜o produzem boas previso˜es. Entretanto, a partir das estrate´gias
    de

    combinac¸a˜odeprevisoresempregadasnoRandomForest,normalmenteme´diaouvoto,e´

    poss´ıvel obter resultados satisfato´rios [Breiman2001]. Essa situac¸a˜o se assemelha
    a um

    fenoˆmenoconhecidocomosabedoriadasmultido˜es.

    Ale´m disso, esse modelo tem grandes capacidades de explicabilidade. Com ele

    e´ poss´ıvel obter informac¸o˜es como a importaˆncia de cada paraˆmetro e exportar
    uma

    representac¸a˜o visual de cada um dos Weak Learners. Isso possibilita visualizar
    os ca-

    minhos tomados pelo modelo para chegar em uma decisa˜o. Finalmente, pode-se utilizar

    uma te´cnica conhecida como SHAP (sampling-based approximation approach) que per-

    miteobservaroquantoumatributodosdadosesta´ impactandooresultadofinal.'
  token_count_ref: 255
  char_count: 1368
  source_block_hash: 93448b6865e48ffaee258b7c10da24ef8f03cfd46a3bb4ebe93a8de81160f5b3

Registrado: q-003-t13 = approved; revisão: D:\rag-ptbr-retrieval-pilot\data\annotations\reviews\review-ec2000fa4c77466594029f753363ed9a.yaml
question:
  question_id: q-003-t14
  text: Qual tipo de modelo, além dos modelos de árvores, também foi testado?
  expected_answer: Rede neural
  origin_doc_id: art-003
  evidence:
  - evidence_id: q-003-t14-e1
    doc_id: art-003
    page: 5
    section: 3.3. Modelos Utilizados
    quote: 'OutromodeloutilizadonesteestudofoiaRedeNeuralpoistambe´mapresentaboa

      capacidadedeencontrarpadro˜esna˜olinearesemdados,entretantoseufuncionamentona˜o

      e´ baseadoemA´rvoresdedecisa˜ocomoosanteriores. Asredesneuraisforamcriadaspen-'
    chunk_ids:
    - art-003-b0009-c000
    required_group: null
  question_type: factual
  modality: text
  review_status: draft
  notes: 'Pré-anotação A03-T14. Análise automática: READY_FOR_HUMAN_REVIEW. Trecho
    literal, página e suporte nos chunks conferidos automaticamente após seleção semântica
    por IA. Candidato produzido por IA; aguarda revisão humana.'
qrels:
- question_id: q-003-t14
  chunk_id: art-003-b0009-c000
  relevance: 1
evidence_groups: []
chunks:
- chunk_id: art-003-b0009-c000
  doc_id: art-003
  block_id: art-003-b0009
  page: 5
  section: 3.3. ModelosUtilizados
  modality: text
  text: 'Outros modelos utilizados baseados em A´rvores de Decisa˜o sa˜o o XGBoost
    e o

    CatBoost. A diferenc¸a desses dois para o Random Forest e´ que eles utilizam te´cnicas

    mais robustas para a combinac¸a˜o dos resultados dos diferentes Weak Learners,
    cha-

    mada de descida de gradiente. Essa te´cnica usa ca´lculos matema´ticos para reajustar
    os

    paraˆmetros dos Weak Learner para tentar melhorar o valor da previsa˜o. Ale´m
    disso, as

    capacidades de explicabilidade desses dois modelos sa˜o similares aos de Random
    Fo-

    rest[ChenandGuestrin2016][Dorogushetal. 2018]. Comoexemplo,naFigura1e´ mos-

    tradaumadasA´rvoresdeDecisa˜ousadasinternamentepelomodelodoCatBoost.

    Figura1. Visualizac¸a˜odeumWeakLearner domodeloCatBoost

    OutromodeloutilizadonesteestudofoiaRedeNeuralpoistambe´mapresentaboa

    capacidadedeencontrarpadro˜esna˜olinearesemdados,entretantoseufuncionamentona˜o

    e´ baseadoemA´rvoresdedecisa˜ocomoosanteriores. Asredesneuraisforamcriadaspen-

    sandoemimitarofuncionamentodoce´rebrohumano,elee´ constitu´ıdadeva´riascamadas

    deestruturaschamadasdeneuroˆniosquesa˜oconectadosentresiporconexo˜essina´pticas,

    e a maneira com que uma rede neural e´ treinada e´ calculando diferentes pesos
    para cada

    uma dessas conexo˜es. O valor gerado no final e´ feito combinando os valores de
    cada

    conexa˜oeseusrespectivospesosparacadacamada[Wangetal. 2017].

    As redes neurais na˜o foram inicialmente constru´ıdas pensando em serem ex-

    plica´veis, entretanto, por conta do interesse nesse tipo de caracter´ısticas,
    mecanismos

    foram desenvolvidos para permitir essas capacidades. As formas de interpretac¸a˜o
    dos

    resultados de uma rede neural'
  token_count_ref: 284
  char_count: 1615
  source_block_hash: 6773764115e345ba8347f70fd2566f787f4d2863710c054f62c96b806e883c97

Registrado: q-003-t14 = approved; revisão: D:\rag-ptbr-retrieval-pilot\data\annotations\reviews\review-076a4ca425ba42a5bafa93849aef728e.yaml
question:
  question_id: q-003-t15
  text: Quais etapas de pré-processamento foram aplicadas antes do treinamento?
  expected_answer: Limpeza de duplicatas, normalização de colunas, eliminação de valores
    faltantes e combinação das fontes de dados
  origin_doc_id: art-003
  evidence:
  - evidence_id: q-003-t15-e1
    doc_id: art-003
    page: 5
    section: 3.4. Passo a passo do treinamento
    quote: 'No nosso pipeline de treinamento de modelos, adotamos um processo de pre´-

      processamento de dados, incluindo a limpeza de duplicatas, a normalizac¸a˜o
      de colunas

      e a eliminac¸a˜o de valores faltantes, com o objetivo de garantir a qualidade
      dos dados uti-

      lizados no treinamento. Ale´m disso, o processo de pre´-processamento e´ responsa´vel
      pela

      combinac¸a˜o das diferentes fontes de dados para enriquecer e ampliar a diversidade
      das

      informac¸o˜es utilizadas no treinamento do modelo. Para otimizac¸a˜o de hiperparaˆmetros,'
    chunk_ids:
    - art-003-b0010-c000
    required_group: null
  question_type: factual
  modality: text
  review_status: draft
  notes: 'Pré-anotação A03-T15. Análise automática: READY_FOR_HUMAN_REVIEW. Trecho
    literal, página e suporte nos chunks conferidos automaticamente após seleção semântica
    por IA. Candidato produzido por IA; aguarda revisão humana.'
qrels:
- question_id: q-003-t15
  chunk_id: art-003-b0010-c000
  relevance: 1
evidence_groups: []
chunks:
- chunk_id: art-003-b0010-c000
  doc_id: art-003
  block_id: art-003-b0010
  page: 5
  section: 3.4. Passoapassodotreinamento
  modality: text
  text: 'No nosso pipeline de treinamento de modelos, adotamos um processo de pre´-

    processamento de dados, incluindo a limpeza de duplicatas, a normalizac¸a˜o de
    colunas

    e a eliminac¸a˜o de valores faltantes, com o objetivo de garantir a qualidade
    dos dados uti-

    lizados no treinamento. Ale´m disso, o processo de pre´-processamento e´ responsa´vel
    pela

    combinac¸a˜o das diferentes fontes de dados para enriquecer e ampliar a diversidade
    das

    informac¸o˜es utilizadas no treinamento do modelo. Para otimizac¸a˜o de hiperparaˆmetros,'
  token_count_ref: 114
  char_count: 523
  source_block_hash: 849a535b01315482a09ef613ac0ef988929f1daba3f5ffae15257971c1b0d89c

Registrado: q-003-t15 = approved; revisão: D:\rag-ptbr-retrieval-pilot\data\annotations\reviews\review-4c96a76137fb456eb63beab2f92d24fa.yaml
question:
  question_id: q-003-t16
  text: Qual método de otimização de hiperparâmetros foi utilizado?
  expected_answer: Grid search
  origin_doc_id: art-003
  evidence:
  - evidence_id: q-003-t16-e1
    doc_id: art-003
    page: 6
    section: 3.4. Passo a passo do treinamento
    quote: 'utilizamos o me´todo de grid search, que nos permitiu explorar diversas
      combinac¸o˜es de

      hiperparaˆmetros e selecionar aquela que resultou no melhor desempenho. Vale
      ressaltar

      que a me´trica que utilizamos foi o Erro Quadra´tico Me´dio (RMSE), o qual nos
      forneceu

      umamedidadaqualidadedonossomodeloempreverosvaloresdeseveridade.'
    chunk_ids:
    - art-003-b0011-c000
    required_group: null
  question_type: factual
  modality: text
  review_status: draft
  notes: 'Pré-anotação A03-T16. Análise automática: READY_FOR_HUMAN_REVIEW. Trecho
    literal, página e suporte nos chunks conferidos automaticamente após seleção semântica
    por IA. Candidato produzido por IA; aguarda revisão humana.'
qrels:
- question_id: q-003-t16
  chunk_id: art-003-b0011-c000
  relevance: 1
evidence_groups: []
chunks:
- chunk_id: art-003-b0011-c000
  doc_id: art-003
  block_id: art-003-b0011
  page: 6
  section: 3.4. Passoapassodotreinamento
  modality: text
  text: 'utilizamos o me´todo de grid search, que nos permitiu explorar diversas combinac¸o˜es
    de

    hiperparaˆmetros e selecionar aquela que resultou no melhor desempenho. Vale ressaltar

    que a me´trica que utilizamos foi o Erro Quadra´tico Me´dio (RMSE), o qual nos
    forneceu

    umamedidadaqualidadedonossomodeloempreverosvaloresdeseveridade.'
  token_count_ref: 58
  char_count: 327
  source_block_hash: e02543d6cdf970ad0b3fe35b941690856ae6b36a066b1dc463948b6767e4a111

Registrado: q-003-t16 = approved; revisão: D:\rag-ptbr-retrieval-pilot\data\annotations\reviews\review-2652f0174700434e988b143c302dd748.yaml
question:
  question_id: q-003-t18
  text: O que um RMSE menor significa no contexto do trabalho?
  expected_answer: Que o modelo está melhor ajustado e as previsões estão mais próximas
    dos valores reais
  origin_doc_id: art-003
  evidence:
  - evidence_id: q-003-t18-e1
    doc_id: art-003
    page: 6
    section: 4. Resultados
    quote: 'No eixo Y e´ poss´ıvel observar valor do RMSE dos modelos estudados. Como
      no

      nosso trabalho estamos utilizando a te´cnica de regressa˜o, esse valor e´ calculado
      obtendo

      a me´dia das diferenc¸as ao quadrado entre o valor previsto pelo modelo e o
      valor real, e

      quanto menor o valor, significa que o modelo esta´ melhor ajustado e que as
      previso˜es

      esta˜opro´ximasdosvaloresreais.'
    chunk_ids:
    - art-003-b0013-c000
    required_group: null
  question_type: factual
  modality: text
  review_status: draft
  notes: 'Pré-anotação A03-T18. Análise automática: READY_FOR_HUMAN_REVIEW. Trecho
    literal, página e suporte nos chunks conferidos automaticamente após seleção semântica
    por IA. Candidato produzido por IA; aguarda revisão humana.'
qrels:
- question_id: q-003-t18
  chunk_id: art-003-b0013-c000
  relevance: 1
evidence_groups: []
chunks:
- chunk_id: art-003-b0013-c000
  doc_id: art-003
  block_id: art-003-b0013
  page: 6
  section: 4. Resultados
  modality: text
  text: 'A partir dos testes realizados, foi poss´ıvel realizar algumas ana´lises.
    A primeira delas e´

    comparar os gra´ficos das diferentes combinac¸o˜es para algumas cidades e ver
    como cada

    uma delas se comporta. Nas Figuras 2 e 3 podemos observar como variam os valores
    do

    RMSE para duas localidades diferentes, com uma delas obtendo uma melhora significa-

    tiva, principalmente quando adicionando os dados do pacote brclim e outra com
    pouca

    melhora,mesmocomacombinac¸a˜odetodasasfontesdedados.

    Nosgra´ficosaseguir,“T”representaosdadosdopacotebrclimr,“S”representam

    os dados de solo retirados do IBGE, “C” representa a base de dados de caracter´ısticas

    clima´ticas retirados do IBGE, “A” representa a altitude da localidade da plantac¸a˜o
    e “B”

    e´ abasededadossemacre´scimos.

    Figura2. Comparac¸a˜odasdiferentescombinac¸o˜esdedadosparaCampoVerde.

    No eixo Y e´ poss´ıvel observar valor do RMSE dos modelos estudados. Como no

    nosso trabalho estamos utilizando a te´cnica de regressa˜o, esse valor e´ calculado
    obtendo

    a me´dia das diferenc¸as ao quadrado entre o valor previsto pelo modelo e o valor
    real, e

    quanto menor o valor, significa que o modelo esta´ melhor ajustado e que as previso˜es

    esta˜opro´ximasdosvaloresreais.

    Outro resultado importante e´ sobre qual o desempenho dos modelos sobre todas

    ascidades. AFigura4trazessainformac¸a˜o.

    Ao analisar o gra´fico, percebemos que o acre´scimo dos dados provenientes do

    pacotebrclimr melhoramsignificativamenteoerrodetodososmodelosutilizados. Ale´m'
  token_count_ref: 297
  char_count: 1491
  source_block_hash: 15a2e72d56a2d1d34563a83eed7ea857a458059638c8ffbdffab450801d701df

Registrado: q-003-t18 = approved; revisão: D:\rag-ptbr-retrieval-pilot\data\annotations\reviews\review-efa881e2742f4d6698691b571ebef26e.yaml
question:
  question_id: q-003-t19
  text: O que representa a letra B nas combinações de dados apresentadas nos gráficos?
  expected_answer: A base de dados sem acréscimos
  origin_doc_id: art-003
  evidence:
  - evidence_id: q-003-t19-e1
    doc_id: art-003
    page: 6
    section: 4. Resultados
    quote: 'Nosgra´ficosaseguir,“T”representaosdadosdopacotebrclimr,“S”representam

      os dados de solo retirados do IBGE, “C” representa a base de dados de caracter´ısticas

      clima´ticas retirados do IBGE, “A” representa a altitude da localidade da plantac¸a˜o
      e “B”

      e´ abasededadossemacre´scimos.'
    chunk_ids:
    - art-003-b0013-c000
    required_group: null
  question_type: factual
  modality: text
  review_status: draft
  notes: 'Pré-anotação A03-T19. Análise automática: READY_FOR_HUMAN_REVIEW. Trecho
    literal, página e suporte nos chunks conferidos automaticamente após seleção semântica
    por IA. Candidato produzido por IA; aguarda revisão humana.'
qrels:
- question_id: q-003-t19
  chunk_id: art-003-b0013-c000
  relevance: 1
evidence_groups: []
chunks:
- chunk_id: art-003-b0013-c000
  doc_id: art-003
  block_id: art-003-b0013
  page: 6
  section: 4. Resultados
  modality: text
  text: 'A partir dos testes realizados, foi poss´ıvel realizar algumas ana´lises.
    A primeira delas e´

    comparar os gra´ficos das diferentes combinac¸o˜es para algumas cidades e ver
    como cada

    uma delas se comporta. Nas Figuras 2 e 3 podemos observar como variam os valores
    do

    RMSE para duas localidades diferentes, com uma delas obtendo uma melhora significa-

    tiva, principalmente quando adicionando os dados do pacote brclim e outra com
    pouca

    melhora,mesmocomacombinac¸a˜odetodasasfontesdedados.

    Nosgra´ficosaseguir,“T”representaosdadosdopacotebrclimr,“S”representam

    os dados de solo retirados do IBGE, “C” representa a base de dados de caracter´ısticas

    clima´ticas retirados do IBGE, “A” representa a altitude da localidade da plantac¸a˜o
    e “B”

    e´ abasededadossemacre´scimos.

    Figura2. Comparac¸a˜odasdiferentescombinac¸o˜esdedadosparaCampoVerde.

    No eixo Y e´ poss´ıvel observar valor do RMSE dos modelos estudados. Como no

    nosso trabalho estamos utilizando a te´cnica de regressa˜o, esse valor e´ calculado
    obtendo

    a me´dia das diferenc¸as ao quadrado entre o valor previsto pelo modelo e o valor
    real, e

    quanto menor o valor, significa que o modelo esta´ melhor ajustado e que as previso˜es

    esta˜opro´ximasdosvaloresreais.

    Outro resultado importante e´ sobre qual o desempenho dos modelos sobre todas

    ascidades. AFigura4trazessainformac¸a˜o.

    Ao analisar o gra´fico, percebemos que o acre´scimo dos dados provenientes do

    pacotebrclimr melhoramsignificativamenteoerrodetodososmodelosutilizados. Ale´m'
  token_count_ref: 297
  char_count: 1491
  source_block_hash: 15a2e72d56a2d1d34563a83eed7ea857a458059638c8ffbdffab450801d701df

Registrado: q-003-t19 = approved; revisão: D:\rag-ptbr-retrieval-pilot\data\annotations\reviews\review-61fe540575644740a5253895b1cce07c.yaml
question:
  question_id: q-003-t20
  text: Qual fonte de dados mostrou importância geral para reduzir o erro dos modelos?
  expected_answer: Os dados climáticos do pacote brclimr
  origin_doc_id: art-003
  evidence:
  - evidence_id: q-003-t20-e1
    doc_id: art-003
    page: 6
    section: 4. Resultados
    quote: 'Ao analisar o gra´fico, percebemos que o acre´scimo dos dados provenientes
      do

      pacotebrclimr melhoramsignificativamenteoerrodetodososmodelosutilizados. Ale´m'
    chunk_ids:
    - art-003-b0013-c000
    required_group: null
  question_type: factual
  modality: text
  review_status: draft
  notes: 'Pré-anotação A03-T20. Análise automática: READY_FOR_HUMAN_REVIEW. Trecho
    literal, página e suporte nos chunks conferidos automaticamente após seleção semântica
    por IA. Candidato produzido por IA; aguarda revisão humana.'
qrels:
- question_id: q-003-t20
  chunk_id: art-003-b0013-c000
  relevance: 1
evidence_groups: []
chunks:
- chunk_id: art-003-b0013-c000
  doc_id: art-003
  block_id: art-003-b0013
  page: 6
  section: 4. Resultados
  modality: text
  text: 'A partir dos testes realizados, foi poss´ıvel realizar algumas ana´lises.
    A primeira delas e´

    comparar os gra´ficos das diferentes combinac¸o˜es para algumas cidades e ver
    como cada

    uma delas se comporta. Nas Figuras 2 e 3 podemos observar como variam os valores
    do

    RMSE para duas localidades diferentes, com uma delas obtendo uma melhora significa-

    tiva, principalmente quando adicionando os dados do pacote brclim e outra com
    pouca

    melhora,mesmocomacombinac¸a˜odetodasasfontesdedados.

    Nosgra´ficosaseguir,“T”representaosdadosdopacotebrclimr,“S”representam

    os dados de solo retirados do IBGE, “C” representa a base de dados de caracter´ısticas

    clima´ticas retirados do IBGE, “A” representa a altitude da localidade da plantac¸a˜o
    e “B”

    e´ abasededadossemacre´scimos.

    Figura2. Comparac¸a˜odasdiferentescombinac¸o˜esdedadosparaCampoVerde.

    No eixo Y e´ poss´ıvel observar valor do RMSE dos modelos estudados. Como no

    nosso trabalho estamos utilizando a te´cnica de regressa˜o, esse valor e´ calculado
    obtendo

    a me´dia das diferenc¸as ao quadrado entre o valor previsto pelo modelo e o valor
    real, e

    quanto menor o valor, significa que o modelo esta´ melhor ajustado e que as previso˜es

    esta˜opro´ximasdosvaloresreais.

    Outro resultado importante e´ sobre qual o desempenho dos modelos sobre todas

    ascidades. AFigura4trazessainformac¸a˜o.

    Ao analisar o gra´fico, percebemos que o acre´scimo dos dados provenientes do

    pacotebrclimr melhoramsignificativamenteoerrodetodososmodelosutilizados. Ale´m'
  token_count_ref: 297
  char_count: 1491
  source_block_hash: 15a2e72d56a2d1d34563a83eed7ea857a458059638c8ffbdffab450801d701df

Registrado: q-003-t20 = approved; revisão: D:\rag-ptbr-retrieval-pilot\data\annotations\reviews\review-ea388e766a64489c8b5588987482420c.yaml
question:
  question_id: q-003-m01
  text: Considerando a explicação dos modelos e a Figura 1, qual modelo de árvores
    é ilustrado e o que a figura torna possível interpretar?
  expected_answer: CatBoost; a visualização de um weak learner permite observar caminhos
    de decisão do modelo
  origin_doc_id: art-003
  evidence:
  - evidence_id: q-003-m01-e1
    doc_id: art-003
    page: 5
    section: 3.3. Modelos Utilizados / Figura 1
    quote: 'Outros modelos utilizados baseados em A´rvores de Decisa˜o sa˜o o XGBoost
      e o

      CatBoost. A diferenc¸a desses dois para o Random Forest e´ que eles utilizam
      te´cnicas

      mais robustas para a combinac¸a˜o dos resultados dos diferentes Weak Learners,
      cha-

      mada de descida de gradiente. Essa te´cnica usa ca´lculos matema´ticos para
      reajustar os

      paraˆmetros dos Weak Learner para tentar melhorar o valor da previsa˜o. Ale´m
      disso, as

      capacidades de explicabilidade desses dois modelos sa˜o similares aos de Random
      Fo-

      rest[ChenandGuestrin2016][Dorogushetal. 2018]. Comoexemplo,naFigura1e´ mos-

      tradaumadasA´rvoresdeDecisa˜ousadasinternamentepelomodelodoCatBoost.

      Figura1. Visualizac¸a˜odeumWeakLearner domodeloCatBoost'
    chunk_ids:
    - art-003-b0009-c000
    required_group: q-003-m01-g1
  - evidence_id: q-003-m01-e2
    doc_id: art-003
    page: 4
    section: 3.3. Modelos Utilizados
    quote: 'Ale´m disso, esse modelo tem grandes capacidades de explicabilidade. Com
      ele

      e´ poss´ıvel obter informac¸o˜es como a importaˆncia de cada paraˆmetro e exportar
      uma

      representac¸a˜o visual de cada um dos Weak Learners. Isso possibilita visualizar
      os ca-

      minhos tomados pelo modelo para chegar em uma decisa˜o. Finalmente, pode-se
      utilizar'
    chunk_ids:
    - art-003-b0008-c000
    required_group: q-003-m01-g2
  question_type: multi_evidence
  modality: mixed
  review_status: draft
  notes: 'Pré-anotação A03-M01. Análise automática: READY_FOR_HUMAN_REVIEW. A identidade
    da árvore e a capacidade interpretativa estão na prosa e legenda. A pergunta não
    pede ler nós, valores ou caminhos específicos da imagem. Candidato produzido por
    IA; aguarda revisão humana.'
qrels:
- question_id: q-003-m01
  chunk_id: art-003-b0008-c000
  relevance: 1
- question_id: q-003-m01
  chunk_id: art-003-b0009-c000
  relevance: 1
evidence_groups:
- group_id: q-003-m01-g1
  question_id: q-003-m01
  required: true
  description: A árvore ilustrada na Figura 1 é um weak learner do CatBoost.
  chunk_ids:
  - art-003-b0009-c000
- group_id: q-003-m01-g2
  question_id: q-003-m01
  required: true
  description: A visualização de weak learners permite interpretar caminhos até decisões.
  chunk_ids:
  - art-003-b0008-c000
chunks:
- chunk_id: art-003-b0008-c000
  doc_id: art-003
  block_id: art-003-b0008
  page: 4
  section: 3.3. ModelosUtilizados
  modality: text
  text: 'Durante esse estudo, foram realizados testes com diferentes modelos com a
    intenc¸a˜o de

    encontrar quais conseguiriam obter os melhores resultados. As caracter´ısticas
    mais de-

    seja´veisdosmodelose´ acapacidadedeencontrarcomportamentosna˜olinearesnosdados

    e de serem explica´veis, pois esse tipo de modelo oferece mecanismos para conseguirmos

    interpretarseusresultadoseentendermosporquefoifeitadeterminadaprevisa˜o.

    Um dos modelos utilizados e´ o Random Forest. Ele funciona a partir da

    combinac¸a˜o de va´rias estruturas chamadas a´rvores de decisa˜o. Tais construc¸o˜es,
    sozi-

    nhas, geralmente na˜o produzem boas previso˜es. Entretanto, a partir das estrate´gias
    de

    combinac¸a˜odeprevisoresempregadasnoRandomForest,normalmenteme´diaouvoto,e´

    poss´ıvel obter resultados satisfato´rios [Breiman2001]. Essa situac¸a˜o se assemelha
    a um

    fenoˆmenoconhecidocomosabedoriadasmultido˜es.

    Ale´m disso, esse modelo tem grandes capacidades de explicabilidade. Com ele

    e´ poss´ıvel obter informac¸o˜es como a importaˆncia de cada paraˆmetro e exportar
    uma

    representac¸a˜o visual de cada um dos Weak Learners. Isso possibilita visualizar
    os ca-

    minhos tomados pelo modelo para chegar em uma decisa˜o. Finalmente, pode-se utilizar

    uma te´cnica conhecida como SHAP (sampling-based approximation approach) que per-

    miteobservaroquantoumatributodosdadosesta´ impactandooresultadofinal.'
  token_count_ref: 255
  char_count: 1368
  source_block_hash: 93448b6865e48ffaee258b7c10da24ef8f03cfd46a3bb4ebe93a8de81160f5b3
- chunk_id: art-003-b0009-c000
  doc_id: art-003
  block_id: art-003-b0009
  page: 5
  section: 3.3. ModelosUtilizados
  modality: text
  text: 'Outros modelos utilizados baseados em A´rvores de Decisa˜o sa˜o o XGBoost
    e o

    CatBoost. A diferenc¸a desses dois para o Random Forest e´ que eles utilizam te´cnicas

    mais robustas para a combinac¸a˜o dos resultados dos diferentes Weak Learners,
    cha-

    mada de descida de gradiente. Essa te´cnica usa ca´lculos matema´ticos para reajustar
    os

    paraˆmetros dos Weak Learner para tentar melhorar o valor da previsa˜o. Ale´m
    disso, as

    capacidades de explicabilidade desses dois modelos sa˜o similares aos de Random
    Fo-

    rest[ChenandGuestrin2016][Dorogushetal. 2018]. Comoexemplo,naFigura1e´ mos-

    tradaumadasA´rvoresdeDecisa˜ousadasinternamentepelomodelodoCatBoost.

    Figura1. Visualizac¸a˜odeumWeakLearner domodeloCatBoost

    OutromodeloutilizadonesteestudofoiaRedeNeuralpoistambe´mapresentaboa

    capacidadedeencontrarpadro˜esna˜olinearesemdados,entretantoseufuncionamentona˜o

    e´ baseadoemA´rvoresdedecisa˜ocomoosanteriores. Asredesneuraisforamcriadaspen-

    sandoemimitarofuncionamentodoce´rebrohumano,elee´ constitu´ıdadeva´riascamadas

    deestruturaschamadasdeneuroˆniosquesa˜oconectadosentresiporconexo˜essina´pticas,

    e a maneira com que uma rede neural e´ treinada e´ calculando diferentes pesos
    para cada

    uma dessas conexo˜es. O valor gerado no final e´ feito combinando os valores de
    cada

    conexa˜oeseusrespectivospesosparacadacamada[Wangetal. 2017].

    As redes neurais na˜o foram inicialmente constru´ıdas pensando em serem ex-

    plica´veis, entretanto, por conta do interesse nesse tipo de caracter´ısticas,
    mecanismos

    foram desenvolvidos para permitir essas capacidades. As formas de interpretac¸a˜o
    dos

    resultados de uma rede neural'
  token_count_ref: 284
  char_count: 1615
  source_block_hash: 6773764115e345ba8347f70fd2566f787f4d2863710c054f62c96b806e883c97

Registrado: q-003-m01 = approved; revisão: D:\rag-ptbr-retrieval-pilot\data\annotations\reviews\review-cf9ca3cd74bc473e9fefc42c4722efe7.yaml
question:
  question_id: q-003-m02
  text: Usando a legenda da Figura 2 e a explicação da Seção 4, o que o eixo Y mede
    e o que significam as letras T, S, C e A nas combinações?
  expected_answer: Mede RMSE; T são dados brclimr, S dados de solo do IBGE, C características
    climáticas do IBGE e A altitude da localidade
  origin_doc_id: art-003
  evidence:
  - evidence_id: q-003-m02-e1
    doc_id: art-003
    page: 6
    section: 4. Resultados
    quote: 'No eixo Y e´ poss´ıvel observar valor do RMSE dos modelos estudados. Como
      no

      nosso trabalho estamos utilizando a te´cnica de regressa˜o, esse valor e´ calculado
      obtendo

      a me´dia das diferenc¸as ao quadrado entre o valor previsto pelo modelo e o
      valor real, e

      quanto menor o valor, significa que o modelo esta´ melhor ajustado e que as
      previso˜es

      esta˜opro´ximasdosvaloresreais.'
    chunk_ids:
    - art-003-b0013-c000
    required_group: q-003-m02-g1
  - evidence_id: q-003-m02-e2
    doc_id: art-003
    page: 6
    section: 4. Resultados
    quote: 'Nosgra´ficosaseguir,“T”representaosdadosdopacotebrclimr,“S”representam

      os dados de solo retirados do IBGE, “C” representa a base de dados de caracter´ısticas

      clima´ticas retirados do IBGE, “A” representa a altitude da localidade da plantac¸a˜o
      e “B”

      e´ abasededadossemacre´scimos.'
    chunk_ids:
    - art-003-b0013-c000
    required_group: q-003-m02-g2
  question_type: multi_evidence
  modality: mixed
  review_status: draft
  notes: 'Pré-anotação A03-M02. Análise automática: READY_FOR_HUMAN_REVIEW. Eixo e
    legenda são explicados textualmente; nenhuma altura de barra foi inferida. A definição
    matemática de RMSE na fonte é imprecisa, como registrado em q-003-t17. Candidato
    produzido por IA; aguarda revisão humana.'
qrels:
- question_id: q-003-m02
  chunk_id: art-003-b0013-c000
  relevance: 1
evidence_groups:
- group_id: q-003-m02-g1
  question_id: q-003-m02
  required: true
  description: O eixo Y representa RMSE.
  chunk_ids:
  - art-003-b0013-c000
- group_id: q-003-m02-g2
  question_id: q-003-m02
  required: true
  description: T=brclimr, S=solo IBGE, C=clima IBGE, A=altitude.
  chunk_ids:
  - art-003-b0013-c000
chunks:
- chunk_id: art-003-b0013-c000
  doc_id: art-003
  block_id: art-003-b0013
  page: 6
  section: 4. Resultados
  modality: text
  text: 'A partir dos testes realizados, foi poss´ıvel realizar algumas ana´lises.
    A primeira delas e´

    comparar os gra´ficos das diferentes combinac¸o˜es para algumas cidades e ver
    como cada

    uma delas se comporta. Nas Figuras 2 e 3 podemos observar como variam os valores
    do

    RMSE para duas localidades diferentes, com uma delas obtendo uma melhora significa-

    tiva, principalmente quando adicionando os dados do pacote brclim e outra com
    pouca

    melhora,mesmocomacombinac¸a˜odetodasasfontesdedados.

    Nosgra´ficosaseguir,“T”representaosdadosdopacotebrclimr,“S”representam

    os dados de solo retirados do IBGE, “C” representa a base de dados de caracter´ısticas

    clima´ticas retirados do IBGE, “A” representa a altitude da localidade da plantac¸a˜o
    e “B”

    e´ abasededadossemacre´scimos.

    Figura2. Comparac¸a˜odasdiferentescombinac¸o˜esdedadosparaCampoVerde.

    No eixo Y e´ poss´ıvel observar valor do RMSE dos modelos estudados. Como no

    nosso trabalho estamos utilizando a te´cnica de regressa˜o, esse valor e´ calculado
    obtendo

    a me´dia das diferenc¸as ao quadrado entre o valor previsto pelo modelo e o valor
    real, e

    quanto menor o valor, significa que o modelo esta´ melhor ajustado e que as previso˜es

    esta˜opro´ximasdosvaloresreais.

    Outro resultado importante e´ sobre qual o desempenho dos modelos sobre todas

    ascidades. AFigura4trazessainformac¸a˜o.

    Ao analisar o gra´fico, percebemos que o acre´scimo dos dados provenientes do

    pacotebrclimr melhoramsignificativamenteoerrodetodososmodelosutilizados. Ale´m'
  token_count_ref: 297
  char_count: 1491
  source_block_hash: 15a2e72d56a2d1d34563a83eed7ea857a458059638c8ffbdffab450801d701df

Registrado: q-003-m02 = approved; revisão: D:\rag-ptbr-retrieval-pilot\data\annotations\reviews\review-62bf42b89e3c41c08d43cbce07ba342c.yaml
question:
  question_id: q-003-m04
  text: Como a Figura 4 e a análise dos resultados demonstram que adicionar todas
    as bases não é sempre a melhor escolha?
  expected_answer: Embora brclimr melhore significativamente o erro em geral, em um
    caso os dados brclimr sozinhos superam a combinação de todas as bases, indicando
    que alguns dados podem prejudicar o ajuste
  origin_doc_id: art-003
  evidence:
  - evidence_id: q-003-m04-e1
    doc_id: art-003
    page: 6
    section: 4. Resultados
    quote: 'Ao analisar o gra´fico, percebemos que o acre´scimo dos dados provenientes
      do

      pacotebrclimr melhoramsignificativamenteoerrodetodososmodelosutilizados. Ale´m'
    chunk_ids:
    - art-003-b0013-c000
    required_group: q-003-m04-g1
  - evidence_id: q-003-m04-e2
    doc_id: art-003
    page: 7
    section: 4. Resultados
    quote: 'disso, e´ poss´ıvel observar que em um dos casos, os dados do pacote brclimr
      sozinhos

      tiveram resultados melhores do que com todas as bases unidas, mostrando que
      alguns

      dadospodemestaratrapalhandoosmodelosseajustaremcorretamente.'
    chunk_ids:
    - art-003-b0014-c000
    required_group: q-003-m04-g2
  question_type: multi_evidence
  modality: mixed
  review_status: draft
  notes: 'Pré-anotação A03-M04. Análise automática: READY_FOR_HUMAN_REVIEW. A prosa
    descreve diretamente o contraste perguntado; não se identificou arbitrariamente
    qual modelo ou valor da Figura 4. O segundo trecho é continuação literal da análise
    da página anterior. Candidato produzido por IA; aguarda revisão humana.'
qrels:
- question_id: q-003-m04
  chunk_id: art-003-b0013-c000
  relevance: 1
- question_id: q-003-m04
  chunk_id: art-003-b0014-c000
  relevance: 1
evidence_groups:
- group_id: q-003-m04-g1
  question_id: q-003-m04
  required: true
  description: brclimr reduz significativamente o erro dos modelos em geral.
  chunk_ids:
  - art-003-b0013-c000
- group_id: q-003-m04-g2
  question_id: q-003-m04
  required: true
  description: Em um caso brclimr sozinho supera todas as bases combinadas.
  chunk_ids:
  - art-003-b0014-c000
chunks:
- chunk_id: art-003-b0013-c000
  doc_id: art-003
  block_id: art-003-b0013
  page: 6
  section: 4. Resultados
  modality: text
  text: 'A partir dos testes realizados, foi poss´ıvel realizar algumas ana´lises.
    A primeira delas e´

    comparar os gra´ficos das diferentes combinac¸o˜es para algumas cidades e ver
    como cada

    uma delas se comporta. Nas Figuras 2 e 3 podemos observar como variam os valores
    do

    RMSE para duas localidades diferentes, com uma delas obtendo uma melhora significa-

    tiva, principalmente quando adicionando os dados do pacote brclim e outra com
    pouca

    melhora,mesmocomacombinac¸a˜odetodasasfontesdedados.

    Nosgra´ficosaseguir,“T”representaosdadosdopacotebrclimr,“S”representam

    os dados de solo retirados do IBGE, “C” representa a base de dados de caracter´ısticas

    clima´ticas retirados do IBGE, “A” representa a altitude da localidade da plantac¸a˜o
    e “B”

    e´ abasededadossemacre´scimos.

    Figura2. Comparac¸a˜odasdiferentescombinac¸o˜esdedadosparaCampoVerde.

    No eixo Y e´ poss´ıvel observar valor do RMSE dos modelos estudados. Como no

    nosso trabalho estamos utilizando a te´cnica de regressa˜o, esse valor e´ calculado
    obtendo

    a me´dia das diferenc¸as ao quadrado entre o valor previsto pelo modelo e o valor
    real, e

    quanto menor o valor, significa que o modelo esta´ melhor ajustado e que as previso˜es

    esta˜opro´ximasdosvaloresreais.

    Outro resultado importante e´ sobre qual o desempenho dos modelos sobre todas

    ascidades. AFigura4trazessainformac¸a˜o.

    Ao analisar o gra´fico, percebemos que o acre´scimo dos dados provenientes do

    pacotebrclimr melhoramsignificativamenteoerrodetodososmodelosutilizados. Ale´m'
  token_count_ref: 297
  char_count: 1491
  source_block_hash: 15a2e72d56a2d1d34563a83eed7ea857a458059638c8ffbdffab450801d701df
- chunk_id: art-003-b0014-c000
  doc_id: art-003
  block_id: art-003-b0014
  page: 7
  section: 4. Resultados
  modality: text
  text: 'Figura3. Comparac¸a˜odasdiferentescombinac¸o˜esdedadosparaMaracaju.

    Figura4. Comparac¸a˜odasdiferentescombinac¸o˜esparatodasascidades

    disso, e´ poss´ıvel observar que em um dos casos, os dados do pacote brclimr sozinhos

    tiveram resultados melhores do que com todas as bases unidas, mostrando que alguns

    dadospodemestaratrapalhandoosmodelosseajustaremcorretamente.

    Outrasituac¸a˜orelevantee´ queomodeloparatodasascidadesna˜oapresentavalo-

    res ta˜o baixos como os mostrados em casos como o de Maracaju. Isso e´ por conta
    de um

    fenoˆmenocausadopeloscasoscomoodeCampoVerde,emqueomodeloapresentadifi-

    culdadesparaseajustaraalgumaspartesdoconjuntosdedados. Issoafetaaperformance

    geral do modelo elevando o valor do RMSE. Tal fenoˆmeno e´ detalhadamente estudado

    em[Chungetal. 2019].'
  token_count_ref: 120
  char_count: 776
  source_block_hash: f4fa6af128b2fb4d7d2342cc4cbe5bd758245fb7f8c6a6ee5a132e2f5c8f2caf

Registrado: q-003-m04 = approved; revisão: D:\rag-ptbr-retrieval-pilot\data\annotations\reviews\review-0df4fba87be745abad12a589dd451558.yaml
question:
  question_id: q-003-m05
  text: Combinando a descrição das fontes de dados com os gráficos de resultados,
    qual é a cadeia de informação usada para explicar por que uma previsão pode variar
    entre cidades?
  expected_answer: Dados de severidade e fungicidas são enriquecidos por município/ano
    com dados meteorológicos, solo, clima regional e altitude; os gráficos mostram
    que essas combinações afetam o RMSE de forma diferente conforme a cidade
  origin_doc_id: art-003
  evidence:
  - evidence_id: q-003-m05-e1
    doc_id: art-003
    page: 4
    section: 3.2. Tratamento de Dados
    quote: 'Os dados passaram por processos de tratamento, para que apenas os dados
      necessa´rios e

      relacionadosa`slocalidadesdesejadasfossemobtidos. Apo´sisso,essasinformac¸o˜esforam

      fundidas com o conjunto de dados principal da Embrapa de forma que fossem mantidas

      as relac¸o˜es de localidade e ano, assim, ao final desse processo, e´ obtido
      um conjunto de

      dados que relacionam solo, dados clima´ticos e agroto´xicos utilizados com a
      severidade

      daferrugemasia´tica.'
    chunk_ids:
    - art-003-b0007-c000
    required_group: q-003-m05-g1
  - evidence_id: q-003-m05-e2
    doc_id: art-003
    page: 4
    section: 3.2. Tratamento de Dados
    quote: 'nic´ıpios(atribuidospeloIBGE)ondeasplantac¸o˜esocorreram. Foramseparadoosvalores

      de desvio padra˜o e valores ma´ximos, m´ınimos e me´dios para cada diferente
      combinac¸a˜o

      demunic´ıpio,meˆseano. Foramselecionadososvaloresreferentesapre´-colheitadecada

      safra, nos meses de novembro e dezembro, e os valores foram acrescentados ao
      conjunto

      dedadosdeseveridade.'
    chunk_ids:
    - art-003-b0007-c001
    required_group: q-003-m05-g2
  - evidence_id: q-003-m05-e3
    doc_id: art-003
    page: 6
    section: 4. Resultados
    quote: 'Nosgra´ficosaseguir,“T”representaosdadosdopacotebrclimr,“S”representam

      os dados de solo retirados do IBGE, “C” representa a base de dados de caracter´ısticas

      clima´ticas retirados do IBGE, “A” representa a altitude da localidade da plantac¸a˜o
      e “B”

      e´ abasededadossemacre´scimos.'
    chunk_ids:
    - art-003-b0013-c000
    required_group: q-003-m05-g3
  - evidence_id: q-003-m05-e4
    doc_id: art-003
    page: 6
    section: 4. Resultados
    quote: 'A partir dos testes realizados, foi poss´ıvel realizar algumas ana´lises.
      A primeira delas e´

      comparar os gra´ficos das diferentes combinac¸o˜es para algumas cidades e ver
      como cada

      uma delas se comporta. Nas Figuras 2 e 3 podemos observar como variam os valores
      do

      RMSE para duas localidades diferentes, com uma delas obtendo uma melhora significa-

      tiva, principalmente quando adicionando os dados do pacote brclim e outra com
      pouca

      melhora,mesmocomacombinac¸a˜odetodasasfontesdedados.'
    chunk_ids:
    - art-003-b0013-c000
    required_group: q-003-m05-g4
  question_type: multi_evidence
  modality: mixed
  review_status: draft
  notes: 'Pré-anotação A03-M05. Análise automática: READY_FOR_HUMAN_REVIEW. A cadeia
    de dados e a variação qualitativa entre localidades são explicitadas na prosa.
    Diferentemente de m03, não é necessário atribuir uma barra/cidade específica.
    Candidato produzido por IA; aguarda revisão humana.'
qrels:
- question_id: q-003-m05
  chunk_id: art-003-b0007-c000
  relevance: 1
- question_id: q-003-m05
  chunk_id: art-003-b0007-c001
  relevance: 1
- question_id: q-003-m05
  chunk_id: art-003-b0013-c000
  relevance: 1
evidence_groups:
- group_id: q-003-m05-g1
  question_id: q-003-m05
  required: true
  description: Severidade, agroquímicos, solo e clima são integrados mantendo localidade
    e ano.
  chunk_ids:
  - art-003-b0007-c000
- group_id: q-003-m05-g2
  question_id: q-003-m05
  required: true
  description: Dados meteorológicos brclimr são associados pelo código municipal e
    safra.
  chunk_ids:
  - art-003-b0007-c001
- group_id: q-003-m05-g3
  question_id: q-003-m05
  required: true
  description: Combinações também incluem altitude da localidade.
  chunk_ids:
  - art-003-b0013-c000
- group_id: q-003-m05-g4
  question_id: q-003-m05
  required: true
  description: Efeitos sobre RMSE variam entre localidades.
  chunk_ids:
  - art-003-b0013-c000
chunks:
- chunk_id: art-003-b0007-c000
  doc_id: art-003
  block_id: art-003-b0007
  page: 4
  section: 3.2. TratamentodeDados
  modality: text
  text: 'Os dados passaram por processos de tratamento, para que apenas os dados necessa´rios
    e

    relacionadosa`slocalidadesdesejadasfossemobtidos. Apo´sisso,essasinformac¸o˜esforam

    fundidas com o conjunto de dados principal da Embrapa de forma que fossem mantidas

    as relac¸o˜es de localidade e ano, assim, ao final desse processo, e´ obtido um
    conjunto de

    dados que relacionam solo, dados clima´ticos e agroto´xicos utilizados com a severidade

    daferrugemasia´tica.

    Dados referente a`s caracter´ısticas clima´ticas de uma regia˜o foram obtidos
    nos re-

    posito´riosdoIBGE.Essesconjuntossa˜odisponibilizadosemarquivosnoformato“.shp”

    que e´ um tipo de arquivo comumente utilizado por sistemas de informac¸o˜es geogra´ficas.

    A informac¸a˜o contida dentro desse tipo de arquivo sa˜o descric¸o˜es de como
    desenhar de-

    terminadasregio˜esedepoisquaisasinformac¸o˜esrelacionadasadeterminadaregia˜o.

    Portanto, para obtermos os dados desejados foi necessa´rio o desenvolvimento de

    um co´digo capaz de usar as coordenadas de uma determinada regia˜o, informac¸a˜o
    encon-

    trada no conjunto de dados da Embrapa, consultar cada uma das regio˜es descritas
    no

    arquivo do IBGE procurando em qual delas a localidade estava dentro, quando fosse
    en-

    contrada a regia˜o, as informac¸o˜es eram retornadas. Esse processo foi executado
    para a

    obtenc¸a˜o dos dados referente aos aspectos clima´ticos de uma regia˜o e para
    os dados das

    caracter´ısticas do solo, os dados obtidos eram enta˜o unidos com o conjunto de
    dados do

    Embrapaparaserrelacionadocomosdadosdeseveridade.

    Para a fusa˜o dos dados obtidos do pacote brclimr, foi usado o co´digo dos mu-

    nic´ıpios(atribuidospeloIBGE)ondeasplantac¸o˜esocorreram. Foramseparado'
  token_count_ref: 347
  char_count: 1684
  source_block_hash: 478303572ebab854dc04ee1e8233c0003c4f11bda245f157faf16e230cea29da
- chunk_id: art-003-b0007-c001
  doc_id: art-003
  block_id: art-003-b0007
  page: 4
  section: 3.2. TratamentodeDados
  modality: text
  text: 'dados obtidos do pacote brclimr, foi usado o co´digo dos mu-

    nic´ıpios(atribuidospeloIBGE)ondeasplantac¸o˜esocorreram. Foramseparadoosvalores

    de desvio padra˜o e valores ma´ximos, m´ınimos e me´dios para cada diferente combinac¸a˜o

    demunic´ıpio,meˆseano. Foramselecionadososvaloresreferentesapre´-colheitadecada

    safra, nos meses de novembro e dezembro, e os valores foram acrescentados ao conjunto

    dedadosdeseveridade.'
  token_count_ref: 82
  char_count: 418
  source_block_hash: 478303572ebab854dc04ee1e8233c0003c4f11bda245f157faf16e230cea29da
- chunk_id: art-003-b0013-c000
  doc_id: art-003
  block_id: art-003-b0013
  page: 6
  section: 4. Resultados
  modality: text
  text: 'A partir dos testes realizados, foi poss´ıvel realizar algumas ana´lises.
    A primeira delas e´

    comparar os gra´ficos das diferentes combinac¸o˜es para algumas cidades e ver
    como cada

    uma delas se comporta. Nas Figuras 2 e 3 podemos observar como variam os valores
    do

    RMSE para duas localidades diferentes, com uma delas obtendo uma melhora significa-

    tiva, principalmente quando adicionando os dados do pacote brclim e outra com
    pouca

    melhora,mesmocomacombinac¸a˜odetodasasfontesdedados.

    Nosgra´ficosaseguir,“T”representaosdadosdopacotebrclimr,“S”representam

    os dados de solo retirados do IBGE, “C” representa a base de dados de caracter´ısticas

    clima´ticas retirados do IBGE, “A” representa a altitude da localidade da plantac¸a˜o
    e “B”

    e´ abasededadossemacre´scimos.

    Figura2. Comparac¸a˜odasdiferentescombinac¸o˜esdedadosparaCampoVerde.

    No eixo Y e´ poss´ıvel observar valor do RMSE dos modelos estudados. Como no

    nosso trabalho estamos utilizando a te´cnica de regressa˜o, esse valor e´ calculado
    obtendo

    a me´dia das diferenc¸as ao quadrado entre o valor previsto pelo modelo e o valor
    real, e

    quanto menor o valor, significa que o modelo esta´ melhor ajustado e que as previso˜es

    esta˜opro´ximasdosvaloresreais.

    Outro resultado importante e´ sobre qual o desempenho dos modelos sobre todas

    ascidades. AFigura4trazessainformac¸a˜o.

    Ao analisar o gra´fico, percebemos que o acre´scimo dos dados provenientes do

    pacotebrclimr melhoramsignificativamenteoerrodetodososmodelosutilizados. Ale´m'
  token_count_ref: 297
  char_count: 1491
  source_block_hash: 15a2e72d56a2d1d34563a83eed7ea857a458059638c8ffbdffab450801d701df

Registrado: q-003-m05 = approved; revisão: D:\rag-ptbr-retrieval-pilot\data\annotations\reviews\review-6f1508566cc54ddc8e5a3bc5e03feffd.yaml
question:
  question_id: q-004-t01
  text: Qual tipo de rede óptica é o foco do artigo?
  expected_answer: Redes ópticas elásticas com multiplexação por divisão espacial,
    ou SDM-EONs, usando fibras multinúcleo
  origin_doc_id: art-004
  evidence:
  - evidence_id: q-004-t01-e1
    doc_id: art-004
    page: 1
    section: Resumo
    quote: 'Resumo. Redes o´pticas ela´sticas com multiplexac¸a˜o por divisa˜o espacial

      (SDM-EON), usando fibras multi-nu´cleos (MCF), sa˜o promissoras para as fu-

      turas redes de transporte.'
    chunk_ids:
    - art-004-b0001-c000
    required_group: null
  - evidence_id: q-004-t01-e2
    doc_id: art-004
    page: 1
    section: Seção 1
    quote: 'A rede o´ptica ela´stica com multiplexac¸a˜o por divisa˜o espacial (spatial-division
      multi-

      plexing elastic optical network - SDM-EON), em particular usando fibras multi-nu´cleo

      (multi-core fiber - MCF)'
    chunk_ids:
    - art-004-b0002-c000
    required_group: null
  question_type: factual
  modality: text
  review_status: draft
  notes: 'Pré-anotação A04-T01. Análise automática: READY_FOR_HUMAN_REVIEW. Suporte
    literal conferido no Markdown extraído e no chunk congelado; página verificada
    pelo marcador PAGE da extração. Candidato produzido por IA, permanece draft. Candidato
    produzido por IA; aguarda revisão humana.'
qrels:
- question_id: q-004-t01
  chunk_id: art-004-b0001-c000
  relevance: 1
- question_id: q-004-t01
  chunk_id: art-004-b0002-c000
  relevance: 1
evidence_groups: []
chunks:
- chunk_id: art-004-b0001-c000
  doc_id: art-004
  block_id: art-004-b0001
  page: 1
  section: 1 ProgramadePo´s-Graduac¸a˜oemCieˆnciadaComputac¸a˜oemassociac¸a˜oUFMA/UFPI
  modality: text
  text: 'UniversidadeFederaldoPiau´ı(UFPI)

    Teresina-PI,Brasil

    2InstitutoFederaldeEducac¸a˜o,CieˆnciaeTecnologiadoPiau´ı(IFPI)

    Corrente-PI,Brasil

    3InstitutodeTelecomunicac¸o˜es,DepartamentodeCieˆnciaseTecnologiasda

    Informac¸a˜o(DCTI),Iscte-InstitutoUniversita´riodeLisboa

    Lisboa,Portugal

    jurandir.cavalcante@ifpi.edu.br

    Abstract. Spatial division multiplexing elastic optical networks (SDM-EON)

    using multicore fibers (MCF) are promising candidates for the future transport

    networks. In MCFs, a new dimension is added to the resource allocation pro-

    blem: core allocation. In this paper, a machine learning algorithm for core

    allocation(AMN)inSDM-EONsisproposed. Comparedwithothersolutionsin

    the literature and a scenario with a low crosstalk level, AMN achieves at least

    25.35%gainintermsofrequestblockingprobability(RBP)andatleast24.81%

    for blocked data ratio (BDR). In a scenario with a high crosstalk level, AMN

    achievesatleast8.16%gainforRBPandatleast9.28%forBDR.

    Resumo. Redes o´pticas ela´sticas com multiplexac¸a˜o por divisa˜o espacial

    (SDM-EON), usando fibras multi-nu´cleos (MCF), sa˜o promissoras para as fu-

    turas redes de transporte. Em MCFs, surge uma nova dimensa˜o no problema

    dealocac¸a˜oderecursos: aalocac¸a˜odonu´cleo. Esteartigopropo˜eoalgoritmo

    com aprendizado de ma´quina para escolha de nu´cleo (AMN) em SDM-EONs.

    Comparado com outras soluc¸o˜es e em cena´rio com baixa incideˆncia de cross-

    talk, o AMN obteve ganhos de ao menos 25,35% em termos de probabilidade

    de bloqueio de requisic¸a˜o'
  token_count_ref: 324
  char_count: 1506
  source_block_hash: 06bbcf9ae7f423317ca187b1fd6c70174c39b6b964d872b465e636e9bfdafe26
- chunk_id: art-004-b0002-c000
  doc_id: art-004
  block_id: art-004-b0002
  page: 1
  section: 1. Introduc¸a˜o
  modality: text
  text: 'A rede o´ptica ela´stica com multiplexac¸a˜o por divisa˜o espacial (spatial-division
    multi-

    plexing elastic optical network - SDM-EON), em particular usando fibras multi-nu´cleo

    (multi-core fiber - MCF), vem sendo estudada nos u´ltimos anos pela comunidade
    ci-

    ent´ıfica para dar resposta a`s necessidades crescentes de capacidade nas redes
    de trans-

    porte. Neste tipo de rede, ale´m da possibilidade de atendimento de va´rios clientes
    em

    umau´nicafibrao´ptica,pode-seenviarinformac¸a˜oprovenientedeva´riosclientesemcada'
  token_count_ref: 118
  char_count: 520
  source_block_hash: 7398b0b155a9de707db1ff3320c341cb130c453d9cdd5c2df855c9ec7b741663

Registrado: q-004-t01 = approved; revisão: D:\rag-ptbr-retrieval-pilot\data\annotations\reviews\review-6b169aa5be564aa3a16710837af50007.yaml
question:
  question_id: q-004-t02
  text: Que novo problema de alocação de recursos surge nas fibras multinúcleo?
  expected_answer: A alocação do núcleo da fibra
  origin_doc_id: art-004
  evidence:
  - evidence_id: q-004-t02-e1
    doc_id: art-004
    page: 1
    section: Resumo
    quote: 'Em MCFs, surge uma nova dimensa˜o no problema

      dealocac¸a˜oderecursos: aalocac¸a˜odonu´cleo.'
    chunk_ids:
    - art-004-b0001-c000
    required_group: null
  question_type: factual
  modality: text
  review_status: draft
  notes: 'Pré-anotação A04-T02. Análise automática: READY_FOR_HUMAN_REVIEW. Suporte
    literal conferido no Markdown extraído e no chunk congelado; página verificada
    pelo marcador PAGE da extração. Candidato produzido por IA, permanece draft. Candidato
    produzido por IA; aguarda revisão humana.'
qrels:
- question_id: q-004-t02
  chunk_id: art-004-b0001-c000
  relevance: 1
evidence_groups: []
chunks:
- chunk_id: art-004-b0001-c000
  doc_id: art-004
  block_id: art-004-b0001
  page: 1
  section: 1 ProgramadePo´s-Graduac¸a˜oemCieˆnciadaComputac¸a˜oemassociac¸a˜oUFMA/UFPI
  modality: text
  text: 'UniversidadeFederaldoPiau´ı(UFPI)

    Teresina-PI,Brasil

    2InstitutoFederaldeEducac¸a˜o,CieˆnciaeTecnologiadoPiau´ı(IFPI)

    Corrente-PI,Brasil

    3InstitutodeTelecomunicac¸o˜es,DepartamentodeCieˆnciaseTecnologiasda

    Informac¸a˜o(DCTI),Iscte-InstitutoUniversita´riodeLisboa

    Lisboa,Portugal

    jurandir.cavalcante@ifpi.edu.br

    Abstract. Spatial division multiplexing elastic optical networks (SDM-EON)

    using multicore fibers (MCF) are promising candidates for the future transport

    networks. In MCFs, a new dimension is added to the resource allocation pro-

    blem: core allocation. In this paper, a machine learning algorithm for core

    allocation(AMN)inSDM-EONsisproposed. Comparedwithothersolutionsin

    the literature and a scenario with a low crosstalk level, AMN achieves at least

    25.35%gainintermsofrequestblockingprobability(RBP)andatleast24.81%

    for blocked data ratio (BDR). In a scenario with a high crosstalk level, AMN

    achievesatleast8.16%gainforRBPandatleast9.28%forBDR.

    Resumo. Redes o´pticas ela´sticas com multiplexac¸a˜o por divisa˜o espacial

    (SDM-EON), usando fibras multi-nu´cleos (MCF), sa˜o promissoras para as fu-

    turas redes de transporte. Em MCFs, surge uma nova dimensa˜o no problema

    dealocac¸a˜oderecursos: aalocac¸a˜odonu´cleo. Esteartigopropo˜eoalgoritmo

    com aprendizado de ma´quina para escolha de nu´cleo (AMN) em SDM-EONs.

    Comparado com outras soluc¸o˜es e em cena´rio com baixa incideˆncia de cross-

    talk, o AMN obteve ganhos de ao menos 25,35% em termos de probabilidade

    de bloqueio de requisic¸a˜o'
  token_count_ref: 324
  char_count: 1506
  source_block_hash: 06bbcf9ae7f423317ca187b1fd6c70174c39b6b964d872b465e636e9bfdafe26

Registrado: q-004-t02 = approved; revisão: D:\rag-ptbr-retrieval-pilot\data\annotations\reviews\review-edce1a1cb1f94f4cb05ce97fb7b7ec4d.yaml
question:
  question_id: q-004-t03
  text: O que significa a sigla AMN?
  expected_answer: Algoritmo com aprendizado de máquina para escolha de núcleo
  origin_doc_id: art-004
  evidence:
  - evidence_id: q-004-t03-e1
    doc_id: art-004
    page: 6
    section: Seção 4
    quote: 'Neste artigo e´ proposto o algoritmo com aprendizado de ma´quina para
      escolha de nu´cleo

      (AMN) em SDM-EONs.'
    chunk_ids:
    - art-004-b0018-c000
    required_group: null
  question_type: factual
  modality: text
  review_status: draft
  notes: 'Pré-anotação A04-T03. Análise automática: READY_FOR_HUMAN_REVIEW. Suporte
    literal conferido no Markdown extraído e no chunk congelado; página verificada
    pelo marcador PAGE da extração. Candidato produzido por IA, permanece draft. Candidato
    produzido por IA; aguarda revisão humana.'
qrels:
- question_id: q-004-t03
  chunk_id: art-004-b0018-c000
  relevance: 1
evidence_groups: []
chunks:
- chunk_id: art-004-b0018-c000
  doc_id: art-004
  block_id: art-004-b0018
  page: 6
  section: 4. Algoritmo Proposto
  modality: text
  text: 'Neste artigo e´ proposto o algoritmo com aprendizado de ma´quina para escolha
    de nu´cleo

    (AMN) em SDM-EONs. O AMN utiliza uma rede neural artificial (RNA) para aprender

    o comportamento de outro algoritmo em determinados estados da rede e extrair carac-

    ter´ısticas chaves para a alocac¸a˜o de nu´cleo. A RNA do AMN e´ treinada para
    aprender

    comohisto´ricodesucessodeoutroalgoritmoeproduzirresultadosmelhoressemneces-

    sidade de execuc¸a˜o deste algoritmo. O fluxo de funcionamento do AMN e´ composto
    de

    treˆs passos: o primeiro passo constitui a criac¸a˜o de uma base de dados, o segundo
    passo

    corresponde ao treinamento da RNA e o terceiro passo constitui a execuc¸a˜o do
    AMN

    duranteafasedefuncionamentodarede. OfluxodoAMNe´ mostradonaFigura1.

    Passo 1.Gerar uma base Passo 2.Treinar a rede Passo 3.Executar a rede

    de dados com ≈ 800.000 neural para aprender o neural treinada para

    registros. comportamento da base. escolha do núcleo.

    Rede neural não treinada Rede neural treinada

    Algoritmo'
  token_count_ref: 198
  char_count: 989
  source_block_hash: c1d29ba3f7320ee53a245f5c1604c46b8c689ac2312cf43debb5015ec2588274

Registrado: q-004-t03 = approved; revisão: D:\rag-ptbr-retrieval-pilot\data\annotations\reviews\review-3e3f001cf9334f7989de82cde2239a54.yaml
question:
  question_id: q-004-t04
  text: Qual fenômeno de interferência entre núcleos é um desafio central em SDM-EONs?
  expected_answer: Crosstalk inter-núcleo (XT)
  origin_doc_id: art-004
  evidence:
  - evidence_id: q-004-t04-e1
    doc_id: art-004
    page: 2
    section: Seção 1
    quote: 'Um destes desafios e´ o crosstalk (XT) inter-nu´cleo [Hayashietal. 2011].
      O XT e´

      um tipo de interfereˆncia que ocorre quando a mesma faixa de frequeˆncia e´
      utilizada por

      doisnu´cleospro´ximos. Quantomenoradistaˆnciaentreosnu´cleos,maioroefeitodoXT.'
    chunk_ids:
    - art-004-b0003-c000
    required_group: null
  question_type: factual
  modality: text
  review_status: draft
  notes: 'Pré-anotação A04-T04. Análise automática: READY_FOR_HUMAN_REVIEW. Suporte
    literal conferido no Markdown extraído e no chunk congelado; página verificada
    pelo marcador PAGE da extração. Candidato produzido por IA, permanece draft. Candidato
    produzido por IA; aguarda revisão humana.'
qrels:
- question_id: q-004-t04
  chunk_id: art-004-b0003-c000
  relevance: 1
evidence_groups: []
chunks:
- chunk_id: art-004-b0003-c000
  doc_id: art-004
  block_id: art-004-b0003
  page: 2
  section: 1. Introduc¸a˜o
  modality: text
  text: 'um dos nu´cleos. No entanto, este tipo de fibra apresenta desafios para o
    seu uso em

    EONs. Um destes desafios e´ o crosstalk (XT) inter-nu´cleo [Hayashietal. 2011].
    O XT e´

    um tipo de interfereˆncia que ocorre quando a mesma faixa de frequeˆncia e´ utilizada
    por

    doisnu´cleospro´ximos. Quantomenoradistaˆnciaentreosnu´cleos,maioroefeitodoXT.

    Outro desafio para o planejamento de uma SDM-EON e´ o problema de rotea-

    mento, escolha de modulac¸a˜o, alocac¸a˜o de nu´cleo e espectro (routing, modulation,
    spec-

    trum and core allocation - RMSCA) [Muhammadetal. 2015] [Brasileiroetal. 2020].

    Tal problema deve ser resolvido toda vez que o plano de controle da rede for alocar
    um

    novo caminho o´ptico. Os caminhos o´pticos sa˜o usados para transportar informac¸a˜o
    entre

    dois pontos na rede. O problema RMSCA consiste em quatro subproblemas: i) rotea-

    mento,queconsisteemescolherumarotaentreumno´ deorigemO eumno´ dedestinoD

    na rede; ii) escolha da modulac¸a˜o, que consiste em definir qual o formato de
    modulac¸a˜o

    sera´ usadopelocaminhoo´ptico. Amodulac¸a˜oe´ aformadecodificac¸a˜odainformac¸a˜o(re-

    presentada por bits) em sinais digitais [TanenbaumandWetherall2011]; iii) escolha
    do

    nu´cleo, onde o plano de controle deve escolher qual dos nu´cleos da fibra sera´
    usado pelo

    caminhoo´ptico;eiv)alocac¸a˜odeespectro,queconsistedefinirqualporc¸a˜oespectralsera´

    usadapelocaminhoo´ptico. Oespectroo´ptico,emumaredeo´pticaela´stica,e´ divididoem

    porc¸o˜esde12,5GHzdenominadasslots'
  token_count_ref: 332
  char_count: 1473
  source_block_hash: a9f566a89074006b387b7ec77c3ea5e73bd517fc43671b1e162cec7c739b2e38

Registrado: q-004-t04 = approved; revisão: D:\rag-ptbr-retrieval-pilot\data\annotations\reviews\review-0a24332e8f5f41d89030a54d72a687d7.yaml
question:
  question_id: q-004-t05
  text: Quais são os quatro subproblemas do RMSCA apresentados no artigo?
  expected_answer: Roteamento, escolha de modulação, escolha de núcleo e alocação
    de espectro
  origin_doc_id: art-004
  evidence:
  - evidence_id: q-004-t05-e1
    doc_id: art-004
    page: 2
    section: Seção 1
    quote: 'O problema RMSCA consiste em quatro subproblemas: i) rotea-

      mento,queconsisteemescolherumarotaentreumno´ deorigemO eumno´ dedestinoD

      na rede; ii) escolha da modulac¸a˜o, que consiste em definir qual o formato
      de modulac¸a˜o

      sera´ usadopelocaminhoo´ptico. Amodulac¸a˜oe´ aformadecodificac¸a˜odainformac¸a˜o(re-

      presentada por bits) em sinais digitais [TanenbaumandWetherall2011]; iii) escolha
      do

      nu´cleo, onde o plano de controle deve escolher qual dos nu´cleos da fibra sera´
      usado pelo

      caminhoo´ptico;eiv)alocac¸a˜odeespectro,queconsistedefinirqualporc¸a˜oespectralsera´

      usadapelocaminhoo´ptico.'
    chunk_ids:
    - art-004-b0003-c000
    required_group: null
  question_type: factual
  modality: text
  review_status: draft
  notes: 'Pré-anotação A04-T05. Análise automática: READY_FOR_HUMAN_REVIEW. Suporte
    literal conferido no Markdown extraído e no chunk congelado; página verificada
    pelo marcador PAGE da extração. Candidato produzido por IA, permanece draft. Candidato
    produzido por IA; aguarda revisão humana.'
qrels:
- question_id: q-004-t05
  chunk_id: art-004-b0003-c000
  relevance: 1
evidence_groups: []
chunks:
- chunk_id: art-004-b0003-c000
  doc_id: art-004
  block_id: art-004-b0003
  page: 2
  section: 1. Introduc¸a˜o
  modality: text
  text: 'um dos nu´cleos. No entanto, este tipo de fibra apresenta desafios para o
    seu uso em

    EONs. Um destes desafios e´ o crosstalk (XT) inter-nu´cleo [Hayashietal. 2011].
    O XT e´

    um tipo de interfereˆncia que ocorre quando a mesma faixa de frequeˆncia e´ utilizada
    por

    doisnu´cleospro´ximos. Quantomenoradistaˆnciaentreosnu´cleos,maioroefeitodoXT.

    Outro desafio para o planejamento de uma SDM-EON e´ o problema de rotea-

    mento, escolha de modulac¸a˜o, alocac¸a˜o de nu´cleo e espectro (routing, modulation,
    spec-

    trum and core allocation - RMSCA) [Muhammadetal. 2015] [Brasileiroetal. 2020].

    Tal problema deve ser resolvido toda vez que o plano de controle da rede for alocar
    um

    novo caminho o´ptico. Os caminhos o´pticos sa˜o usados para transportar informac¸a˜o
    entre

    dois pontos na rede. O problema RMSCA consiste em quatro subproblemas: i) rotea-

    mento,queconsisteemescolherumarotaentreumno´ deorigemO eumno´ dedestinoD

    na rede; ii) escolha da modulac¸a˜o, que consiste em definir qual o formato de
    modulac¸a˜o

    sera´ usadopelocaminhoo´ptico. Amodulac¸a˜oe´ aformadecodificac¸a˜odainformac¸a˜o(re-

    presentada por bits) em sinais digitais [TanenbaumandWetherall2011]; iii) escolha
    do

    nu´cleo, onde o plano de controle deve escolher qual dos nu´cleos da fibra sera´
    usado pelo

    caminhoo´ptico;eiv)alocac¸a˜odeespectro,queconsistedefinirqualporc¸a˜oespectralsera´

    usadapelocaminhoo´ptico. Oespectroo´ptico,emumaredeo´pticaela´stica,e´ divididoem

    porc¸o˜esde12,5GHzdenominadasslots'
  token_count_ref: 332
  char_count: 1473
  source_block_hash: a9f566a89074006b387b7ec77c3ea5e73bd517fc43671b1e162cec7c739b2e38

Registrado: q-004-t05 = approved; revisão: D:\rag-ptbr-retrieval-pilot\data\annotations\reviews\review-50a5f900b12743b8bc2fbc6d4c53c736.yaml
question:
  question_id: q-004-t06
  text: Qual largura tem cada slot de frequência do espectro óptico na rede descrita?
  expected_answer: 12,5 GHz
  origin_doc_id: art-004
  evidence:
  - evidence_id: q-004-t06-e1
    doc_id: art-004
    page: 2
    section: Seção 1
    quote: 'Oespectroo´ptico,emumaredeo´pticaela´stica,e´ divididoem

      porc¸o˜esde12,5GHzdenominadasslotsdefrequeˆncia[ITU-TG.694.12020].'
    chunk_ids:
    - art-004-b0003-c001
    required_group: null
  - evidence_id: q-004-t06-e2
    doc_id: art-004
    page: 8
    section: Seção 5
    quote: 'Cada

      nu´cleoe´ divididoem320slotsdefrequeˆncia,emquecadaslotpossui12,5GHz.'
    chunk_ids:
    - art-004-b0028-c000
    required_group: null
  question_type: factual
  modality: text
  review_status: draft
  notes: 'Pré-anotação A04-T06. Análise automática: READY_FOR_HUMAN_REVIEW. Suporte
    literal conferido no Markdown extraído e no chunk congelado; página verificada
    pelo marcador PAGE da extração. Candidato produzido por IA, permanece draft. Candidato
    produzido por IA; aguarda revisão humana.'
qrels:
- question_id: q-004-t06
  chunk_id: art-004-b0003-c001
  relevance: 1
- question_id: q-004-t06
  chunk_id: art-004-b0028-c000
  relevance: 1
evidence_groups: []
chunks:
- chunk_id: art-004-b0003-c001
  doc_id: art-004
  block_id: art-004-b0003
  page: 2
  section: 1. Introduc¸a˜o
  modality: text
  text: 'usadapelocaminhoo´ptico. Oespectroo´ptico,emumaredeo´pticaela´stica,e´ divididoem

    porc¸o˜esde12,5GHzdenominadasslotsdefrequeˆncia[ITU-TG.694.12020].

    O uso de aprendizado de ma´quina (machine learning - ML) mostra-se promissor

    para diversas suba´reas das redes o´pticas [Zhangetal. 2020]. Isso devido ao fato
    que os

    algoritmos de ML podem aprender padro˜es a partir do histo´rico de execuc¸a˜o
    de outros

    algoritmos. Assim, elimina-se a necessidade de executar algoritmos RMSCA complexos

    no momento de operac¸a˜o da rede. O uso de ML para o problema espec´ıfico de alocac¸a˜o

    denu´cleoeespectroemSDM-EONaindana˜ofoiamplamenteestudadonaliteratura.

    Oobjetivodesteartigoe´ proporumasoluc¸a˜oparaaalocac¸a˜odenu´cleoemSDM-

    EON.Paraisso,oalgoritmocomaprendizadodema´quinaparaescolhadenu´cleo(AMN)

    e´ propostoparaSDM-EON.OAMNutilizaumaredeneuralartificialparaaprendercom-

    portamentos da rede e auxiliar na alocac¸a˜o de nu´cleo de forma a reduzir a ocorreˆncia

    de XT. Como contribuic¸o˜es, o AMN oferece ganho em termos de probabilidade de
    blo-

    queio de requisic¸a˜o e raza˜o de dados bloqueados, considerando as principais
    limitac¸o˜es

    de camada f´ısica, quando comparados a outros trabalhos. Ale´m disso, o AMN inova
    ao

    introduzirousodete´cnicasdeMLnocontextodealocac¸a˜odenu´cleosemSDM-EONs.

    O restante deste artigo esta´ organizado da seguinte forma: A Sec¸a˜o 2 apresenta

    os trabalhos relacionados ao tema deste artigo. As limitac¸o˜es de camada f´'
  token_count_ref: 314
  char_count: 1445
  source_block_hash: a9f566a89074006b387b7ec77c3ea5e73bd517fc43671b1e162cec7c739b2e38
- chunk_id: art-004-b0028-c000
  doc_id: art-004
  block_id: art-004-b0028
  page: 8
  section: 16-QAM
  modality: text
  text: 'Distaˆncia 1.250km

    LimiardeOSNR 15,1dB

    LimiardeXT -25dB

    A largura de banda do caminho o´ptico i, B , com uma determinada taxa de

    i

    bits de informac¸a˜o R , n´ıvel de modulac¸a˜o M (nu´mero de s´ımbolos distintos
    do es-

    b,i

    quemademodulac¸a˜o)esobrecargaFECF e´ dadapor: B =1,1R (1+F)/(2log M)

    i b,i 2

    [Gaoetal. 2014]. Assim, um nu´mero inteiro de slots deve ser atribu´ıdo para cobrir
    esta

    demandaporlarguradebanda. Nocena´riosimulado,cadafibrapossuisetenu´cleos. Cada

    nu´cleoe´ divididoem320slotsdefrequeˆncia,emquecadaslotpossui12,5GHz. Abanda

    deguardapossuilarguradebandadeumslot.

    Outrosparaˆmetrosutilizadosesta˜olistados

    naTabela3[BeyranvandandSalehi2013],[Zhaoetal. 2015],[Lobatoetal. 2019].

    Osalgoritmossa˜oavaliadosemtermosdeprobabilidadedebloqueioderequisic¸a˜o

    (PBR) e raza˜o de dados bloqueados (RDB). A PBR quantifica quantas requisic¸o˜es
    so-'
  token_count_ref: 194
  char_count: 855
  source_block_hash: 05ba43afc54d7864bfde952d0f90f85c0b8fde4161828f4f4c3408d2f005f978

Registrado: q-004-t06 = approved; revisão: D:\rag-ptbr-retrieval-pilot\data\annotations\reviews\review-3506005d6f3d41f7a92a0169dd151043.yaml
question:
  question_id: q-004-t07
  text: Qual é a diferença entre estratégias XT-aware e XT-avoid?
  expected_answer: XT-aware usa níveis de crosstalk em tempo real; XT-avoid tenta
    evitá-lo sem conhecer seus valores em tempo real
  origin_doc_id: art-004
  evidence:
  - evidence_id: q-004-t07-e1
    doc_id: art-004
    page: 2
    section: Seção 2
    quote: 'As estrate´gias XT-aware sa˜o cientes de crosstalk e utilizam

      os valores e n´ıveis de crosstalk em tempo real para a tomada de decisa˜o no
      problema

      RMSCA. Ja´ as estrate´gias XT-avoid buscam alocar os recursos da rede de forma
      a evitar

      o crosstalk sem possuir os valores em tempo real.'
    chunk_ids:
    - art-004-b0004-c000
    required_group: null
  question_type: factual
  modality: text
  review_status: draft
  notes: 'Pré-anotação A04-T07. Análise automática: READY_FOR_HUMAN_REVIEW. Suporte
    literal conferido no Markdown extraído e no chunk congelado; página verificada
    pelo marcador PAGE da extração. Candidato produzido por IA, permanece draft. Candidato
    produzido por IA; aguarda revisão humana.'
qrels:
- question_id: q-004-t07
  chunk_id: art-004-b0004-c000
  relevance: 1
evidence_groups: []
chunks:
- chunk_id: art-004-b0004-c000
  doc_id: art-004
  block_id: art-004-b0004
  page: 2
  section: 2. Trabalhos Relacionados
  modality: text
  text: 'Tradicionalmente existem duas formas de considerar o crosstalk ao resolver
    o problema

    RMSCA em SDM-EONs. As estrate´gias XT-aware sa˜o cientes de crosstalk e utilizam

    os valores e n´ıveis de crosstalk em tempo real para a tomada de decisa˜o no problema

    RMSCA. Ja´ as estrate´gias XT-avoid buscam alocar os recursos da rede de forma
    a evitar

    o crosstalk sem possuir os valores em tempo real. Apesar de bons n´ıveis de eficieˆncia,

    as estrate´gias XT-aware introduzem um alto custo computacional para serem executa-'
  token_count_ref: 109
  char_count: 513
  source_block_hash: 86f3d446c806f7f7efd9d34ed5190b674f8f56d7d51a95f3d9ff4377442fdc44

Registrado: q-004-t07 = approved; revisão: D:\rag-ptbr-retrieval-pilot\data\annotations\reviews\review-4eef2b1a6e3f44d2a962ce1424776baf.yaml
question:
  question_id: q-004-t08
  text: Qual tipo de estratégia de crosstalk é adotada pelo artigo?
  expected_answer: XT-avoid
  origin_doc_id: art-004
  evidence:
  - evidence_id: q-004-t08-e1
    doc_id: art-004
    page: 3
    section: Seção 2
    quote: 'Buscando eficieˆncia e baixo custo computacional, este artigo aborda o
      problema de

      alocac¸a˜oderecursosemSDM-EONatrave´sdeme´todosXT-avoid.'
    chunk_ids:
    - art-004-b0005-c000
    required_group: null
  - evidence_id: q-004-t08-e2
    doc_id: art-004
    page: 4
    section: Seção 2
    quote: 'deste artigo, que propo˜e o uso de redes neurais para definir o melhor
      nu´cleo a ser usado,

      semoconhecimentodosn´ıveisdeXT(istoe´,XT-avoid),emSDM-EONs.'
    chunk_ids:
    - art-004-b0007-c000
    required_group: null
  question_type: factual
  modality: text
  review_status: draft
  notes: 'Pré-anotação A04-T08. Análise automática: READY_FOR_HUMAN_REVIEW. Suporte
    literal conferido no Markdown extraído e no chunk congelado; página verificada
    pelo marcador PAGE da extração. Candidato produzido por IA, permanece draft. Candidato
    produzido por IA; aguarda revisão humana.'
qrels:
- question_id: q-004-t08
  chunk_id: art-004-b0005-c000
  relevance: 1
- question_id: q-004-t08
  chunk_id: art-004-b0007-c000
  relevance: 1
evidence_groups: []
chunks:
- chunk_id: art-004-b0005-c000
  doc_id: art-004
  block_id: art-004-b0005
  page: 3
  section: 2. Trabalhos Relacionados
  modality: text
  text: 'das. Buscando eficieˆncia e baixo custo computacional, este artigo aborda
    o problema de

    alocac¸a˜oderecursosemSDM-EONatrave´sdeme´todosXT-avoid.

    Em [Fujiietal. 2014] e´ proposta uma estrate´gia XT-avoid de alocac¸a˜o de nu´cleo

    e espectro. Os autores propo˜em uma pol´ıtica de priorizac¸a˜o de nu´cleo, nomeada
    de core

    prioritization (CP). Tal pol´ıtica busca evitar o XT entre nu´cleos ao balancear
    o uso de

    cada nu´cleo da fibra o´ptica. Os autores tambe´m propo˜em uma estrate´gia para
    mitigar a

    fragmentac¸a˜oespectralnarede.

    Osautoresem[Yaghubi-Namaadetal. 2018]apresentamumasoluc¸a˜oparaopro-

    blemaderoteamento,n´ıveldemodulac¸a˜o,espac¸oeatribuic¸a˜odeespectro(RMLSSA).Os

    autores apresentaram um modelo de programac¸a˜o linear inteira e utilizaram uma
    matriz

    detra´fegoesta´ticoparaassimulac¸o˜es. Ale´mdisso,osautoresapresentaramumalgoritmo

    pol´ıticas ordenac¸a˜o

    guloso com quatro de para o problema RMLSSA. Por fim, o artigo

    avaliaaefica´ciadaspropostasatrave´sdediferentesme´tricasdeavaliac¸a˜odedesempenho.

    Em[Arau´joetal. 2021]e´ propostooalgoritmodedistanciamentoespectralinter-

    nu´cleos (ADEIN). Com o objetivo de evitar o XT, o ADEIN realiza um balanceamento

    no uso dos recursos atrave´s do uso de um sistema de pontuac¸a˜o e divisa˜o de
    grupos de

    prioridades. Talsistemadepontuac¸a˜oconsistenacriac¸a˜odeumatabelaatualizadaacada

    alocac¸a˜odeumnovocaminhoo´'
  token_count_ref: 309
  char_count: 1373
  source_block_hash: 537e55971f5ea6f37194c23d4e9056d564ab53eaae20341d5ed07bc610c44af2
- chunk_id: art-004-b0007-c000
  doc_id: art-004
  block_id: art-004-b0007
  page: 4
  section: 2. Trabalhos Relacionados
  modality: text
  text: 'utilizado. Ja´ em [Yaoetal. 2018] te´cnicas como a rede neural e a regularizac¸a˜o
    Bayesi-

    anasa˜outilizadasparaapredic¸a˜odeXT.Entretanto,segundooconhecimentodosautores

    desteartigo,aindae´ escassoousodeMLparaoproblemaespec´ıficodeescolhadenu´cleo

    em SDM-EON. A investigac¸a˜o desta oportunidade de pesquisa e´ uma das contribuic¸o˜es

    deste artigo, que propo˜e o uso de redes neurais para definir o melhor nu´cleo
    a ser usado,

    semoconhecimentodosn´ıveisdeXT(istoe´,XT-avoid),emSDM-EONs.'
  token_count_ref: 109
  char_count: 486
  source_block_hash: da061adb6df517b03f0be3b74be3e9eb84efefdc8135a53cfbfdec6710f516fb

Registrado: q-004-t08 = approved; revisão: D:\rag-ptbr-retrieval-pilot\data\annotations\reviews\review-52bc397d30ca488cb54bf07c1ad4b6a2.yaml
question:
  question_id: q-004-t09
  text: Quais três fatores de limitação da camada física são considerados?
  expected_answer: Ruído ASE, efeitos não lineares e crosstalk inter-núcleo
  origin_doc_id: art-004
  evidence:
  - evidence_id: q-004-t09-e1
    doc_id: art-004
    page: 4
    section: Seção 3
    quote: 'Neste artigo sa˜o considerados treˆs

      fatores limitadores de desempenho pela camada f´ısica: i) o ru´ıdo de emissa˜o
      espontaˆnea

      amplificada (amplified spontaneous emission - ASE); ii) os efeitos na˜o-lineares;
      e iii) o

      crosstalk inter-nu´cleo.'
    chunk_ids:
    - art-004-b0008-c000
    required_group: null
  question_type: factual
  modality: text
  review_status: draft
  notes: 'Pré-anotação A04-T09. Análise automática: READY_FOR_HUMAN_REVIEW. Suporte
    literal conferido no Markdown extraído e no chunk congelado; página verificada
    pelo marcador PAGE da extração. Candidato produzido por IA, permanece draft. Candidato
    produzido por IA; aguarda revisão humana.'
qrels:
- question_id: q-004-t09
  chunk_id: art-004-b0008-c000
  relevance: 1
evidence_groups: []
chunks:
- chunk_id: art-004-b0008-c000
  doc_id: art-004
  block_id: art-004-b0008
  page: 4
  section: 3. Avaliac¸a˜o das Limitac¸o˜es da Camada F´ısica em SDM-EONs
  modality: text
  text: 'Devido a va´rias imperfeic¸o˜es da camada f´ısica, a qualidade de transmissa˜o
    (quality of

    transmission - QoT) do caminho o´ptico se degrada enquanto o sinal se propaga
    ao longo

    da fibra e dos equipamentos que compo˜em a rede. Neste artigo sa˜o considerados
    treˆs

    fatores limitadores de desempenho pela camada f´ısica: i) o ru´ıdo de emissa˜o
    espontaˆnea

    amplificada (amplified spontaneous emission - ASE); ii) os efeitos na˜o-lineares;
    e iii) o

    crosstalk inter-nu´cleo.

    A amplificac¸a˜o o´ptica geralmente e´ realizada por amplificadores de fibra dopada

    com e´rbio (erbium doped fiber amplifier - EDFA), que esta˜o posicionados apo´s
    cada no´

    da rede e apo´s cada span (ex: a cada 80km). Os EDFAs adicionam ru´ıdo ASE ao
    sinal

    o´ptico[Yanetal. 2015]. Ale´mdoru´ıdoASE,osefeitosna˜o-linearestambe´msemanifes-

    tam devido a` propagac¸a˜o ao longo da fibra o´ptica, fazendo com que um caminho
    o´ptico

    cause interfereˆncia em si mesmo (self-phase modulation - SPM) e tambe´m em outros
    ca-

    minhoso´pticos,atrave´sdamodulac¸a˜odefasecruzada(cross-phasemodulation-XPM)e

    mistura de quatro ondas (four-wave mixing - FWM). Neste artigo, o modelo apresentado

    em [PoggioliniandJiang2017], que e´ baseado em um modelo de ru´ıdo Gaussiano apri-

    morado (enhanced Gaussian-noise - EGN) [Carenaetal. 2014], e´ usado para calcular
    a

    densidade espectral de poteˆncia (power spectral density - PSD) dos efeitos na˜o
    lineares'
  token_count_ref: 344
  char_count: 1404
  source_block_hash: 08be327c05a5b8d576fde78ecaf37e5c951ab82e666d2920420eb659e2858a0c

Registrado: q-004-t09 = approved; revisão: D:\rag-ptbr-retrieval-pilot\data\annotations\reviews\review-5f7539b08dfc4bebb5fe93a9645e4e20.yaml
question:
  question_id: q-004-t10
  text: Qual relação é usada como critério de qualidade de transmissão além do XT?
  expected_answer: OSNR, relação sinal-ruído óptico
  origin_doc_id: art-004
  evidence:
  - evidence_id: q-004-t10-e1
    doc_id: art-004
    page: 4
    section: Seção 3
    quote: 'Umamaneirademedirosn´ıveisdeQoTdaredee´ pormeiodarelac¸a˜osinal-ru´ıdo

      o´ptico (optical signal to noise ratio - OSNR). A OSNR estabelece uma relac¸a˜o
      entre a

      PSDdocaminhoo´pticoeaPSDdoru´ıdoASEedainterfereˆnciana˜olinearesqueoafeta.

      AOSNRe´ usadacomoumdoscrite´riosdeQoTnesteartigoee´ dadapor'
    chunk_ids:
    - art-004-b0009-c000
    required_group: null
  question_type: factual
  modality: text
  review_status: draft
  notes: 'Pré-anotação A04-T10. Análise automática: READY_FOR_HUMAN_REVIEW. Suporte
    literal conferido no Markdown extraído e no chunk congelado; página verificada
    pelo marcador PAGE da extração. Candidato produzido por IA, permanece draft. Candidato
    produzido por IA; aguarda revisão humana.'
qrels:
- question_id: q-004-t10
  chunk_id: art-004-b0009-c000
  relevance: 1
evidence_groups: []
chunks:
- chunk_id: art-004-b0009-c000
  doc_id: art-004
  block_id: art-004-b0009
  page: 4
  section: (SPM,XPMeFWM).
  modality: text
  text: 'Umamaneirademedirosn´ıveisdeQoTdaredee´ pormeiodarelac¸a˜osinal-ru´ıdo

    o´ptico (optical signal to noise ratio - OSNR). A OSNR estabelece uma relac¸a˜o
    entre a

    PSDdocaminhoo´pticoeaPSDdoru´ıdoASEedainterfereˆnciana˜olinearesqueoafeta.

    AOSNRe´ usadacomoumdoscrite´riosdeQoTnesteartigoee´ dadapor'
  token_count_ref: 52
  char_count: 293
  source_block_hash: d040aa2d541644c944310500002615b7ae094b76fface4004125eb04c90dc114

Registrado: q-004-t10 = approved; revisão: D:\rag-ptbr-retrieval-pilot\data\annotations\reviews\review-c7dcadd3365d404bb7852d570771f8f6.yaml
question:
  question_id: q-004-t11
  text: De qual algoritmo o AMN aprende o comportamento para a escolha de núcleo?
  expected_answer: CBA-SBA
  origin_doc_id: art-004
  evidence:
  - evidence_id: q-004-t11-e1
    doc_id: art-004
    page: 6
    section: Seção 4
    quote: 'Oalgoritmoutilizadopara acriac¸a˜odabasededadose´ oCBA-SBA

      [LacerdaJretal. 2021].'
    chunk_ids:
    - art-004-b0019-c000
    required_group: null
  - evidence_id: q-004-t11-e2
    doc_id: art-004
    page: 12
    section: Seção 6
    quote: 'OAMNutilizaumaredeneuralparaaprenderocomportamento

      de outro algoritmo, o CBA-SBA, e extrair caracter´ısticas-chave e predizer qual
      o melhor

      nu´cleoparaseralocadoparacadarequisic¸a˜oemumdeterminadoestadodarede.'
    chunk_ids:
    - art-004-b0066-c000
    required_group: null
  question_type: factual
  modality: text
  review_status: draft
  notes: 'Pré-anotação A04-T11. Análise automática: READY_FOR_HUMAN_REVIEW. Suporte
    literal conferido no Markdown extraído e no chunk congelado; página verificada
    pelo marcador PAGE da extração. Candidato produzido por IA, permanece draft. Candidato
    produzido por IA; aguarda revisão humana.'
qrels:
- question_id: q-004-t11
  chunk_id: art-004-b0019-c000
  relevance: 1
- question_id: q-004-t11
  chunk_id: art-004-b0066-c000
  relevance: 1
evidence_groups: []
chunks:
- chunk_id: art-004-b0019-c000
  doc_id: art-004
  block_id: art-004-b0019
  page: 6
  section: AMN
  modality: text
  text: 'CBA Base Base

    modificado

    Figura1. FluxodefuncionamentodoalgoritmoAMN.

    No processo de criac¸a˜o da base de dados, outro algoritmo e´ executado (via

    simulac¸a˜o) e os valores de alguns atributos sa˜o salvos para cada requisic¸a˜o
    feita ao plano

    decontroledarede. Oalgoritmoutilizadopara acriac¸a˜odabasededadose´ oCBA-SBA

    [LacerdaJretal. 2021]. Ja´ os atributos considerados, em um total de dezessete,
    sa˜o: i)

    comprimento da rota, representado por um valor nume´rico; ii) nu´mero de saltos
    da rota,

    representado por um valor nume´rico; iii) formato de modulac¸a˜o utilizado, representado

    por um valor nume´rico; iv) a utilizac¸a˜o espectral absoluta dos vizinhos de
    cada um dos

    sete nu´cleos (me´trica TUN do algoritmo CBA), representado por sete valores nume´ricos;

    e v) a utilizac¸a˜o espectral ponderada dos vizinhos de cada um dos sete nu´cleos
    (me´trica

    WUN do algoritmo CBA), representado por sete valores nume´ricos. Estas duas formas

    de utilizac¸a˜o (TUN e WUN) sa˜o descritas no algoritmo CBA [LacerdaJretal. 2021]
    e

    podem ser ajustadas para fibras com outras quantidades de nu´cleos. Tais atributos,
    como

    o comprimento da rota e a utilizac¸a˜o espectral de cada nu´cleo, possuem ligac¸a˜o
    com a

    ocorreˆncia de XT. Portanto, a escolha destes atributos justifica-se para que
    a RNA seja

    capaz de identificar situac¸o˜es prop´ıcias a` ocorreˆncia de XT, sem recorrer
    ao custoso pro-

    cesso de calcular o XT. Destaca-se que a base de dados e´ formada apenas com os
    casos

    em que'
  token_count_ref: 350
  char_count: 1480
  source_block_hash: a79c8c59589692853028a86d0bddc4e18912ac02efd959309710eda9713d28aa
- chunk_id: art-004-b0066-c000
  doc_id: art-004
  block_id: art-004-b0066
  page: 12
  section: 6. Conclusa˜o
  modality: text
  text: 'Neste artigo e´ proposto o algoritmo com aprendizado de ma´quina para escolha
    de nu´cleo

    (AMN)emSDM-EONs. OAMNutilizaumaredeneuralparaaprenderocomportamento

    de outro algoritmo, o CBA-SBA, e extrair caracter´ısticas-chave e predizer qual
    o melhor

    nu´cleoparaseralocadoparacadarequisic¸a˜oemumdeterminadoestadodarede.

    OAMNe´ avaliadoemtermosdeprobabilidadedebloqueioderequisic¸a˜oeraza˜o

    de dados bloqueados. O AMN alcanc¸ou, em um cena´rio com alta incideˆncia de XT,

    ganhosme´diosemrelac¸a˜oaoutrosalgoritmosXT-avoiddepelomenos8,16%emtermos

    de PBR e de pelo menos 9,28% em termos de RDB. Ja´ no cena´rio de baixa incideˆncia
    de

    XT,oAMNatingiuumganhome´diodepelomenos25,35%emtermosdePBRe24,87%

    emtermosdeRDBemrelac¸a˜oaoutrosalgoritmos.

    Para trabalhos futuros pretende-se investigar o desempenho do AMN sendo trei-

    nadoporoutrasbasesdedados,ale´mdabasegeradapeloalgoritmoCBA-SBA.Tambe´m

    pretende-se estudar o uso de outras te´cnicas de ML para auxiliar na tomada de
    decisa˜o

    da escolha de nu´cleo. Por fim, pretende-se aprofundar a investigac¸a˜o e utilizar
    a aborda-

    gem de ML para tratar a alocac¸a˜o de nu´cleo em conjunto com outros subproblemas
    do

    RMSCA,comoalocac¸a˜odeespectroouroteamento.'
  token_count_ref: 242
  char_count: 1195
  source_block_hash: afcedf7d32a7ed695df8818cf5918d324b953b5bb43e4dfe8fc84372cdd109fb

Registrado: q-004-t11 = approved; revisão: D:\rag-ptbr-retrieval-pilot\data\annotations\reviews\review-a887a5b2bc2f4945be6be33846c360c8.yaml
question:
  question_id: q-004-t12
  text: Quais são os três passos do fluxo de funcionamento do AMN?
  expected_answer: Gerar a base de dados, treinar a rede neural e executar a rede
    treinada para escolher o núcleo
  origin_doc_id: art-004
  evidence:
  - evidence_id: q-004-t12-e1
    doc_id: art-004
    page: 6
    section: Seção 4
    quote: 'O fluxo de funcionamento do AMN e´ composto de

      treˆs passos: o primeiro passo constitui a criac¸a˜o de uma base de dados, o
      segundo passo

      corresponde ao treinamento da RNA e o terceiro passo constitui a execuc¸a˜o
      do AMN

      duranteafasedefuncionamentodarede.'
    chunk_ids:
    - art-004-b0018-c000
    required_group: null
  - evidence_id: q-004-t12-e2
    doc_id: art-004
    page: 7
    section: Seção 4
    quote: 'Os passos um e dois ocorrem em um momento offline da rede. Ja´ o passo
      treˆs e´

      executado durante o funcionamento da rede para a alocac¸a˜o de nu´cleo. Nesta
      etapa, para

      cadarequisic¸a˜odenovocaminhoo´pticoquechegaaoplanodecontrole,oAMNalimenta

      asuaRNAcomosdezesseteatributos(estadoatualdarede)eexecutaaRNAja´ treinada.

      No processo de execuc¸a˜o da RNA, a mesma retorna o nu´cleo a ser escolhido.'
    chunk_ids:
    - art-004-b0023-c000
    required_group: null
  question_type: factual
  modality: text
  review_status: draft
  notes: 'Pré-anotação A04-T12. Análise automática: READY_FOR_HUMAN_REVIEW. Suporte
    literal conferido no Markdown extraído e no chunk congelado; página verificada
    pelo marcador PAGE da extração. Candidato produzido por IA, permanece draft. Candidato
    produzido por IA; aguarda revisão humana.'
qrels:
- question_id: q-004-t12
  chunk_id: art-004-b0018-c000
  relevance: 1
- question_id: q-004-t12
  chunk_id: art-004-b0023-c000
  relevance: 1
evidence_groups: []
chunks:
- chunk_id: art-004-b0018-c000
  doc_id: art-004
  block_id: art-004-b0018
  page: 6
  section: 4. Algoritmo Proposto
  modality: text
  text: 'Neste artigo e´ proposto o algoritmo com aprendizado de ma´quina para escolha
    de nu´cleo

    (AMN) em SDM-EONs. O AMN utiliza uma rede neural artificial (RNA) para aprender

    o comportamento de outro algoritmo em determinados estados da rede e extrair carac-

    ter´ısticas chaves para a alocac¸a˜o de nu´cleo. A RNA do AMN e´ treinada para
    aprender

    comohisto´ricodesucessodeoutroalgoritmoeproduzirresultadosmelhoressemneces-

    sidade de execuc¸a˜o deste algoritmo. O fluxo de funcionamento do AMN e´ composto
    de

    treˆs passos: o primeiro passo constitui a criac¸a˜o de uma base de dados, o segundo
    passo

    corresponde ao treinamento da RNA e o terceiro passo constitui a execuc¸a˜o do
    AMN

    duranteafasedefuncionamentodarede. OfluxodoAMNe´ mostradonaFigura1.

    Passo 1.Gerar uma base Passo 2.Treinar a rede Passo 3.Executar a rede

    de dados com ≈ 800.000 neural para aprender o neural treinada para

    registros. comportamento da base. escolha do núcleo.

    Rede neural não treinada Rede neural treinada

    Algoritmo'
  token_count_ref: 198
  char_count: 989
  source_block_hash: c1d29ba3f7320ee53a245f5c1604c46b8c689ac2312cf43debb5015ec2588274
- chunk_id: art-004-b0023-c000
  doc_id: art-004
  block_id: art-004-b0023
  page: 7
  section: O1,128 O2,64 O3,32
  modality: text
  text: 'Figura2. ArquiteturadaredeneuralartificialdoAMN.

    O processo de treinamento consiste no ajuste dos pesos da rede. Durante o trei-

    namento, a base de dados e´ dividida na proporc¸a˜o de 80% dos dados para treinamento

    e 20% para testes. Isto e´, os pesos sa˜o ajustados com um conjunto de 675.704
    registros

    da base de dados. Apo´s o treinamento, a performance da RNA e´ verificada com
    o con-

    juntodeteste(168.926registros)paraapurarseaRNAe´ capazdepredizerosnu´cleosem

    condic¸o˜esreaisdeutilizac¸a˜o. Noprocessodeteste,aRNAatingiu98,93%deacura´cia.

    Os passos um e dois ocorrem em um momento offline da rede. Ja´ o passo treˆs e´

    executado durante o funcionamento da rede para a alocac¸a˜o de nu´cleo. Nesta
    etapa, para

    cadarequisic¸a˜odenovocaminhoo´pticoquechegaaoplanodecontrole,oAMNalimenta

    asuaRNAcomosdezesseteatributos(estadoatualdarede)eexecutaaRNAja´ treinada.

    No processo de execuc¸a˜o da RNA, a mesma retorna o nu´cleo a ser escolhido. O
    AMN

    enta˜o retorna o nu´cleo escolhido ao plano de controle da rede para que o mesmo
    seja

    alocado. ValeressaltarqueoAMNefetuaaalocac¸a˜odenu´cleo,podendoserutilizadoem

    conjuntocomumagamadealgoritmosderoteamentoealocac¸a˜odeespectrodaliteratura.'
  token_count_ref: 239
  char_count: 1189
  source_block_hash: 73d68199c6f130ffc3dc09b4c8a58df41e2faaabd2ebea60c6d8d8aa66b343ca

Registrado: q-004-t12 = approved; revisão: D:\rag-ptbr-retrieval-pilot\data\annotations\reviews\review-c27d459d0b094c9dafd593ab1e66e240.yaml
question:
  question_id: q-004-t13
  text: Aproximadamente quantos registros são gerados na base de dados usada no treinamento
    do AMN?
  expected_answer: Aproximadamente 800.000 registros
  origin_doc_id: art-004
  evidence:
  - evidence_id: q-004-t13-e1
    doc_id: art-004
    page: 6
    section: Figura 1 / Seção 4
    quote: 'Passo 1.Gerar uma base Passo 2.Treinar a rede Passo 3.Executar a rede

      de dados com ≈ 800.000 neural para aprender o neural treinada para

      registros. comportamento da base. escolha do núcleo.'
    chunk_ids:
    - art-004-b0018-c000
    required_group: null
  - evidence_id: q-004-t13-e2
    doc_id: art-004
    page: 6
    section: Seção 4
    quote: 'A base gerada a partir do CBA-SBA possui 844.631 registros, que correspondem

      as requisic¸o˜es na˜o bloqueadas de um total de 1.000.000 de requisic¸o˜es geradas
      em dife-

      rentes pontos de carga da rede.'
    chunk_ids:
    - art-004-b0019-c001
    required_group: null
  question_type: factual
  modality: text
  review_status: draft
  notes: 'Pré-anotação A04-T13. Análise automática: READY_FOR_HUMAN_REVIEW. A aproximação
    de 800.000 consta na Figura 1; o texto informa exatamente 844.631 registros gerados
    (e 675.704 usados no treino, com divisão 80/20). A resposta pré-anotada aproximada
    foi preservada, pois a pergunta trata da base gerada. Mantido draft. Candidato
    produzido por IA; aguarda revisão humana.'
qrels:
- question_id: q-004-t13
  chunk_id: art-004-b0018-c000
  relevance: 1
- question_id: q-004-t13
  chunk_id: art-004-b0019-c001
  relevance: 1
evidence_groups: []
chunks:
- chunk_id: art-004-b0018-c000
  doc_id: art-004
  block_id: art-004-b0018
  page: 6
  section: 4. Algoritmo Proposto
  modality: text
  text: 'Neste artigo e´ proposto o algoritmo com aprendizado de ma´quina para escolha
    de nu´cleo

    (AMN) em SDM-EONs. O AMN utiliza uma rede neural artificial (RNA) para aprender

    o comportamento de outro algoritmo em determinados estados da rede e extrair carac-

    ter´ısticas chaves para a alocac¸a˜o de nu´cleo. A RNA do AMN e´ treinada para
    aprender

    comohisto´ricodesucessodeoutroalgoritmoeproduzirresultadosmelhoressemneces-

    sidade de execuc¸a˜o deste algoritmo. O fluxo de funcionamento do AMN e´ composto
    de

    treˆs passos: o primeiro passo constitui a criac¸a˜o de uma base de dados, o segundo
    passo

    corresponde ao treinamento da RNA e o terceiro passo constitui a execuc¸a˜o do
    AMN

    duranteafasedefuncionamentodarede. OfluxodoAMNe´ mostradonaFigura1.

    Passo 1.Gerar uma base Passo 2.Treinar a rede Passo 3.Executar a rede

    de dados com ≈ 800.000 neural para aprender o neural treinada para

    registros. comportamento da base. escolha do núcleo.

    Rede neural não treinada Rede neural treinada

    Algoritmo'
  token_count_ref: 198
  char_count: 989
  source_block_hash: c1d29ba3f7320ee53a245f5c1604c46b8c689ac2312cf43debb5015ec2588274
- chunk_id: art-004-b0019-c001
  doc_id: art-004
  block_id: art-004-b0019
  page: 6
  section: AMN
  modality: text
  text: 'que a RNA seja

    capaz de identificar situac¸o˜es prop´ıcias a` ocorreˆncia de XT, sem recorrer
    ao custoso pro-

    cesso de calcular o XT. Destaca-se que a base de dados e´ formada apenas com os
    casos

    em que a requisic¸a˜o e´ estabelecida, isto e´, os casos em que na˜o houve bloqueio.
    Isso

    garantequefuturamenteaRNAaprendaapenasoscasosdesucessodoCBA-SBA.

    A base gerada a partir do CBA-SBA possui 844.631 registros, que correspondem

    as requisic¸o˜es na˜o bloqueadas de um total de 1.000.000 de requisic¸o˜es geradas
    em dife-

    rentes pontos de carga da rede. Cada registro salvo e´ composto pelos dezessete
    atributos

    em um determinado estadoda rede (chegada da requisic¸a˜o) mais o nu´cleo escolhido
    pelo

    CBAparaaqueleestadodarede. OusodoCBAparacriac¸a˜odabasededadosjustifica-se

    devidoaoscrite´riosbemdefinidosdeescolhadenu´cleo,atrave´sdasme´tricasTUN,WUN

    eUC.Assim,oAMNalcanc¸amelhoresn´ıveisdeacura´cianoprocessodetreinamento.'
  token_count_ref: 196
  char_count: 923
  source_block_hash: a79c8c59589692853028a86d0bddc4e18912ac02efd959309710eda9713d28aa

Registrado: q-004-t13 = approved; revisão: D:\rag-ptbr-retrieval-pilot\data\annotations\reviews\review-47d1269cb03245bc998610228c50ca61.yaml
question:
  question_id: q-004-t14
  text: Quais topologias são consideradas nas simulações?
  expected_answer: NSFNet e EURO28
  origin_doc_id: art-004
  evidence:
  - evidence_id: q-004-t14-e1
    doc_id: art-004
    page: 8
    section: Seção 5
    quote: Astopologiasconsideradasnassimulac¸o˜essa˜oaNSFNeteaEURO28(Figura3).
    chunk_ids:
    - art-004-b0026-c000
    required_group: null
  question_type: factual
  modality: text
  review_status: draft
  notes: 'Pré-anotação A04-T14. Análise automática: READY_FOR_HUMAN_REVIEW. Suporte
    literal conferido no Markdown extraído e no chunk congelado; página verificada
    pelo marcador PAGE da extração. Candidato produzido por IA, permanece draft. Candidato
    produzido por IA; aguarda revisão humana.'
qrels:
- question_id: q-004-t14
  chunk_id: art-004-b0026-c000
  relevance: 1
evidence_groups: []
chunks:
- chunk_id: art-004-b0026-c000
  doc_id: art-004
  block_id: art-004-b0026
  page: 8
  section: 100.000 requisic¸o˜es de caminhos o´pticos em cada simulac¸a˜o. A gerac¸a˜o
    de requisic¸o˜es e´
  modality: text
  text: 'Para cada cena´rio de avaliac¸a˜o foram realizadas 10 simulac¸o˜es com diferentes
    sementes

    degerac¸a˜odevaria´velaleato´ria. Todososresultadospossuemn´ıveldeconfianc¸ade95%.

    Astopologiasconsideradasnassimulac¸o˜essa˜oaNSFNeteaEURO28(Figura3).'
  token_count_ref: 50
  char_count: 242
  source_block_hash: fbd2b7ee7b893d6498cc7377c5948fa2a2996bb3d349390afa60989e2d111b28

Registrado: q-004-t14 = approved; revisão: D:\rag-ptbr-retrieval-pilot\data\annotations\reviews\review-a79aec9eb72e4550a269523890dcfed5.yaml
question:
  question_id: q-004-t15
  text: Quais duas métricas de desempenho são usadas para avaliar o AMN?
  expected_answer: Probabilidade de bloqueio de requisição (PBR) e razão de dados
    bloqueados (RDB)
  origin_doc_id: art-004
  evidence:
  - evidence_id: q-004-t15-e1
    doc_id: art-004
    page: 8
    section: Seção 5
    quote: 'Osalgoritmossa˜oavaliadosemtermosdeprobabilidadedebloqueioderequisic¸a˜o

      (PBR) e raza˜o de dados bloqueados (RDB).'
    chunk_ids:
    - art-004-b0028-c000
    required_group: null
  question_type: factual
  modality: text
  review_status: draft
  notes: 'Pré-anotação A04-T15. Análise automática: READY_FOR_HUMAN_REVIEW. Suporte
    literal conferido no Markdown extraído e no chunk congelado; página verificada
    pelo marcador PAGE da extração. Candidato produzido por IA, permanece draft. Candidato
    produzido por IA; aguarda revisão humana.'
qrels:
- question_id: q-004-t15
  chunk_id: art-004-b0028-c000
  relevance: 1
evidence_groups: []
chunks:
- chunk_id: art-004-b0028-c000
  doc_id: art-004
  block_id: art-004-b0028
  page: 8
  section: 16-QAM
  modality: text
  text: 'Distaˆncia 1.250km

    LimiardeOSNR 15,1dB

    LimiardeXT -25dB

    A largura de banda do caminho o´ptico i, B , com uma determinada taxa de

    i

    bits de informac¸a˜o R , n´ıvel de modulac¸a˜o M (nu´mero de s´ımbolos distintos
    do es-

    b,i

    quemademodulac¸a˜o)esobrecargaFECF e´ dadapor: B =1,1R (1+F)/(2log M)

    i b,i 2

    [Gaoetal. 2014]. Assim, um nu´mero inteiro de slots deve ser atribu´ıdo para cobrir
    esta

    demandaporlarguradebanda. Nocena´riosimulado,cadafibrapossuisetenu´cleos. Cada

    nu´cleoe´ divididoem320slotsdefrequeˆncia,emquecadaslotpossui12,5GHz. Abanda

    deguardapossuilarguradebandadeumslot.

    Outrosparaˆmetrosutilizadosesta˜olistados

    naTabela3[BeyranvandandSalehi2013],[Zhaoetal. 2015],[Lobatoetal. 2019].

    Osalgoritmossa˜oavaliadosemtermosdeprobabilidadedebloqueioderequisic¸a˜o

    (PBR) e raza˜o de dados bloqueados (RDB). A PBR quantifica quantas requisic¸o˜es
    so-'
  token_count_ref: 194
  char_count: 855
  source_block_hash: 05ba43afc54d7864bfde952d0f90f85c0b8fde4161828f4f4c3408d2f005f978

Registrado: q-004-t15 = approved; revisão: D:\rag-ptbr-retrieval-pilot\data\annotations\reviews\review-5fec1ead2f21485dac032b9de76b5b80.yaml
question:
  question_id: q-004-t16
  text: Quais cinco pontos de carga são usados para calcular o ganho médio?
  expected_answer: 900, 1000, 1100, 1200 e 1300 Erlangs
  origin_doc_id: art-004
  evidence:
  - evidence_id: q-004-t16-e1
    doc_id: art-004
    page: 12
    section: Seção 5
    quote: 'O ganho me´dio

      consistename´diaentreosganhosobtidosnoscincopontosdecargadecadagra´fico(900,

      1000,1100,1200e1300Erlangs).'
    chunk_ids:
    - art-004-b0064-c000
    required_group: null
  question_type: factual
  modality: text
  review_status: draft
  notes: 'Pré-anotação A04-T16. Análise automática: READY_FOR_HUMAN_REVIEW. Suporte
    literal conferido no Markdown extraído e no chunk congelado; página verificada
    pelo marcador PAGE da extração. Candidato produzido por IA, permanece draft. Candidato
    produzido por IA; aguarda revisão humana.'
qrels:
- question_id: q-004-t16
  chunk_id: art-004-b0064-c000
  relevance: 1
evidence_groups: []
chunks:
- chunk_id: art-004-b0064-c000
  doc_id: art-004
  block_id: art-004-b0064
  page: 12
  section: 900 1000 1100 1200 1300 900 1000 1100 1200 1300
  modality: text
  text: 'o ganho me´dio do AMN em relac¸a˜o ao CPRF, ADEIN e CBA-SBA. O ganho me´dio

    consistename´diaentreosganhosobtidosnoscincopontosdecargadecadagra´fico(900,

    1000,1100,1200e1300Erlangs).

    Tabela4. Ganhome´diodoAMNemrelac¸a˜oaosoutrosalgoritmosavaliados.'
  token_count_ref: 52
  char_count: 247
  source_block_hash: 2d482f27a37c2c7bd336c762a354c6dc99b28b7ed86d9bead66bb5123ca02e58

Registrado: q-004-t16 = approved; revisão: D:\rag-ptbr-retrieval-pilot\data\annotations\reviews\review-3abf26e90b164e5b8e096dcd856cd983.yaml
question:
  question_id: q-004-t17
  text: Em qual cenário o AMN apresenta ganhos médios de pelo menos 8,16% em PBR e
    9,28% em RDB?
  expected_answer: No cenário de alta incidência de XT
  origin_doc_id: art-004
  evidence:
  - evidence_id: q-004-t17-e1
    doc_id: art-004
    page: 12
    section: Seção 6
    quote: 'O AMN alcanc¸ou, em um cena´rio com alta incideˆncia de XT,

      ganhosme´diosemrelac¸a˜oaoutrosalgoritmosXT-avoiddepelomenos8,16%emtermos

      de PBR e de pelo menos 9,28% em termos de RDB.'
    chunk_ids:
    - art-004-b0066-c000
    required_group: null
  - evidence_id: q-004-t17-e2
    doc_id: art-004
    page: 1
    section: Resumo
    quote: 'Em cena´rio de alta incideˆncia de crosstalk, o AMN

      obteveganhosdeaomenos8,16%paraPBRedeaomenos9,28%paraRDB.'
    chunk_ids:
    - art-004-b0001-c001
    required_group: null
  question_type: factual
  modality: text
  review_status: draft
  notes: 'Pré-anotação A04-T17. Análise automática: READY_FOR_HUMAN_REVIEW. Os percentuais
    constam no resumo e na conclusão para alta incidência de XT; a Tabela 4 e discussão
    excluem implicitamente NSFNet versus CBA-SBA por equivalência no intervalo de
    confiança (1,17% e 1,36%). O cenário pedido está suportado; ressalva preservada
    para revisão humana. Candidato produzido por IA; aguarda revisão humana.'
qrels:
- question_id: q-004-t17
  chunk_id: art-004-b0001-c001
  relevance: 1
- question_id: q-004-t17
  chunk_id: art-004-b0066-c000
  relevance: 1
evidence_groups: []
chunks:
- chunk_id: art-004-b0001-c001
  doc_id: art-004
  block_id: art-004-b0001
  page: 1
  section: 1 ProgramadePo´s-Graduac¸a˜oemCieˆnciadaComputac¸a˜oemassociac¸a˜oUFMA/UFPI
  modality: text
  text: 'o˜es e em cena´rio com baixa incideˆncia de cross-

    talk, o AMN obteve ganhos de ao menos 25,35% em termos de probabilidade

    de bloqueio de requisic¸a˜o (PBR) e de ao menos 24,81% em termos de raza˜o de

    dados bloqueados (RDB). Em cena´rio de alta incideˆncia de crosstalk, o AMN

    obteveganhosdeaomenos8,16%paraPBRedeaomenos9,28%paraRDB.'
  token_count_ref: 85
  char_count: 333
  source_block_hash: 06bbcf9ae7f423317ca187b1fd6c70174c39b6b964d872b465e636e9bfdafe26
- chunk_id: art-004-b0066-c000
  doc_id: art-004
  block_id: art-004-b0066
  page: 12
  section: 6. Conclusa˜o
  modality: text
  text: 'Neste artigo e´ proposto o algoritmo com aprendizado de ma´quina para escolha
    de nu´cleo

    (AMN)emSDM-EONs. OAMNutilizaumaredeneuralparaaprenderocomportamento

    de outro algoritmo, o CBA-SBA, e extrair caracter´ısticas-chave e predizer qual
    o melhor

    nu´cleoparaseralocadoparacadarequisic¸a˜oemumdeterminadoestadodarede.

    OAMNe´ avaliadoemtermosdeprobabilidadedebloqueioderequisic¸a˜oeraza˜o

    de dados bloqueados. O AMN alcanc¸ou, em um cena´rio com alta incideˆncia de XT,

    ganhosme´diosemrelac¸a˜oaoutrosalgoritmosXT-avoiddepelomenos8,16%emtermos

    de PBR e de pelo menos 9,28% em termos de RDB. Ja´ no cena´rio de baixa incideˆncia
    de

    XT,oAMNatingiuumganhome´diodepelomenos25,35%emtermosdePBRe24,87%

    emtermosdeRDBemrelac¸a˜oaoutrosalgoritmos.

    Para trabalhos futuros pretende-se investigar o desempenho do AMN sendo trei-

    nadoporoutrasbasesdedados,ale´mdabasegeradapeloalgoritmoCBA-SBA.Tambe´m

    pretende-se estudar o uso de outras te´cnicas de ML para auxiliar na tomada de
    decisa˜o

    da escolha de nu´cleo. Por fim, pretende-se aprofundar a investigac¸a˜o e utilizar
    a aborda-

    gem de ML para tratar a alocac¸a˜o de nu´cleo em conjunto com outros subproblemas
    do

    RMSCA,comoalocac¸a˜odeespectroouroteamento.'
  token_count_ref: 242
  char_count: 1195
  source_block_hash: afcedf7d32a7ed695df8818cf5918d324b953b5bb43e4dfe8fc84372cdd109fb

Registrado: q-004-t17 = approved; revisão: D:\rag-ptbr-retrieval-pilot\data\annotations\reviews\review-74d8e792af8f4f5289e1890fb774a61e.yaml
question:
  question_id: q-004-t19
  text: Por que o desempenho do AMN e do CBA-SBA converge no cenário de alta incidência
    de XT na NSFNet?
  expected_answer: Porque o AMN foi treinado a partir do CBA-SBA, e seus resultados
    ficam sobrepostos pelo intervalo de confiança nesse cenário
  origin_doc_id: art-004
  evidence:
  - evidence_id: q-004-t19-e1
    doc_id: art-004
    page: 12
    section: Seção 5
    quote: 'Nos cena´rios com alta incideˆncia de XT, o desempenho do

      AMN e´ equivalente ao CBA-SBA na topologia NSFNet. Neste caso espec´ıfico, os
      resul-

      tados esta˜o sobrepostos pelo intervalo de confianc¸a (marcado com um “*” na
      Tabela 4).

      Na topologia EURO28, o ganho me´dio do AMN (em relac¸a˜o ao CBA-SBA) e´ de 8,16%

      emtermosdePBR.AsimilaridadeentreoAMNeoCBA-SBAnestecena´riodar-sepelo

      fato do AMN ser treinado a partir do CBA-SBA, o que acarreta em uma convergeˆncia
      de

      desempenhonocena´riodeAXT.'
    chunk_ids:
    - art-004-b0065-c000
    required_group: null
  question_type: factual
  modality: text
  review_status: draft
  notes: 'Pré-anotação A04-T19. Análise automática: READY_FOR_HUMAN_REVIEW. Suporte
    literal conferido no Markdown extraído e no chunk congelado; página verificada
    pelo marcador PAGE da extração. Candidato produzido por IA, permanece draft. Candidato
    produzido por IA; aguarda revisão humana.'
qrels:
- question_id: q-004-t19
  chunk_id: art-004-b0065-c000
  relevance: 1
evidence_groups: []
chunks:
- chunk_id: art-004-b0065-c000
  doc_id: art-004
  block_id: art-004-b0065
  page: 12
  section: 900 1000 1100 1200 1300 900 1000 1100 1200 1300
  modality: text
  text: 'De maneira geral, o AMN obteve melhores resultados quando comparado com

    todos os demais algoritmos. Nos cena´rios com alta incideˆncia de XT, o desempenho
    do

    AMN e´ equivalente ao CBA-SBA na topologia NSFNet. Neste caso espec´ıfico, os
    resul-

    tados esta˜o sobrepostos pelo intervalo de confianc¸a (marcado com um “*” na Tabela
    4).

    Na topologia EURO28, o ganho me´dio do AMN (em relac¸a˜o ao CBA-SBA) e´ de 8,16%

    emtermosdePBR.AsimilaridadeentreoAMNeoCBA-SBAnestecena´riodar-sepelo

    fato do AMN ser treinado a partir do CBA-SBA, o que acarreta em uma convergeˆncia
    de

    desempenhonocena´riodeAXT.Estaconvergeˆnciadedesempenhona˜oocorrenocena´rio

    deBXT,ondeoganhome´diodoAMNemrelac¸a˜oaoCBA-SBAtorna-semaiorque98%

    em todas as me´tricas e topologias. Tal melhora deve-se, entre outras razo˜es,
    ao fato de

    que o treinamento do AMN considera atributos da rota e da modulac¸a˜o, que sa˜o
    negli-

    cenciadospeloCBA-SBA.Assim,aredeneuraldoAMNidentificapadro˜esrelacionados

    a estes atributos e aos casos de sucesso do CBA-SBA, melhorando o resultado geral
    do

    AMNemcena´riosdebaixaincideˆnciadeXT.'
  token_count_ref: 233
  char_count: 1082
  source_block_hash: 4aa780c3ec5c5eb43b5ee536a1fca88abaceb14ee097e7cbeaee1c6569d89883

Registrado: q-004-t19 = approved; revisão: D:\rag-ptbr-retrieval-pilot\data\annotations\reviews\review-3038e32b2f284f81ae3dd2c724fd80fb.yaml
question:
  question_id: q-004-t20
  text: Qual possibilidade de trabalho futuro é citada para aprimorar a tomada de
    decisão do AMN?
  expected_answer: Investigar outras bases de treinamento e outras técnicas de ML,
    além de integrá-lo a outros subproblemas do RMSCA
  origin_doc_id: art-004
  evidence:
  - evidence_id: q-004-t20-e1
    doc_id: art-004
    page: 12
    section: Seção 6
    quote: 'Para trabalhos futuros pretende-se investigar o desempenho do AMN sendo
      trei-

      nadoporoutrasbasesdedados,ale´mdabasegeradapeloalgoritmoCBA-SBA.Tambe´m

      pretende-se estudar o uso de outras te´cnicas de ML para auxiliar na tomada
      de decisa˜o

      da escolha de nu´cleo. Por fim, pretende-se aprofundar a investigac¸a˜o e utilizar
      a aborda-

      gem de ML para tratar a alocac¸a˜o de nu´cleo em conjunto com outros subproblemas
      do

      RMSCA,comoalocac¸a˜odeespectroouroteamento.'
    chunk_ids:
    - art-004-b0066-c000
    required_group: null
  question_type: factual
  modality: text
  review_status: draft
  notes: 'Pré-anotação A04-T20. Análise automática: READY_FOR_HUMAN_REVIEW. Suporte
    literal conferido no Markdown extraído e no chunk congelado; página verificada
    pelo marcador PAGE da extração. Candidato produzido por IA, permanece draft. Candidato
    produzido por IA; aguarda revisão humana.'
qrels:
- question_id: q-004-t20
  chunk_id: art-004-b0066-c000
  relevance: 1
evidence_groups: []
chunks:
- chunk_id: art-004-b0066-c000
  doc_id: art-004
  block_id: art-004-b0066
  page: 12
  section: 6. Conclusa˜o
  modality: text
  text: 'Neste artigo e´ proposto o algoritmo com aprendizado de ma´quina para escolha
    de nu´cleo

    (AMN)emSDM-EONs. OAMNutilizaumaredeneuralparaaprenderocomportamento

    de outro algoritmo, o CBA-SBA, e extrair caracter´ısticas-chave e predizer qual
    o melhor

    nu´cleoparaseralocadoparacadarequisic¸a˜oemumdeterminadoestadodarede.

    OAMNe´ avaliadoemtermosdeprobabilidadedebloqueioderequisic¸a˜oeraza˜o

    de dados bloqueados. O AMN alcanc¸ou, em um cena´rio com alta incideˆncia de XT,

    ganhosme´diosemrelac¸a˜oaoutrosalgoritmosXT-avoiddepelomenos8,16%emtermos

    de PBR e de pelo menos 9,28% em termos de RDB. Ja´ no cena´rio de baixa incideˆncia
    de

    XT,oAMNatingiuumganhome´diodepelomenos25,35%emtermosdePBRe24,87%

    emtermosdeRDBemrelac¸a˜oaoutrosalgoritmos.

    Para trabalhos futuros pretende-se investigar o desempenho do AMN sendo trei-

    nadoporoutrasbasesdedados,ale´mdabasegeradapeloalgoritmoCBA-SBA.Tambe´m

    pretende-se estudar o uso de outras te´cnicas de ML para auxiliar na tomada de
    decisa˜o

    da escolha de nu´cleo. Por fim, pretende-se aprofundar a investigac¸a˜o e utilizar
    a aborda-

    gem de ML para tratar a alocac¸a˜o de nu´cleo em conjunto com outros subproblemas
    do

    RMSCA,comoalocac¸a˜odeespectroouroteamento.'
  token_count_ref: 242
  char_count: 1195
  source_block_hash: afcedf7d32a7ed695df8818cf5918d324b953b5bb43e4dfe8fc84372cdd109fb

Registrado: q-004-t20 = approved; revisão: D:\rag-ptbr-retrieval-pilot\data\annotations\reviews\review-eb8a329adbb64685854a54c70d696e46.yaml
question:
  question_id: q-004-m01
  text: Usando a Figura 1 e a descrição do algoritmo, em qual etapa a RNA é usada
    para escolher o núcleo durante a operação da rede?
  expected_answer: No terceiro passo, após o treinamento, quando a rede neural treinada
    é executada para escolher o núcleo
  origin_doc_id: art-004
  evidence:
  - evidence_id: q-004-m01-e1
    doc_id: art-004
    page: 6
    section: Seção 4 / Figura 1
    quote: 'corresponde ao treinamento da RNA e o terceiro passo constitui a execuc¸a˜o
      do AMN

      duranteafasedefuncionamentodarede.'
    chunk_ids:
    - art-004-b0018-c000
    required_group: q-004-m01-g1
  - evidence_id: q-004-m01-e2
    doc_id: art-004
    page: 7
    section: Seção 4
    quote: 'Os passos um e dois ocorrem em um momento offline da rede. Ja´ o passo
      treˆs e´

      executado durante o funcionamento da rede para a alocac¸a˜o de nu´cleo. Nesta
      etapa, para

      cadarequisic¸a˜odenovocaminhoo´pticoquechegaaoplanodecontrole,oAMNalimenta

      asuaRNAcomosdezesseteatributos(estadoatualdarede)eexecutaaRNAja´ treinada.

      No processo de execuc¸a˜o da RNA, a mesma retorna o nu´cleo a ser escolhido.'
    chunk_ids:
    - art-004-b0023-c000
    required_group: q-004-m01-g1
  question_type: multi_evidence
  modality: mixed
  review_status: draft
  notes: 'Pré-anotação A04-M01. Análise automática: READY_FOR_HUMAN_REVIEW. A informação
    solicitada da Figura 1 está explicitamente representada no texto das pp.6–7. Uma
    única informação necessária; os dois chunks são alternativas OR, sem grupos artificiais
    por sobreposição. Mantido draft. Candidato produzido por IA; aguarda revisão humana.'
qrels:
- question_id: q-004-m01
  chunk_id: art-004-b0018-c000
  relevance: 1
- question_id: q-004-m01
  chunk_id: art-004-b0023-c000
  relevance: 1
evidence_groups:
- group_id: q-004-m01-g1
  question_id: q-004-m01
  required: true
  description: 'Terceiro passo: execução da RNA treinada durante a operação para escolher
    o núcleo.'
  chunk_ids:
  - art-004-b0018-c000
  - art-004-b0023-c000
chunks:
- chunk_id: art-004-b0018-c000
  doc_id: art-004
  block_id: art-004-b0018
  page: 6
  section: 4. Algoritmo Proposto
  modality: text
  text: 'Neste artigo e´ proposto o algoritmo com aprendizado de ma´quina para escolha
    de nu´cleo

    (AMN) em SDM-EONs. O AMN utiliza uma rede neural artificial (RNA) para aprender

    o comportamento de outro algoritmo em determinados estados da rede e extrair carac-

    ter´ısticas chaves para a alocac¸a˜o de nu´cleo. A RNA do AMN e´ treinada para
    aprender

    comohisto´ricodesucessodeoutroalgoritmoeproduzirresultadosmelhoressemneces-

    sidade de execuc¸a˜o deste algoritmo. O fluxo de funcionamento do AMN e´ composto
    de

    treˆs passos: o primeiro passo constitui a criac¸a˜o de uma base de dados, o segundo
    passo

    corresponde ao treinamento da RNA e o terceiro passo constitui a execuc¸a˜o do
    AMN

    duranteafasedefuncionamentodarede. OfluxodoAMNe´ mostradonaFigura1.

    Passo 1.Gerar uma base Passo 2.Treinar a rede Passo 3.Executar a rede

    de dados com ≈ 800.000 neural para aprender o neural treinada para

    registros. comportamento da base. escolha do núcleo.

    Rede neural não treinada Rede neural treinada

    Algoritmo'
  token_count_ref: 198
  char_count: 989
  source_block_hash: c1d29ba3f7320ee53a245f5c1604c46b8c689ac2312cf43debb5015ec2588274
- chunk_id: art-004-b0023-c000
  doc_id: art-004
  block_id: art-004-b0023
  page: 7
  section: O1,128 O2,64 O3,32
  modality: text
  text: 'Figura2. ArquiteturadaredeneuralartificialdoAMN.

    O processo de treinamento consiste no ajuste dos pesos da rede. Durante o trei-

    namento, a base de dados e´ dividida na proporc¸a˜o de 80% dos dados para treinamento

    e 20% para testes. Isto e´, os pesos sa˜o ajustados com um conjunto de 675.704
    registros

    da base de dados. Apo´s o treinamento, a performance da RNA e´ verificada com
    o con-

    juntodeteste(168.926registros)paraapurarseaRNAe´ capazdepredizerosnu´cleosem

    condic¸o˜esreaisdeutilizac¸a˜o. Noprocessodeteste,aRNAatingiu98,93%deacura´cia.

    Os passos um e dois ocorrem em um momento offline da rede. Ja´ o passo treˆs e´

    executado durante o funcionamento da rede para a alocac¸a˜o de nu´cleo. Nesta
    etapa, para

    cadarequisic¸a˜odenovocaminhoo´pticoquechegaaoplanodecontrole,oAMNalimenta

    asuaRNAcomosdezesseteatributos(estadoatualdarede)eexecutaaRNAja´ treinada.

    No processo de execuc¸a˜o da RNA, a mesma retorna o nu´cleo a ser escolhido. O
    AMN

    enta˜o retorna o nu´cleo escolhido ao plano de controle da rede para que o mesmo
    seja

    alocado. ValeressaltarqueoAMNefetuaaalocac¸a˜odenu´cleo,podendoserutilizadoem

    conjuntocomumagamadealgoritmosderoteamentoealocac¸a˜odeespectrodaliteratura.'
  token_count_ref: 239
  char_count: 1189
  source_block_hash: 73d68199c6f130ffc3dc09b4c8a58df41e2faaabd2ebea60c6d8d8aa66b343ca

Registrado: q-004-m01 = approved; revisão: D:\rag-ptbr-retrieval-pilot\data\annotations\reviews\review-d481be6e14714d22b92551eec6e78d0d.yaml
question:
  question_id: q-004-m02
  text: 'Compare a Tabela 1 com a estratégia adotada pelo AMN: qual característica
    comum aos trabalhos XT-avoid justifica a escolha metodológica do artigo?'
  expected_answer: Eles evitam crosstalk sem depender de seus valores em tempo real;
    o AMN segue essa abordagem para reduzir custo computacional
  origin_doc_id: art-004
  evidence:
  - evidence_id: q-004-m02-e1
    doc_id: art-004
    page: 2
    section: Seção 2
    quote: 'Ja´ as estrate´gias XT-avoid buscam alocar os recursos da rede de forma
      a evitar

      o crosstalk sem possuir os valores em tempo real.'
    chunk_ids:
    - art-004-b0004-c000
    required_group: q-004-m02-g1
  - evidence_id: q-004-m02-e2
    doc_id: art-004
    page: 3
    section: Seção 2
    quote: 'Buscando eficieˆncia e baixo custo computacional, este artigo aborda o
      problema de

      alocac¸a˜oderecursosemSDM-EONatrave´sdeme´todosXT-avoid.'
    chunk_ids:
    - art-004-b0005-c000
    required_group: q-004-m02-g2
  question_type: multi_evidence
  modality: mixed
  review_status: draft
  notes: 'Pré-anotação A04-M02. Análise automática: READY_FOR_HUMAN_REVIEW. A Tabela
    1 está parcialmente fragmentada na extração: referências e tipos de XT aparecem
    em blocos distintos. A característica e a justificativa pedidas estão explícitas
    no texto da Seção 2, pp.2–3. Nenhuma correspondência de linha da tabela foi inventada;
    os dois grupos usam suporte textual suficiente. Mantido draft. Candidato produzido
    por IA; aguarda revisão humana.'
qrels:
- question_id: q-004-m02
  chunk_id: art-004-b0004-c000
  relevance: 1
- question_id: q-004-m02
  chunk_id: art-004-b0005-c000
  relevance: 1
evidence_groups:
- group_id: q-004-m02-g1
  question_id: q-004-m02
  required: true
  description: XT-avoid evita crosstalk sem conhecer seus valores em tempo real.
  chunk_ids:
  - art-004-b0004-c000
- group_id: q-004-m02-g2
  question_id: q-004-m02
  required: true
  description: O artigo escolhe XT-avoid buscando eficiência e baixo custo computacional.
  chunk_ids:
  - art-004-b0005-c000
chunks:
- chunk_id: art-004-b0004-c000
  doc_id: art-004
  block_id: art-004-b0004
  page: 2
  section: 2. Trabalhos Relacionados
  modality: text
  text: 'Tradicionalmente existem duas formas de considerar o crosstalk ao resolver
    o problema

    RMSCA em SDM-EONs. As estrate´gias XT-aware sa˜o cientes de crosstalk e utilizam

    os valores e n´ıveis de crosstalk em tempo real para a tomada de decisa˜o no problema

    RMSCA. Ja´ as estrate´gias XT-avoid buscam alocar os recursos da rede de forma
    a evitar

    o crosstalk sem possuir os valores em tempo real. Apesar de bons n´ıveis de eficieˆncia,

    as estrate´gias XT-aware introduzem um alto custo computacional para serem executa-'
  token_count_ref: 109
  char_count: 513
  source_block_hash: 86f3d446c806f7f7efd9d34ed5190b674f8f56d7d51a95f3d9ff4377442fdc44
- chunk_id: art-004-b0005-c000
  doc_id: art-004
  block_id: art-004-b0005
  page: 3
  section: 2. Trabalhos Relacionados
  modality: text
  text: 'das. Buscando eficieˆncia e baixo custo computacional, este artigo aborda
    o problema de

    alocac¸a˜oderecursosemSDM-EONatrave´sdeme´todosXT-avoid.

    Em [Fujiietal. 2014] e´ proposta uma estrate´gia XT-avoid de alocac¸a˜o de nu´cleo

    e espectro. Os autores propo˜em uma pol´ıtica de priorizac¸a˜o de nu´cleo, nomeada
    de core

    prioritization (CP). Tal pol´ıtica busca evitar o XT entre nu´cleos ao balancear
    o uso de

    cada nu´cleo da fibra o´ptica. Os autores tambe´m propo˜em uma estrate´gia para
    mitigar a

    fragmentac¸a˜oespectralnarede.

    Osautoresem[Yaghubi-Namaadetal. 2018]apresentamumasoluc¸a˜oparaopro-

    blemaderoteamento,n´ıveldemodulac¸a˜o,espac¸oeatribuic¸a˜odeespectro(RMLSSA).Os

    autores apresentaram um modelo de programac¸a˜o linear inteira e utilizaram uma
    matriz

    detra´fegoesta´ticoparaassimulac¸o˜es. Ale´mdisso,osautoresapresentaramumalgoritmo

    pol´ıticas ordenac¸a˜o

    guloso com quatro de para o problema RMLSSA. Por fim, o artigo

    avaliaaefica´ciadaspropostasatrave´sdediferentesme´tricasdeavaliac¸a˜odedesempenho.

    Em[Arau´joetal. 2021]e´ propostooalgoritmodedistanciamentoespectralinter-

    nu´cleos (ADEIN). Com o objetivo de evitar o XT, o ADEIN realiza um balanceamento

    no uso dos recursos atrave´s do uso de um sistema de pontuac¸a˜o e divisa˜o de
    grupos de

    prioridades. Talsistemadepontuac¸a˜oconsistenacriac¸a˜odeumatabelaatualizadaacada

    alocac¸a˜odeumnovocaminhoo´'
  token_count_ref: 309
  char_count: 1373
  source_block_hash: 537e55971f5ea6f37194c23d4e9056d564ab53eaae20341d5ed07bc610c44af2

Registrado: q-004-m02 = approved; revisão: D:\rag-ptbr-retrieval-pilot\data\annotations\reviews\review-0bbc18a03aba40ae8ef1f2305d34ea5d.yaml
question:
  question_id: q-004-m03
  text: Considerando a Figura 3 e a Seção 5, quais topologias são representadas e
    para qual finalidade elas são usadas?
  expected_answer: NSFNet e EURO28; são as topologias usadas nas simulações de avaliação
    do AMN
  origin_doc_id: art-004
  evidence:
  - evidence_id: q-004-m03-e1
    doc_id: art-004
    page: 8
    section: Seção 5 / Figura 3
    quote: Astopologiasconsideradasnassimulac¸o˜essa˜oaNSFNeteaEURO28(Figura3).
    chunk_ids:
    - art-004-b0026-c000
    required_group: q-004-m03-g1
  - evidence_id: q-004-m03-e2
    doc_id: art-004
    page: 8
    section: Seção 5 / Figura 3
    quote: Astopologiasconsideradasnassimulac¸o˜essa˜oaNSFNeteaEURO28(Figura3).
    chunk_ids:
    - art-004-b0026-c000
    required_group: q-004-m03-g2
  question_type: multi_evidence
  modality: mixed
  review_status: draft
  notes: 'Pré-anotação A04-M03. Análise automática: READY_FOR_HUMAN_REVIEW. Identidade
    das topologias e finalidade estão em uma frase textual que referencia a Figura
    3; não se infere grafo, enlaces ou topologia visual pela legenda. Mantido draft.
    Candidato produzido por IA; aguarda revisão humana.'
qrels:
- question_id: q-004-m03
  chunk_id: art-004-b0026-c000
  relevance: 1
evidence_groups:
- group_id: q-004-m03-g1
  question_id: q-004-m03
  required: true
  description: As topologias representadas são NSFNet e EURO28.
  chunk_ids:
  - art-004-b0026-c000
- group_id: q-004-m03-g2
  question_id: q-004-m03
  required: true
  description: Essas topologias são usadas nas simulações de avaliação de desempenho
    do AMN.
  chunk_ids:
  - art-004-b0026-c000
chunks:
- chunk_id: art-004-b0026-c000
  doc_id: art-004
  block_id: art-004-b0026
  page: 8
  section: 100.000 requisic¸o˜es de caminhos o´pticos em cada simulac¸a˜o. A gerac¸a˜o
    de requisic¸o˜es e´
  modality: text
  text: 'Para cada cena´rio de avaliac¸a˜o foram realizadas 10 simulac¸o˜es com diferentes
    sementes

    degerac¸a˜odevaria´velaleato´ria. Todososresultadospossuemn´ıveldeconfianc¸ade95%.

    Astopologiasconsideradasnassimulac¸o˜essa˜oaNSFNeteaEURO28(Figura3).'
  token_count_ref: 50
  char_count: 242
  source_block_hash: fbd2b7ee7b893d6498cc7377c5948fa2a2996bb3d349390afa60989e2d111b28

Registrado: q-004-m03 = approved; revisão: D:\rag-ptbr-retrieval-pilot\data\annotations\reviews\review-e79f67e564f2452582678dca47179460.yaml
question:
  question_id: q-004-m04
  text: Usando a Figura 4 e a explicação dos resultados, em qual carga são relatados
    os ganhos de 87,19% e 80,64% do AMN em PBR sobre o CPRF, e em quais topologias?
  expected_answer: Na carga de 1300 Erlangs, na NSFNet (87,19%) e na EURO28 (80,64%),
    no cenário de alta incidência de XT
  origin_doc_id: art-004
  evidence:
  - evidence_id: q-004-m04-e1
    doc_id: art-004
    page: 10
    section: Seção 5 / Figura 4
    quote: 'O ganho do AMN em relac¸a˜o ao CPRF com uma carga de 1300 Erlangs

      (u´ltimo ponto de carga) foi de 87,19% na topologia NSFNet (Figura 4 (a)) e
      80,64% na

      topologia EURO28 (Figura 4 (b)).'
    chunk_ids:
    - art-004-b0039-c000
    required_group: q-004-m04-g1
  - evidence_id: q-004-m04-e2
    doc_id: art-004
    page: 10
    section: Seção 5 / Figura 4
    quote: 'O ganho do AMN em relac¸a˜o ao CPRF com uma carga de 1300 Erlangs

      (u´ltimo ponto de carga) foi de 87,19% na topologia NSFNet (Figura 4 (a)) e
      80,64% na

      topologia EURO28 (Figura 4 (b)).'
    chunk_ids:
    - art-004-b0039-c000
    required_group: q-004-m04-g2
  - evidence_id: q-004-m04-e3
    doc_id: art-004
    page: 10
    section: Seção 5 / Figura 4
    quote: 'O ganho do AMN em relac¸a˜o ao CPRF com uma carga de 1300 Erlangs

      (u´ltimo ponto de carga) foi de 87,19% na topologia NSFNet (Figura 4 (a)) e
      80,64% na

      topologia EURO28 (Figura 4 (b)).'
    chunk_ids:
    - art-004-b0039-c000
    required_group: q-004-m04-g3
  - evidence_id: q-004-m04-e4
    doc_id: art-004
    page: 9
    section: Seção 5
    quote: 'A avaliac¸a˜o de desempenho e´ realizado em dois cena´rios: um com alta
      in-

      cideˆncia de XT (AXT) e um com baixa incideˆncia de XT (BXT). Para simular estes

      dois cena´rios, o coeficiente de acoplamento de poteˆncia da fibra (h ) e´ ajustado
      para

      l

      6,4×10−9 m−1 no cena´rio de AXT [Lobatoetal. 2019] e 1,5×10−9 m−1 no cena´rio
      de

      BXT[Lobatoetal. 2019]. Estaabordagemverificaodesempenhodaspropostasemdife-

      rentestiposdeMCFs. AFigura4apresentaosresultadosdePBRparaocena´rioAXT.'
    chunk_ids:
    - art-004-b0032-c001
    required_group: q-004-m04-g4
  question_type: multi_evidence
  modality: mixed
  review_status: draft
  notes: 'Pré-anotação A04-M04. Análise automática: READY_FOR_HUMAN_REVIEW. Valores,
    carga, topologias e cenário constam no texto das pp.9–10; curvas ilegíveis na
    extração não foram reconstruídas. Mantido draft. Candidato produzido por IA; aguarda
    revisão humana.'
qrels:
- question_id: q-004-m04
  chunk_id: art-004-b0032-c001
  relevance: 1
- question_id: q-004-m04
  chunk_id: art-004-b0039-c000
  relevance: 1
evidence_groups:
- group_id: q-004-m04-g1
  question_id: q-004-m04
  required: true
  description: Os ganhos relatados são medidos na carga de 1300 Erlangs.
  chunk_ids:
  - art-004-b0039-c000
- group_id: q-004-m04-g2
  question_id: q-004-m04
  required: true
  description: O ganho de PBR do AMN sobre CPRF na NSFNet é 87,19%.
  chunk_ids:
  - art-004-b0039-c000
- group_id: q-004-m04-g3
  question_id: q-004-m04
  required: true
  description: O ganho de PBR do AMN sobre CPRF na EURO28 é 80,64%.
  chunk_ids:
  - art-004-b0039-c000
- group_id: q-004-m04-g4
  question_id: q-004-m04
  required: true
  description: Figura 4 apresenta PBR no cenário de alta incidência de XT (AXT).
  chunk_ids:
  - art-004-b0032-c001
chunks:
- chunk_id: art-004-b0032-c001
  doc_id: art-004
  block_id: art-004-b0032
  page: 9
  section: 16-QAM
  modality: text
  text: '´joetal. 2021]; e iii) o algoritmo core prioritiza-

    tion [Fujiietal. 2014] em conjunto com a estrate´gia de alocac¸a˜o de espectro
    random fit,

    referenciadoaseguircomoCPRF.

    A avaliac¸a˜o de desempenho e´ realizado em dois cena´rios: um com alta in-

    cideˆncia de XT (AXT) e um com baixa incideˆncia de XT (BXT). Para simular estes

    dois cena´rios, o coeficiente de acoplamento de poteˆncia da fibra (h ) e´ ajustado
    para

    l

    6,4×10−9 m−1 no cena´rio de AXT [Lobatoetal. 2019] e 1,5×10−9 m−1 no cena´rio
    de

    BXT[Lobatoetal. 2019]. Estaabordagemverificaodesempenhodaspropostasemdife-

    rentestiposdeMCFs. AFigura4apresentaosresultadosdePBRparaocena´rioAXT.'
  token_count_ref: 155
  char_count: 646
  source_block_hash: 1aa1f596c79e44ffc90befbb945ee9c7d237f1bd4e8da420c9a0592b3bbbd76e
- chunk_id: art-004-b0039-c000
  doc_id: art-004
  block_id: art-004-b0039
  page: 10
  section: n AMN n AMN
  modality: text
  text: 'AMN e R e´ o resultado (PBR ou RDB) dos concorrentes avaliados (CPRF, ADEIN
    ou

    n

    CBA-SBA). O ganho do AMN em relac¸a˜o ao CPRF com uma carga de 1300 Erlangs

    (u´ltimo ponto de carga) foi de 87,19% na topologia NSFNet (Figura 4 (a)) e 80,64%
    na

    topologia EURO28 (Figura 4 (b)). Em relac¸a˜o ao ADEIN, o AMN atingiu um ganho
    de

    72,56% no u´ltimo ponto de carga na topologia NSFNet e 61,42% na topologia EURO28.

    No cena´rio de alta incideˆncia de XT, os resultados do AMN foram similares ao
    CBA-

    SBA. Na topologia NSFNet, os resultados sa˜o equivalentes considerando a margem
    de

    intervalo de confianc¸a. Ja´ na topologia EURO28, o AMN obteve um ganho em relac¸a˜o

    ao CBA-SBA de 20,19% no ponto de 1300 Erlangs. O ganho do AMN em relac¸a˜o ao

    CBA-SBAaumentounocena´riodebaixoXT,comoapresentadonaFigura5.

    Topologia NSFNet -BXT Topologia EEUORNO -2B8X -TBXT'
  token_count_ref: 224
  char_count: 850
  source_block_hash: 4be9bfbc187197c8e6dc31671959ff98b335185873ea64a8d61b98b089317252

Registrado: q-004-m04 = approved; revisão: D:\rag-ptbr-retrieval-pilot\data\annotations\reviews\review-5ae6824a0b2344fd812742381cf5b0a3.yaml
question:
  question_id: q-004-m05
  text: A partir da Tabela 4 e da discussão subsequente, em qual caso o ganho médio
    do AMN sobre CBA-SBA é marcado como equivalente pelo intervalo de confiança?
  expected_answer: Em PBR e RDB na topologia NSFNet sob alta incidência de XT, com
    1,17% e 1,36% marcados por asterisco
  origin_doc_id: art-004
  evidence:
  - evidence_id: q-004-m05-e1
    doc_id: art-004
    page: 12
    section: Tabela 4 / Seção 5
    quote: '|  | PBR |  |  |  | RDB |  |  |  |

      | --- | --- | --- | --- | --- | --- | --- | --- | --- |

      |  | NSFNet |  | EURO28 |  | NSFNet |  | EURO28 |  |

      |  | AXT | BXT | AXT | BXT | AXT | BXT | AXT | BXT |

      | CPRF | 94,52% | 99,94% | 88,70% | 89,10% | 92,40% | 99,90% | 85,81% | 89,01%
      |

      | ADEIN | 86,98% | 96,82% | 74,11% | 25,35% | 84,82% | 95,57% | 71,76% | 24,87%
      |

      | CBA-SBA | 1,17%* | 99,98% | 8,16% | 98,83% | 1,36%* | 99,97% | 9,28% | 98,72%
      |'
    chunk_ids:
    - art-004-b0067-c000
    required_group: q-004-m05-g1
  - evidence_id: q-004-m05-e2
    doc_id: art-004
    page: 12
    section: Tabela 4 / Seção 5
    quote: '|  | PBR |  |  |  | RDB |  |  |  |

      | --- | --- | --- | --- | --- | --- | --- | --- | --- |

      |  | NSFNet |  | EURO28 |  | NSFNet |  | EURO28 |  |

      |  | AXT | BXT | AXT | BXT | AXT | BXT | AXT | BXT |

      | CPRF | 94,52% | 99,94% | 88,70% | 89,10% | 92,40% | 99,90% | 85,81% | 89,01%
      |

      | ADEIN | 86,98% | 96,82% | 74,11% | 25,35% | 84,82% | 95,57% | 71,76% | 24,87%
      |

      | CBA-SBA | 1,17%* | 99,98% | 8,16% | 98,83% | 1,36%* | 99,97% | 9,28% | 98,72%
      |'
    chunk_ids:
    - art-004-b0067-c000
    required_group: q-004-m05-g2
  - evidence_id: q-004-m05-e3
    doc_id: art-004
    page: 12
    section: Seção 5
    quote: 'Nos cena´rios com alta incideˆncia de XT, o desempenho do

      AMN e´ equivalente ao CBA-SBA na topologia NSFNet. Neste caso espec´ıfico, os
      resul-

      tados esta˜o sobrepostos pelo intervalo de confianc¸a (marcado com um “*” na
      Tabela 4).'
    chunk_ids:
    - art-004-b0065-c000
    required_group: q-004-m05-g3
  question_type: multi_evidence
  modality: mixed
  review_status: draft
  notes: 'Pré-anotação A04-M05. Análise automática: READY_FOR_HUMAN_REVIEW. Cabeçalhos
    hierárquicos PBR/RDB, topologia e AXT/BXT preservados na tabela extraída permitem
    interpretar os valores. Significado do asterisco confirmado no parágrafo subsequente.
    Mantido draft. Candidato produzido por IA; aguarda revisão humana.'
qrels:
- question_id: q-004-m05
  chunk_id: art-004-b0065-c000
  relevance: 1
- question_id: q-004-m05
  chunk_id: art-004-b0067-c000
  relevance: 1
evidence_groups:
- group_id: q-004-m05-g1
  question_id: q-004-m05
  required: true
  description: Na NSFNet/AXT, o ganho médio de PBR sobre CBA-SBA é 1,17% com asterisco.
  chunk_ids:
  - art-004-b0067-c000
- group_id: q-004-m05-g2
  question_id: q-004-m05
  required: true
  description: Na NSFNet/AXT, o ganho médio de RDB sobre CBA-SBA é 1,36% com asterisco.
  chunk_ids:
  - art-004-b0067-c000
- group_id: q-004-m05-g3
  question_id: q-004-m05
  required: true
  description: O asterisco denota equivalência por sobreposição do intervalo de confiança.
  chunk_ids:
  - art-004-b0065-c000
chunks:
- chunk_id: art-004-b0065-c000
  doc_id: art-004
  block_id: art-004-b0065
  page: 12
  section: 900 1000 1100 1200 1300 900 1000 1100 1200 1300
  modality: text
  text: 'De maneira geral, o AMN obteve melhores resultados quando comparado com

    todos os demais algoritmos. Nos cena´rios com alta incideˆncia de XT, o desempenho
    do

    AMN e´ equivalente ao CBA-SBA na topologia NSFNet. Neste caso espec´ıfico, os
    resul-

    tados esta˜o sobrepostos pelo intervalo de confianc¸a (marcado com um “*” na Tabela
    4).

    Na topologia EURO28, o ganho me´dio do AMN (em relac¸a˜o ao CBA-SBA) e´ de 8,16%

    emtermosdePBR.AsimilaridadeentreoAMNeoCBA-SBAnestecena´riodar-sepelo

    fato do AMN ser treinado a partir do CBA-SBA, o que acarreta em uma convergeˆncia
    de

    desempenhonocena´riodeAXT.Estaconvergeˆnciadedesempenhona˜oocorrenocena´rio

    deBXT,ondeoganhome´diodoAMNemrelac¸a˜oaoCBA-SBAtorna-semaiorque98%

    em todas as me´tricas e topologias. Tal melhora deve-se, entre outras razo˜es,
    ao fato de

    que o treinamento do AMN considera atributos da rota e da modulac¸a˜o, que sa˜o
    negli-

    cenciadospeloCBA-SBA.Assim,aredeneuraldoAMNidentificapadro˜esrelacionados

    a estes atributos e aos casos de sucesso do CBA-SBA, melhorando o resultado geral
    do

    AMNemcena´riosdebaixaincideˆnciadeXT.'
  token_count_ref: 233
  char_count: 1082
  source_block_hash: 4aa780c3ec5c5eb43b5ee536a1fca88abaceb14ee097e7cbeaee1c6569d89883
- chunk_id: art-004-b0067-c000
  doc_id: art-004
  block_id: art-004-b0067
  page: 12
  section: 6. Conclusa˜o
  modality: table
  text: '|  | PBR |  |  |  | RDB |  |  |  |

    | --- | --- | --- | --- | --- | --- | --- | --- | --- |

    |  | NSFNet |  | EURO28 |  | NSFNet |  | EURO28 |  |

    |  | AXT | BXT | AXT | BXT | AXT | BXT | AXT | BXT |

    | CPRF | 94,52% | 99,94% | 88,70% | 89,10% | 92,40% | 99,90% | 85,81% | 89,01%
    |

    | ADEIN | 86,98% | 96,82% | 74,11% | 25,35% | 84,82% | 95,57% | 71,76% | 24,87%
    |

    | CBA-SBA | 1,17%* | 99,98% | 8,16% | 98,83% | 1,36%* | 99,97% | 9,28% | 98,72%
    |'
  token_count_ref: 214
  char_count: 441
  source_block_hash: 065716fc18a612dfd0b82411c488ac9d806f7952f658f8c15189df89c25956a3

Registrado: q-004-m05 = approved; revisão: D:\rag-ptbr-retrieval-pilot\data\annotations\reviews\review-b5cf467fb5804563bbef374c882ce13e.yaml
question:
  question_id: q-005-t01
  text: Qual problema clínico os modelos do artigo buscam classificar automaticamente?
  expected_answer: A presença de câncer peniano em imagens histopatológicas
  origin_doc_id: art-005
  evidence:
  - evidence_id: q-005-t01-e1
    doc_id: art-005
    page: 10
    section: Seção 5
    quote: 'Neste estudo, foram propostos dois modelos para o diagnóstico automático
      de cân-

      cerdepênisemimagenshistopatológicas'
    chunk_ids:
    - art-005-b0022-c000
    required_group: null
  question_type: factual
  modality: text
  review_status: draft
  notes: 'Pré-anotação A05-T01. Análise automática: READY_FOR_HUMAN_REVIEW. Suporte
    literal conferido no Markdown extraído e no chunk congelado; página verificada
    pelo marcador PAGE da extração. Candidato produzido por IA, permanece draft. Candidato
    produzido por IA; aguarda revisão humana.'
qrels:
- question_id: q-005-t01
  chunk_id: art-005-b0022-c000
  relevance: 1
evidence_groups: []
chunks:
- chunk_id: art-005-b0022-c000
  doc_id: art-005
  block_id: art-005-b0022
  page: 10
  section: 5. Conclusão
  modality: text
  text: 'Neste estudo, foram propostos dois modelos para o diagnóstico automático
    de cân-

    cerdepênisemimagenshistopatológicas,juntamentecomautilizaçãodeumaferramenta

    depré-processamentoaindanãoutilizadanestedomínio.'
  token_count_ref: 21
  char_count: 206
  source_block_hash: 4c5c4c7cacfac90a02d21c5f957b0f5e70a59b4a6269ed22d9f4d6c8ad69d612

Registrado: q-005-t01 = approved; revisão: D:\rag-ptbr-retrieval-pilot\data\annotations\reviews\review-720349f99c034c11bf37e5e0065e749a.yaml
question:
  question_id: q-005-t02
  text: Qual projeto organizou o conjunto de imagens utilizado?
  expected_answer: Projeto Câncer de Pênis da Amazônia Legal (PCPAm)
  origin_doc_id: art-005
  evidence:
  - evidence_id: q-005-t02-e1
    doc_id: art-005
    page: 4
    section: Seção 3.1
    quote: 'O conjunto de imagens utilizadas para a produção deste trabalho foi organizado

      peloProjetoCâncerdePênisdaAmazôniaLegal(PCPAm)emcolaboraçãocomNúcleo

      de Computação Aplicada da Universidade Federal do Maranhão.'
    chunk_ids:
    - art-005-b0009-c000
    required_group: null
  question_type: factual
  modality: text
  review_status: draft
  notes: 'Pré-anotação A05-T02. Análise automática: READY_FOR_HUMAN_REVIEW. Suporte
    literal conferido no Markdown extraído e no chunk congelado; página verificada
    pelo marcador PAGE da extração. Candidato produzido por IA, permanece draft. Candidato
    produzido por IA; aguarda revisão humana.'
qrels:
- question_id: q-005-t02
  chunk_id: art-005-b0009-c000
  relevance: 1
evidence_groups: []
chunks:
- chunk_id: art-005-b0009-c000
  doc_id: art-005
  block_id: art-005-b0009
  page: 4
  section: 3.1. BasedeImagens
  modality: text
  text: 'O conjunto de imagens utilizadas para a produção deste trabalho foi organizado

    peloProjetoCâncerdePênisdaAmazôniaLegal(PCPAm)emcolaboraçãocomNúcleo

    de Computação Aplicada da Universidade Federal do Maranhão. Este consiste em 194

    imagens RGB de resolução 2048×1536 píxeis, organizadas por ampliação e situação

    patológicaconformeatabela2.

    Essesregistrosforamobtidosem2021,apartirdebiópsiaspenianas. Asamostras

    recolhidas foram coloridas com Eosina e Hematoxilina e fotografadas por um câmera

    de alta definição (Leica ICC50 HD) acoplada a um microscópio de campo claro (Leica

    DM500), em duas ampliações distintas. A análise e classificação das imagens foram

    realizadas por dois patologistas com o auxílio de um software específico (Leica
    Aperio'
  token_count_ref: 109
  char_count: 741
  source_block_hash: 574685387f57e82ec9614562f3b79559d3eca9a44e592122c3db22824add9e9c

Registrado: q-005-t02 = approved; revisão: D:\rag-ptbr-retrieval-pilot\data\annotations\reviews\review-1dff5e4c999244cba29d61cd53711220.yaml
question:
  question_id: q-005-t03
  text: Quantas imagens compõem o conjunto de dados original?
  expected_answer: 194 imagens RGB
  origin_doc_id: art-005
  evidence:
  - evidence_id: q-005-t03-e1
    doc_id: art-005
    page: 4
    section: Seção 3.1
    quote: 'Este consiste em 194

      imagens RGB de resolução 2048×1536 píxeis, organizadas por ampliação e situação

      patológicaconformeatabela2.'
    chunk_ids:
    - art-005-b0009-c000
    required_group: null
  question_type: factual
  modality: text
  review_status: draft
  notes: 'Pré-anotação A05-T03. Análise automática: READY_FOR_HUMAN_REVIEW. Suporte
    literal conferido no Markdown extraído e no chunk congelado; página verificada
    pelo marcador PAGE da extração. Candidato produzido por IA, permanece draft. Candidato
    produzido por IA; aguarda revisão humana.'
qrels:
- question_id: q-005-t03
  chunk_id: art-005-b0009-c000
  relevance: 1
evidence_groups: []
chunks:
- chunk_id: art-005-b0009-c000
  doc_id: art-005
  block_id: art-005-b0009
  page: 4
  section: 3.1. BasedeImagens
  modality: text
  text: 'O conjunto de imagens utilizadas para a produção deste trabalho foi organizado

    peloProjetoCâncerdePênisdaAmazôniaLegal(PCPAm)emcolaboraçãocomNúcleo

    de Computação Aplicada da Universidade Federal do Maranhão. Este consiste em 194

    imagens RGB de resolução 2048×1536 píxeis, organizadas por ampliação e situação

    patológicaconformeatabela2.

    Essesregistrosforamobtidosem2021,apartirdebiópsiaspenianas. Asamostras

    recolhidas foram coloridas com Eosina e Hematoxilina e fotografadas por um câmera

    de alta definição (Leica ICC50 HD) acoplada a um microscópio de campo claro (Leica

    DM500), em duas ampliações distintas. A análise e classificação das imagens foram

    realizadas por dois patologistas com o auxílio de um software específico (Leica
    Aperio'
  token_count_ref: 109
  char_count: 741
  source_block_hash: 574685387f57e82ec9614562f3b79559d3eca9a44e592122c3db22824add9e9c

Registrado: q-005-t03 = approved; revisão: D:\rag-ptbr-retrieval-pilot\data\annotations\reviews\review-c8f9230159ca46adbeb1367e770f9648.yaml
question:
  question_id: q-005-t04
  text: Quais duas ampliações estão presentes no conjunto original?
  expected_answer: 40× e 100×
  origin_doc_id: art-005
  evidence:
  - evidence_id: q-005-t04-e1
    doc_id: art-005
    page: 5
    section: Tabela 2 / Seção 3.1
    quote: 'Tabela2. Organizaçãodoconjuntodeimagens.

      Ampliação Normal Câncer Total

      40× 40 57 97

      100× 40 57 97'
    chunk_ids:
    - art-005-b0011-c000
    required_group: null
  question_type: factual
  modality: text
  review_status: draft
  notes: 'Pré-anotação A05-T04. Análise automática: READY_FOR_HUMAN_REVIEW. Suporte
    literal conferido no Markdown extraído e no chunk congelado; página verificada
    pelo marcador PAGE da extração. Candidato produzido por IA, permanece draft. Candidato
    produzido por IA; aguarda revisão humana.'
qrels:
- question_id: q-005-t04
  chunk_id: art-005-b0011-c000
  relevance: 1
evidence_groups: []
chunks:
- chunk_id: art-005-b0011-c000
  doc_id: art-005
  block_id: art-005-b0011
  page: 5
  section: 3.1. BasedeImagens
  modality: text
  text: 'Tabela2. Organizaçãodoconjuntodeimagens.

    Ampliação Normal Câncer Total

    40× 40 57 97

    100× 40 57 97

    ImageScope). A Figura 2 apresenta alguns exemplos de imagens, com identificação
    do

    pacienteedalâminautilizadaparafotografaraamostrarecolhida,organizadasporclassee

    ampliação.

    Figura2. Exemplosdeimagenspresentesnoconjuntodedados

    Paraaconduçãodesteestudo,optou-seporutilizarapenasaampliaçãode100x. A

    decisãodeutilizarexclusivamenteaampliaçãode100xfoibaseadanaescolhadométodo

    depré-processamentoquerequerumnúmerosignificativodetreinamentos.'
  token_count_ref: 53
  char_count: 534
  source_block_hash: f1b41fc29adaf2351382c253e5528b83232bc834c07b06bd94eeba806507af12

Registrado: q-005-t04 = approved; revisão: D:\rag-ptbr-retrieval-pilot\data\annotations\reviews\review-bafe8558c560417893536f8c78115719.yaml
question:
  question_id: q-005-t05
  text: Qual ampliação foi usada nos treinamentos reportados?
  expected_answer: 100×
  origin_doc_id: art-005
  evidence:
  - evidence_id: q-005-t05-e1
    doc_id: art-005
    page: 5
    section: Seção 3.1
    quote: 'Paraaconduçãodesteestudo,optou-seporutilizarapenasaampliaçãode100x. A

      decisãodeutilizarexclusivamenteaampliaçãode100xfoibaseadanaescolhadométodo

      depré-processamentoquerequerumnúmerosignificativodetreinamentos.'
    chunk_ids:
    - art-005-b0011-c000
    required_group: null
  - evidence_id: q-005-t05-e2
    doc_id: art-005
    page: 11
    section: Seção 5
    quote: 'Os resultados foram obtidos exclusivamente para a ampliação 100x, devido
      à

      natureza do método Vahadane e a alguns testes preliminares.'
    chunk_ids:
    - art-005-b0023-c000
    required_group: null
  question_type: factual
  modality: text
  review_status: draft
  notes: 'Pré-anotação A05-T05. Análise automática: READY_FOR_HUMAN_REVIEW. Suporte
    literal conferido no Markdown extraído e no chunk congelado; página verificada
    pelo marcador PAGE da extração. Candidato produzido por IA, permanece draft. Candidato
    produzido por IA; aguarda revisão humana.'
qrels:
- question_id: q-005-t05
  chunk_id: art-005-b0011-c000
  relevance: 1
- question_id: q-005-t05
  chunk_id: art-005-b0023-c000
  relevance: 1
evidence_groups: []
chunks:
- chunk_id: art-005-b0011-c000
  doc_id: art-005
  block_id: art-005-b0011
  page: 5
  section: 3.1. BasedeImagens
  modality: text
  text: 'Tabela2. Organizaçãodoconjuntodeimagens.

    Ampliação Normal Câncer Total

    40× 40 57 97

    100× 40 57 97

    ImageScope). A Figura 2 apresenta alguns exemplos de imagens, com identificação
    do

    pacienteedalâminautilizadaparafotografaraamostrarecolhida,organizadasporclassee

    ampliação.

    Figura2. Exemplosdeimagenspresentesnoconjuntodedados

    Paraaconduçãodesteestudo,optou-seporutilizarapenasaampliaçãode100x. A

    decisãodeutilizarexclusivamenteaampliaçãode100xfoibaseadanaescolhadométodo

    depré-processamentoquerequerumnúmerosignificativodetreinamentos.'
  token_count_ref: 53
  char_count: 534
  source_block_hash: f1b41fc29adaf2351382c253e5528b83232bc834c07b06bd94eeba806507af12
- chunk_id: art-005-b0023-c000
  doc_id: art-005
  block_id: art-005-b0023
  page: 11
  section: 5. Conclusão
  modality: text
  text: 'Os resultados foram obtidos exclusivamente para a ampliação 100x, devido
    à

    natureza do método Vahadane e a alguns testes preliminares. O modelo DenseUSAG

    demonstrou resultados comparáveis à literatura, evidenciando sua aplicabilidade
    neste

    contexto. ElealcançouumF1-Scorede93,1%±4,6%.

    Osresultadosobtidos sãopromissoreseháespaço paramelhoriassignificativas. A

    DenseMSAGpodeseraprimoradaatravésdaotimizaçãodesuaarquiteturaedaimplemen-

    tação de estratégias para mitigar o Overfitting. Embora a DenseUSAG tenha resultados

    comparáveisàliteratura,elaaindaapresentaalgumaslimitações,comoumasensibilidade

    inferior e elevados desvios padrão em suas métricas. Para abordar essas questões,
    em

    futurostrabalhos, pretende-seexplorar autilizaçãode otimizadoresetécnicas paralidar

    com o Overfitting em ambos os modelos, além de considerar a incorporação de novos

    mecanismosdeatençãoemarquiteturasdafamíliaDenseNet.'
  token_count_ref: 114
  char_count: 900
  source_block_hash: f0b4f8dd76c7f7e8807f5f9543d21c789216d84e18a7d7003cc3f590bf7f1ae2

Registrado: q-005-t05 = approved; revisão: D:\rag-ptbr-retrieval-pilot\data\annotations\reviews\review-a76b1f54344e4a3db515b44541749d6a.yaml
question:
  question_id: q-005-t06
  text: Qual método de pré-processamento foi usado para corrigir variações de cor
    das imagens?
  expected_answer: Normalização Vahadane
  origin_doc_id: art-005
  evidence:
  - evidence_id: q-005-t06-e1
    doc_id: art-005
    page: 6
    section: Seção 3.2
    quote: 'Para a tarefa de pré-processamento, foi selecionado o método Vahadane,
      desen-

      volvido e apresentado em [Vahadaneetal. 2016]. Este método é uma técnica avançada

      utilizadanaanálisedeimagenshistopatológicasparacorrigirvariaçõesdecoretornaras

      imagensmaisconsistentesecomparáveis.'
    chunk_ids:
    - art-005-b0013-c000
    required_group: null
  question_type: factual
  modality: text
  review_status: draft
  notes: 'Pré-anotação A05-T06. Análise automática: READY_FOR_HUMAN_REVIEW. Suporte
    literal conferido no Markdown extraído e no chunk congelado; página verificada
    pelo marcador PAGE da extração. Candidato produzido por IA, permanece draft. Candidato
    produzido por IA; aguarda revisão humana.'
qrels:
- question_id: q-005-t06
  chunk_id: art-005-b0013-c000
  relevance: 1
evidence_groups: []
chunks:
- chunk_id: art-005-b0013-c000
  doc_id: art-005
  block_id: art-005-b0013
  page: 6
  section: 3.2. Pré-processamentoeAugmentation
  modality: text
  text: 'Para a tarefa de pré-processamento, foi selecionado o método Vahadane, desen-

    volvido e apresentado em [Vahadaneetal. 2016]. Este método é uma técnica avançada

    utilizadanaanálisedeimagenshistopatológicasparacorrigirvariaçõesdecoretornaras

    imagensmaisconsistentesecomparáveis. OmétododeVahadaneéespecialmenteútilem

    imagenshistopatológicas, ondevariações nacoloraçãopodemsurgirdevidoa diferentes

    protocolosdecoloração,condiçõesdeiluminaçãoecaracterísticasdotecidobiológico.

    Para solucionar falta de padronização, este método envolve a escolha de uma

    imagem alvo como parâmetro. A imagem de referência, conhecida como imagem alvo

    ou modelo, é utilizada para normalizar a cor das outras imagens histopatológicas.
    A

    distribuiçãodecordaimagemalvoéusadacomoreferênciaparaajustaradistribuiçãode

    cordasdemaisimagens,garantindoassimumaconsistênciadecorentreelas. Aescolhada

    imagemparâmetroparaopré-processamentoéumfatormuitoimportanteseserádiscutida

    na seção de treinamento. Após a aplicação do método Vahadane, as imagens foram

    redimensionadasparaaresolução256x192,emvirtudedaslimitaçõescomputacionais.

    Alémdopré-processamento,tambémforamaplicadastécnicasdeAugmentation

    paralidarcomdoisproblemaspresentesnoconjuntodeimagens: odesbalanceamentode

    classeseaescassezdeimagensparaotreinamento.

    OAugmentationconsisteemcriarnovasimagenspormeiodetransformaçõesnas

    imagens disponíveis. Para lidar com o desbalanceamento de classes, novas imagens
    da

    classe“Normal”foramgeradasnoconjuntodetreinocomautilizaçãodatransformaçãode

    matrizesaturação(HueSaturation),umaferramentaquepermiteajustaratonalidadedas

    coresesuaintensidadedemaneiraflexível. Nestaocasião,atransformaçãofoiaplicadade

    maneirabranda,comtodososlimitesdemudançanointervalo(-10,10),visandomanteras

    característicasdaimagemoriginal,mascomalgumasdiferençasleves. Paralidarcomas

    poucasimagensdodataset,foramutilizadas'
  token_count_ref: 175
  char_count: 1855
  source_block_hash: 2e4c34cddeeb923bbb5df616e3006221136294ca5a9e86a1d0932a23450eeb89

Registrado: q-005-t06 = approved; revisão: D:\rag-ptbr-retrieval-pilot\data\annotations\reviews\review-db42a5326d664d06afced53670fafa49.yaml
question:
  question_id: q-005-t07
  text: Para qual resolução as imagens foram redimensionadas após o pré-processamento?
  expected_answer: 256 × 192 pixels
  origin_doc_id: art-005
  evidence:
  - evidence_id: q-005-t07-e1
    doc_id: art-005
    page: 6
    section: Seção 3.2
    quote: 'Após a aplicação do método Vahadane, as imagens foram

      redimensionadasparaaresolução256x192,emvirtudedaslimitaçõescomputacionais.'
    chunk_ids:
    - art-005-b0013-c000
    required_group: null
  question_type: factual
  modality: text
  review_status: draft
  notes: 'Pré-anotação A05-T07. Análise automática: READY_FOR_HUMAN_REVIEW. Suporte
    literal conferido no Markdown extraído e no chunk congelado; página verificada
    pelo marcador PAGE da extração. Candidato produzido por IA, permanece draft. Candidato
    produzido por IA; aguarda revisão humana.'
qrels:
- question_id: q-005-t07
  chunk_id: art-005-b0013-c000
  relevance: 1
evidence_groups: []
chunks:
- chunk_id: art-005-b0013-c000
  doc_id: art-005
  block_id: art-005-b0013
  page: 6
  section: 3.2. Pré-processamentoeAugmentation
  modality: text
  text: 'Para a tarefa de pré-processamento, foi selecionado o método Vahadane, desen-

    volvido e apresentado em [Vahadaneetal. 2016]. Este método é uma técnica avançada

    utilizadanaanálisedeimagenshistopatológicasparacorrigirvariaçõesdecoretornaras

    imagensmaisconsistentesecomparáveis. OmétododeVahadaneéespecialmenteútilem

    imagenshistopatológicas, ondevariações nacoloraçãopodemsurgirdevidoa diferentes

    protocolosdecoloração,condiçõesdeiluminaçãoecaracterísticasdotecidobiológico.

    Para solucionar falta de padronização, este método envolve a escolha de uma

    imagem alvo como parâmetro. A imagem de referência, conhecida como imagem alvo

    ou modelo, é utilizada para normalizar a cor das outras imagens histopatológicas.
    A

    distribuiçãodecordaimagemalvoéusadacomoreferênciaparaajustaradistribuiçãode

    cordasdemaisimagens,garantindoassimumaconsistênciadecorentreelas. Aescolhada

    imagemparâmetroparaopré-processamentoéumfatormuitoimportanteseserádiscutida

    na seção de treinamento. Após a aplicação do método Vahadane, as imagens foram

    redimensionadasparaaresolução256x192,emvirtudedaslimitaçõescomputacionais.

    Alémdopré-processamento,tambémforamaplicadastécnicasdeAugmentation

    paralidarcomdoisproblemaspresentesnoconjuntodeimagens: odesbalanceamentode

    classeseaescassezdeimagensparaotreinamento.

    OAugmentationconsisteemcriarnovasimagenspormeiodetransformaçõesnas

    imagens disponíveis. Para lidar com o desbalanceamento de classes, novas imagens
    da

    classe“Normal”foramgeradasnoconjuntodetreinocomautilizaçãodatransformaçãode

    matrizesaturação(HueSaturation),umaferramentaquepermiteajustaratonalidadedas

    coresesuaintensidadedemaneiraflexível. Nestaocasião,atransformaçãofoiaplicadade

    maneirabranda,comtodososlimitesdemudançanointervalo(-10,10),visandomanteras

    característicasdaimagemoriginal,mascomalgumasdiferençasleves. Paralidarcomas

    poucasimagensdodataset,foramutilizadas'
  token_count_ref: 175
  char_count: 1855
  source_block_hash: 2e4c34cddeeb923bbb5df616e3006221136294ca5a9e86a1d0932a23450eeb89

Registrado: q-005-t07 = approved; revisão: D:\rag-ptbr-retrieval-pilot\data\annotations\reviews\review-4d5ce4b71eb44cdea95139f8d5938df0.yaml
question:
  question_id: q-005-t08
  text: Quais problemas do conjunto motivaram o uso de augmentation?
  expected_answer: Desbalanceamento de classes e escassez de imagens para treinamento
  origin_doc_id: art-005
  evidence:
  - evidence_id: q-005-t08-e1
    doc_id: art-005
    page: 6
    section: Seção 3.2
    quote: 'Alémdopré-processamento,tambémforamaplicadastécnicasdeAugmentation

      paralidarcomdoisproblemaspresentesnoconjuntodeimagens: odesbalanceamentode

      classeseaescassezdeimagensparaotreinamento.'
    chunk_ids:
    - art-005-b0013-c000
    required_group: null
  question_type: factual
  modality: text
  review_status: draft
  notes: 'Pré-anotação A05-T08. Análise automática: READY_FOR_HUMAN_REVIEW. Suporte
    literal conferido no Markdown extraído e no chunk congelado; página verificada
    pelo marcador PAGE da extração. Candidato produzido por IA, permanece draft. Candidato
    produzido por IA; aguarda revisão humana.'
qrels:
- question_id: q-005-t08
  chunk_id: art-005-b0013-c000
  relevance: 1
evidence_groups: []
chunks:
- chunk_id: art-005-b0013-c000
  doc_id: art-005
  block_id: art-005-b0013
  page: 6
  section: 3.2. Pré-processamentoeAugmentation
  modality: text
  text: 'Para a tarefa de pré-processamento, foi selecionado o método Vahadane, desen-

    volvido e apresentado em [Vahadaneetal. 2016]. Este método é uma técnica avançada

    utilizadanaanálisedeimagenshistopatológicasparacorrigirvariaçõesdecoretornaras

    imagensmaisconsistentesecomparáveis. OmétododeVahadaneéespecialmenteútilem

    imagenshistopatológicas, ondevariações nacoloraçãopodemsurgirdevidoa diferentes

    protocolosdecoloração,condiçõesdeiluminaçãoecaracterísticasdotecidobiológico.

    Para solucionar falta de padronização, este método envolve a escolha de uma

    imagem alvo como parâmetro. A imagem de referência, conhecida como imagem alvo

    ou modelo, é utilizada para normalizar a cor das outras imagens histopatológicas.
    A

    distribuiçãodecordaimagemalvoéusadacomoreferênciaparaajustaradistribuiçãode

    cordasdemaisimagens,garantindoassimumaconsistênciadecorentreelas. Aescolhada

    imagemparâmetroparaopré-processamentoéumfatormuitoimportanteseserádiscutida

    na seção de treinamento. Após a aplicação do método Vahadane, as imagens foram

    redimensionadasparaaresolução256x192,emvirtudedaslimitaçõescomputacionais.

    Alémdopré-processamento,tambémforamaplicadastécnicasdeAugmentation

    paralidarcomdoisproblemaspresentesnoconjuntodeimagens: odesbalanceamentode

    classeseaescassezdeimagensparaotreinamento.

    OAugmentationconsisteemcriarnovasimagenspormeiodetransformaçõesnas

    imagens disponíveis. Para lidar com o desbalanceamento de classes, novas imagens
    da

    classe“Normal”foramgeradasnoconjuntodetreinocomautilizaçãodatransformaçãode

    matrizesaturação(HueSaturation),umaferramentaquepermiteajustaratonalidadedas

    coresesuaintensidadedemaneiraflexível. Nestaocasião,atransformaçãofoiaplicadade

    maneirabranda,comtodososlimitesdemudançanointervalo(-10,10),visandomanteras

    característicasdaimagemoriginal,mascomalgumasdiferençasleves. Paralidarcomas

    poucasimagensdodataset,foramutilizadas'
  token_count_ref: 175
  char_count: 1855
  source_block_hash: 2e4c34cddeeb923bbb5df616e3006221136294ca5a9e86a1d0932a23450eeb89

Registrado: q-005-t08 = approved; revisão: D:\rag-ptbr-retrieval-pilot\data\annotations\reviews\review-601215fceb1146b5b152db8445bc118f.yaml
question:
  question_id: q-005-t09
  text: Que transformações geométricas foram usadas como augmentation?
  expected_answer: Rotações de 90°, 180° e 270°, além de inversão horizontal e vertical
  origin_doc_id: art-005
  evidence:
  - evidence_id: q-005-t09-e1
    doc_id: art-005
    page: 6
    section: Seção 3.2
    quote: 'Paralidarcomas

      poucasimagensdodataset,foramutilizadastransformaçõesgeométricas: rotaçãoem90º,

      180ºe270º,inversãohorizontalevertical.'
    chunk_ids:
    - art-005-b0013-c001
    required_group: null
  question_type: factual
  modality: text
  review_status: draft
  notes: 'Pré-anotação A05-T09. Análise automática: READY_FOR_HUMAN_REVIEW. Suporte
    literal conferido no Markdown extraído e no chunk congelado; página verificada
    pelo marcador PAGE da extração. Candidato produzido por IA, permanece draft. Candidato
    produzido por IA; aguarda revisão humana.'
qrels:
- question_id: q-005-t09
  chunk_id: art-005-b0013-c001
  relevance: 1
evidence_groups: []
chunks:
- chunk_id: art-005-b0013-c001
  doc_id: art-005
  block_id: art-005-b0013
  page: 6
  section: 3.2. Pré-processamentoeAugmentation
  modality: text
  text: 'limitesdemudançanointervalo(-10,10),visandomanteras

    característicasdaimagemoriginal,mascomalgumasdiferençasleves. Paralidarcomas

    poucasimagensdodataset,foramutilizadastransformaçõesgeométricas: rotaçãoem90º,

    180ºe270º,inversãohorizontalevertical.'
  token_count_ref: 24
  char_count: 246
  source_block_hash: 2e4c34cddeeb923bbb5df616e3006221136294ca5a9e86a1d0932a23450eeb89

Registrado: q-005-t09 = approved; revisão: D:\rag-ptbr-retrieval-pilot\data\annotations\reviews\review-17fa6484c87d45f2a826e0756f6514a6.yaml
question:
  question_id: q-005-t10
  text: Quais são os dois modelos propostos pelos autores?
  expected_answer: DenseMSAG e DenseUSAG
  origin_doc_id: art-005
  evidence:
  - evidence_id: q-005-t10-e1
    doc_id: art-005
    page: 8
    section: Seção 4
    quote: 'OsmodelosDenseMSAGeDenseUSAGforamimplementados

      utilizandoosframeworksKeraseTensorFlow[Josephetal. 2021].'
    chunk_ids:
    - art-005-b0017-c000
    required_group: null
  question_type: factual
  modality: text
  review_status: draft
  notes: 'Pré-anotação A05-T10. Análise automática: READY_FOR_HUMAN_REVIEW. Suporte
    literal conferido no Markdown extraído e no chunk congelado; página verificada
    pelo marcador PAGE da extração. Candidato produzido por IA, permanece draft. Candidato
    produzido por IA; aguarda revisão humana.'
qrels:
- question_id: q-005-t10
  chunk_id: art-005-b0017-c000
  relevance: 1
evidence_groups: []
chunks:
- chunk_id: art-005-b0017-c000
  doc_id: art-005
  block_id: art-005-b0017
  page: 8
  section: 4. Resultados
  modality: text
  text: 'Nesta seção, serão detalhados os resultados dosexperimentos realizados paravali-

    darométodoproposto. OsmodelosDenseMSAGeDenseUSAGforamimplementados

    utilizandoosframeworksKeraseTensorFlow[Josephetal. 2021]. Opré-processamento

    Vahadanefoi conduzidopormeio dabibliotecaStainTools. Todos ostreinamentosforam

    iniciadoscom50épocas,comumcritériodeparadaantecipada(earlystop)de30épocas,

    salvandoospesosdoúltimoestágioedoestágiocommenorfunçãodeperdanavalidação.

    O otimizador AdamW [LoshchilovandHutter2017] foi utilizado devido sua eficiência

    computacionalepoucanecessidadedememória. Esteotimizadorconsisteemumaexten-

    são do otimizador Adam que incorpora uma penalidade de regularização diretamente
    à

    função de perda durante o treinamento, auxiliando na prevenção de overfitting.
    A taxa

    deaprendizadofoidefinidacomo0,0001,comumdecaimentopara0,00001aolongodo

    treinamento.

    Para avaliação dos resultados, as métricas adotadas para monitorar o progresso

    do treinamento foram a acurácia, a precisão, a sensibilidade e o F1-Score. A utilização'
  token_count_ref: 122
  char_count: 1028
  source_block_hash: 0666d7e44705937866d787c69fdb663bc5405825c900fd1774e483149d666413

Registrado: q-005-t10 = approved; revisão: D:\rag-ptbr-retrieval-pilot\data\annotations\reviews\review-c4c4a48a750047b18ce9202c08d49b78.yaml
question:
  question_id: q-005-t11
  text: Qual arquitetura DenseNet foi usada como base?
  expected_answer: DenseNet201
  origin_doc_id: art-005
  evidence:
  - evidence_id: q-005-t11-e1
    doc_id: art-005
    page: 6
    section: Seção 3.3
    quote: A Figura 3 apresenta a arquitetura da DenseNet201 utilizada neste estudo.
    chunk_ids:
    - art-005-b0014-c000
    required_group: null
  question_type: factual
  modality: text
  review_status: draft
  notes: 'Pré-anotação A05-T11. Análise automática: READY_FOR_HUMAN_REVIEW. Suporte
    literal conferido no Markdown extraído e no chunk congelado; página verificada
    pelo marcador PAGE da extração. Candidato produzido por IA, permanece draft. Candidato
    produzido por IA; aguarda revisão humana.'
qrels:
- question_id: q-005-t11
  chunk_id: art-005-b0014-c000
  relevance: 1
evidence_groups: []
chunks:
- chunk_id: art-005-b0014-c000
  doc_id: art-005
  block_id: art-005-b0014
  page: 6
  section: 3.3. DesenvolvimentodeModelos
  modality: text
  text: 'Paraatarefadeclassificação,foramselecionadasabordagensrelacionadasàrede

    neural DenseNet. Essa rede é composta pela repetição de blocos densos, cujas saídas

    sãoconcatenadascomaentradadopróximobloco. Essaconcatenação,conhecidacomo

    conexão densa, desempenha um papel crucial na resolução do problema de “gradient

    vanishing” e contribui para o processo de aprendizagem. Interpolados com os blocos

    densos,encontram-seosblocosdetransição,responsáveisporreduziraresoluçãodosinal.

    Aofinal, asaídadaparte convolucionaldomodeloé passada porumacamadadensamente

    conectadaparagerarapredição.

    A Figura 3 apresenta a arquitetura da DenseNet201 utilizada neste estudo. Os

    blocos densos são compostos por duas repetições da camada de BatchNormalization,

    seguidaspelaconvolução2Dde3x3eativaçãoReLU,nessaordem,econcatenadoscomo

    sinal deentrada. Durante as sucessões deblocos densos, elessão repetidos 6, 12,
    48e 32

    vezes,respectivamente. Apóscadasucessãodeblocosdensos,háumblocodetransição,

    compostoporumacamadadeBatchNormalization,seguidadeumaativaçãoReLU,uma

    convolução2Dde3x3eumacamadadeAveragePooling2D.Apóstodososblocosdensos,

    osinalpassaporumacamadadeFlatteneporumaMLP,queconsisteemduascamadas

    densamenteconectadasde256neurônios,comdropoutde50%. Aprediçãoégeradapor'
  token_count_ref: 140
  char_count: 1252
  source_block_hash: de2c35720e334426eb056b1d39ef2695e19095b03558da4e550a81d936c9b204

Registrado: q-005-t11 = approved; revisão: D:\rag-ptbr-retrieval-pilot\data\annotations\reviews\review-7a1664249bc447a382898ff307098097.yaml
question:
  question_id: q-005-t12
  text: Qual problema de treinamento foi associado à complexidade do DenseMSAG?
  expected_answer: Um número de parâmetros muito alto, que impediu o uso do mecanismo
    em todos os blocos densos
  origin_doc_id: art-005
  evidence:
  - evidence_id: q-005-t12-e1
    doc_id: art-005
    page: 7
    section: Seção 3.3
    quote: 'Devido à complexidade do MSAG, o número de parâmetros da rede tornou-se

      muito elevado, impossibilitandosua utilização em todosos blocos densosda rede,
      sendo

      aplicadoapenasnosblocosdasduasprimeirassucessões.'
    chunk_ids:
    - art-005-b0015-c000
    required_group: null
  question_type: factual
  modality: text
  review_status: draft
  notes: 'Pré-anotação A05-T12. Análise automática: READY_FOR_HUMAN_REVIEW. Suporte
    literal conferido no Markdown extraído e no chunk congelado; página verificada
    pelo marcador PAGE da extração. Candidato produzido por IA, permanece draft. Candidato
    produzido por IA; aguarda revisão humana.'
qrels:
- question_id: q-005-t12
  chunk_id: art-005-b0015-c000
  relevance: 1
evidence_groups: []
chunks:
- chunk_id: art-005-b0015-c000
  doc_id: art-005
  block_id: art-005-b0015
  page: 7
  section: 3.3. DesenvolvimentodeModelos
  modality: text
  text: 'Figura3. ArquiteturadaredeneuralDenseNet201.

    meiodeumacamadadensacom2neurônios,seguidadaativaçãosoftmax.

    As adaptações realizadas na arquitetura da DenseNet foram aplicadas em seus

    blocos densos, mais especificamente na concatenação. A primeira adaptação, chamada

    DenseMSAG, incorpora o Multi-Scale Attention Gate (MSAG) em suas concatenações,

    ummecanismodeatençãoapresentadopor [Tangetal. 2023]. Estemecanismoconsiste

    em três tipos de convoluções: convolução com filtros de tamanho 1x1, conhecida
    como

    PointWise;convoluçõespadrãocomfiltrosdetamanho3x3;econvoluçõesdilatadascom

    filtrosdetamanho3x3eumataxadedilataçãoiguala2.

    A utilização dessas três convoluções auxilia na extração de características com

    vários campos receptivos diferentes, aprimorando a supressão de recursos de baixa
    im-

    portância e a captura de características-alvo de forma mais eficaz. Os resultados
    dessas

    convoluçõespassamporumacamadadeBatchNormalizationesãoconcatenados. Após

    aconcatenação,asinformaçõesaindapassamporumaativaçãoReLU,umaconvolução

    2Dde3x3eumaativaçãoSigmoid. Porfim,oprodutodessasoperaçõesémultiplicado

    pelaentradaesomadoaela. AFigura4demonstraaarquiteturadoMSAGeseulocalde

    aplicação.

    OutraadaptaçãoanalisadaéchamadadeDenseUSAG.Essaabordagemtambém

    se inspirou nomecanismo deatenção emmúltiplas escalas(MSAG),porém, surgiu como

    umasoluçãoparaumproblemaenfrentadoduranteotreinamentodaDenseMSAG.

    Devido à complexidade do MSAG, o número de parâmetros da rede tornou-se

    muito elevado, impossibilitandosua utilização em todosos blocos densosda rede,
    sendo

    aplicadoapenasnosblocosdasduasprimeirassucessões. Asoluçãoparaesteproblema

    foi chamada de Uni-Scale Attention Gate (USAG). Este mecanismo de atenção surgiu
    da

    reduçãodonúmerodeconvoluçõesutilizadasnoMS'
  token_count_ref: 205
  char_count: 1743
  source_block_hash: a82c23f6ed6dbfc6be487966af9deb258423e74fa25afd98e2ea441ae28ef43b

Registrado: q-005-t12 = approved; revisão: D:\rag-ptbr-retrieval-pilot\data\annotations\reviews\review-67fbe353ce094ba2b09c7fbf5a1c42eb.yaml
question:
  question_id: q-005-t13
  text: Qual convolução é mantida pelo USAG após a redução proposta em relação ao
    MSAG?
  expected_answer: A convolução 1×1, Point Wise
  origin_doc_id: art-005
  evidence:
  - evidence_id: q-005-t13-e1
    doc_id: art-005
    page: 7
    section: Seção 3.3
    quote: 'Este mecanismo de atenção surgiu da

      reduçãodonúmerodeconvoluçõesutilizadasnoMSAG,mantendoapenasaconvolução

      1x1(PointWise),comoilustradonaFigura5.'
    chunk_ids:
    - art-005-b0015-c001
    required_group: null
  question_type: factual
  modality: text
  review_status: draft
  notes: 'Pré-anotação A05-T13. Análise automática: READY_FOR_HUMAN_REVIEW. Suporte
    literal conferido no Markdown extraído e no chunk congelado; página verificada
    pelo marcador PAGE da extração. Candidato produzido por IA, permanece draft. Candidato
    produzido por IA; aguarda revisão humana.'
qrels:
- question_id: q-005-t13
  chunk_id: art-005-b0015-c001
  relevance: 1
evidence_groups: []
chunks:
- chunk_id: art-005-b0015-c001
  doc_id: art-005
  block_id: art-005-b0015
  page: 7
  section: 3.3. DesenvolvimentodeModelos
  modality: text
  text: 'cosdasduasprimeirassucessões. Asoluçãoparaesteproblema

    foi chamada de Uni-Scale Attention Gate (USAG). Este mecanismo de atenção surgiu
    da

    reduçãodonúmerodeconvoluçõesutilizadasnoMSAG,mantendoapenasaconvolução

    1x1(PointWise),comoilustradonaFigura5.'
  token_count_ref: 31
  char_count: 248
  source_block_hash: a82c23f6ed6dbfc6be487966af9deb258423e74fa25afd98e2ea441ae28ef43b

Registrado: q-005-t13 = approved; revisão: D:\rag-ptbr-retrieval-pilot\data\annotations\reviews\review-b07cafe5d22e42c582cd916098dd1d02.yaml
question:
  question_id: q-005-t14
  text: Quais frameworks foram usados para implementar DenseMSAG e DenseUSAG?
  expected_answer: Keras e TensorFlow
  origin_doc_id: art-005
  evidence:
  - evidence_id: q-005-t14-e1
    doc_id: art-005
    page: 8
    section: Seção 4
    quote: 'OsmodelosDenseMSAGeDenseUSAGforamimplementados

      utilizandoosframeworksKeraseTensorFlow[Josephetal. 2021].'
    chunk_ids:
    - art-005-b0017-c000
    required_group: null
  question_type: factual
  modality: text
  review_status: draft
  notes: 'Pré-anotação A05-T14. Análise automática: READY_FOR_HUMAN_REVIEW. Suporte
    literal conferido no Markdown extraído e no chunk congelado; página verificada
    pelo marcador PAGE da extração. Candidato produzido por IA, permanece draft. Candidato
    produzido por IA; aguarda revisão humana.'
qrels:
- question_id: q-005-t14
  chunk_id: art-005-b0017-c000
  relevance: 1
evidence_groups: []
chunks:
- chunk_id: art-005-b0017-c000
  doc_id: art-005
  block_id: art-005-b0017
  page: 8
  section: 4. Resultados
  modality: text
  text: 'Nesta seção, serão detalhados os resultados dosexperimentos realizados paravali-

    darométodoproposto. OsmodelosDenseMSAGeDenseUSAGforamimplementados

    utilizandoosframeworksKeraseTensorFlow[Josephetal. 2021]. Opré-processamento

    Vahadanefoi conduzidopormeio dabibliotecaStainTools. Todos ostreinamentosforam

    iniciadoscom50épocas,comumcritériodeparadaantecipada(earlystop)de30épocas,

    salvandoospesosdoúltimoestágioedoestágiocommenorfunçãodeperdanavalidação.

    O otimizador AdamW [LoshchilovandHutter2017] foi utilizado devido sua eficiência

    computacionalepoucanecessidadedememória. Esteotimizadorconsisteemumaexten-

    são do otimizador Adam que incorpora uma penalidade de regularização diretamente
    à

    função de perda durante o treinamento, auxiliando na prevenção de overfitting.
    A taxa

    deaprendizadofoidefinidacomo0,0001,comumdecaimentopara0,00001aolongodo

    treinamento.

    Para avaliação dos resultados, as métricas adotadas para monitorar o progresso

    do treinamento foram a acurácia, a precisão, a sensibilidade e o F1-Score. A utilização'
  token_count_ref: 122
  char_count: 1028
  source_block_hash: 0666d7e44705937866d787c69fdb663bc5405825c900fd1774e483149d666413

Registrado: q-005-t14 = approved; revisão: D:\rag-ptbr-retrieval-pilot\data\annotations\reviews\review-db6b5db73a7e4416a3bb16b7fb5c656d.yaml
question:
  question_id: q-005-t15
  text: Qual otimizador foi utilizado nos treinamentos?
  expected_answer: AdamW
  origin_doc_id: art-005
  evidence:
  - evidence_id: q-005-t15-e1
    doc_id: art-005
    page: 8
    section: Seção 4
    quote: 'O otimizador AdamW [LoshchilovandHutter2017] foi utilizado devido sua
      eficiência

      computacionalepoucanecessidadedememória.'
    chunk_ids:
    - art-005-b0017-c000
    required_group: null
  question_type: factual
  modality: text
  review_status: draft
  notes: 'Pré-anotação A05-T15. Análise automática: READY_FOR_HUMAN_REVIEW. Suporte
    literal conferido no Markdown extraído e no chunk congelado; página verificada
    pelo marcador PAGE da extração. Candidato produzido por IA, permanece draft. Candidato
    produzido por IA; aguarda revisão humana.'
qrels:
- question_id: q-005-t15
  chunk_id: art-005-b0017-c000
  relevance: 1
evidence_groups: []
chunks:
- chunk_id: art-005-b0017-c000
  doc_id: art-005
  block_id: art-005-b0017
  page: 8
  section: 4. Resultados
  modality: text
  text: 'Nesta seção, serão detalhados os resultados dosexperimentos realizados paravali-

    darométodoproposto. OsmodelosDenseMSAGeDenseUSAGforamimplementados

    utilizandoosframeworksKeraseTensorFlow[Josephetal. 2021]. Opré-processamento

    Vahadanefoi conduzidopormeio dabibliotecaStainTools. Todos ostreinamentosforam

    iniciadoscom50épocas,comumcritériodeparadaantecipada(earlystop)de30épocas,

    salvandoospesosdoúltimoestágioedoestágiocommenorfunçãodeperdanavalidação.

    O otimizador AdamW [LoshchilovandHutter2017] foi utilizado devido sua eficiência

    computacionalepoucanecessidadedememória. Esteotimizadorconsisteemumaexten-

    são do otimizador Adam que incorpora uma penalidade de regularização diretamente
    à

    função de perda durante o treinamento, auxiliando na prevenção de overfitting.
    A taxa

    deaprendizadofoidefinidacomo0,0001,comumdecaimentopara0,00001aolongodo

    treinamento.

    Para avaliação dos resultados, as métricas adotadas para monitorar o progresso

    do treinamento foram a acurácia, a precisão, a sensibilidade e o F1-Score. A utilização'
  token_count_ref: 122
  char_count: 1028
  source_block_hash: 0666d7e44705937866d787c69fdb663bc5405825c900fd1774e483149d666413

Registrado: q-005-t15 = approved; revisão: D:\rag-ptbr-retrieval-pilot\data\annotations\reviews\review-4fdd58c4ee174f528c9cd76de396e512.yaml
question:
  question_id: q-005-t16
  text: Quais métricas monitoraram o progresso do treinamento?
  expected_answer: Acurácia, precisão, sensibilidade e F1-Score
  origin_doc_id: art-005
  evidence:
  - evidence_id: q-005-t16-e1
    doc_id: art-005
    page: 8
    section: Seção 4
    quote: 'Para avaliação dos resultados, as métricas adotadas para monitorar o progresso

      do treinamento foram a acurácia, a precisão, a sensibilidade e o F1-Score.'
    chunk_ids:
    - art-005-b0017-c000
    required_group: null
  question_type: factual
  modality: text
  review_status: draft
  notes: 'Pré-anotação A05-T16. Análise automática: READY_FOR_HUMAN_REVIEW. Suporte
    literal conferido no Markdown extraído e no chunk congelado; página verificada
    pelo marcador PAGE da extração. Candidato produzido por IA, permanece draft. Candidato
    produzido por IA; aguarda revisão humana.'
qrels:
- question_id: q-005-t16
  chunk_id: art-005-b0017-c000
  relevance: 1
evidence_groups: []
chunks:
- chunk_id: art-005-b0017-c000
  doc_id: art-005
  block_id: art-005-b0017
  page: 8
  section: 4. Resultados
  modality: text
  text: 'Nesta seção, serão detalhados os resultados dosexperimentos realizados paravali-

    darométodoproposto. OsmodelosDenseMSAGeDenseUSAGforamimplementados

    utilizandoosframeworksKeraseTensorFlow[Josephetal. 2021]. Opré-processamento

    Vahadanefoi conduzidopormeio dabibliotecaStainTools. Todos ostreinamentosforam

    iniciadoscom50épocas,comumcritériodeparadaantecipada(earlystop)de30épocas,

    salvandoospesosdoúltimoestágioedoestágiocommenorfunçãodeperdanavalidação.

    O otimizador AdamW [LoshchilovandHutter2017] foi utilizado devido sua eficiência

    computacionalepoucanecessidadedememória. Esteotimizadorconsisteemumaexten-

    são do otimizador Adam que incorpora uma penalidade de regularização diretamente
    à

    função de perda durante o treinamento, auxiliando na prevenção de overfitting.
    A taxa

    deaprendizadofoidefinidacomo0,0001,comumdecaimentopara0,00001aolongodo

    treinamento.

    Para avaliação dos resultados, as métricas adotadas para monitorar o progresso

    do treinamento foram a acurácia, a precisão, a sensibilidade e o F1-Score. A utilização'
  token_count_ref: 122
  char_count: 1028
  source_block_hash: 0666d7e44705937866d787c69fdb663bc5405825c900fd1774e483149d666413

Registrado: q-005-t16 = approved; revisão: D:\rag-ptbr-retrieval-pilot\data\annotations\reviews\review-34079cc848174b9bb39e71557aa728e7.yaml
question:
  question_id: q-005-t17
  text: Como o conjunto foi dividido na primeira sessão de treinamento?
  expected_answer: 50% treino, 40% teste e 10% validação
  origin_doc_id: art-005
  evidence:
  - evidence_id: q-005-t17-e1
    doc_id: art-005
    page: 9
    section: Seção 4
    quote: 'Inicialmente,oconjuntode

      dadosfoidivididoutilizandoométodoHoldout,noqual50%dasimagensforamalocadas

      paraoconjuntodetreinamento, 40%paraoconjuntodetestee10%para oconjuntode

      validação.'
    chunk_ids:
    - art-005-b0018-c000
    required_group: null
  question_type: factual
  modality: text
  review_status: draft
  notes: 'Pré-anotação A05-T17. Análise automática: READY_FOR_HUMAN_REVIEW. Suporte
    literal conferido no Markdown extraído e no chunk congelado; página verificada
    pelo marcador PAGE da extração. Candidato produzido por IA, permanece draft. Candidato
    produzido por IA; aguarda revisão humana.'
qrels:
- question_id: q-005-t17
  chunk_id: art-005-b0018-c000
  relevance: 1
evidence_groups: []
chunks:
- chunk_id: art-005-b0018-c000
  doc_id: art-005
  block_id: art-005-b0018
  page: 9
  section: 4. Resultados
  modality: text
  text: 'de métricas diferentes é fundamental para uma avaliação abrangente e precisa
    de uma

    abordagem de classificação, pois cada métrica fornece uma perspectiva única sobre
    o

    desempenhodomodeloedestacadiferentesaspectosdacapacidadedeclassificação.

    Os resultados deste trabalho foram obtidos a partir de duas sessões distintas
    de

    treinamento. Devidoànaturezadométododepré-processamentoVahadane,querequera

    escolhadeumaimagemcomoparâmetro,aprimeirasessãodetreinamentofoirealizada

    para determinar quais imagens proporcionam os melhores resultados como parâmetro

    depré-processamentoparaosdoismodelosimplementados. Inicialmente,oconjuntode

    dadosfoidivididoutilizandoométodoHoldout,noqual50%dasimagensforamalocadas

    paraoconjuntodetreinamento, 40%paraoconjuntodetestee10%para oconjuntode

    validação. ParaaaplicaçãodométodoVahadane,foramselecionadastodasasimagensda

    classe“Câncer” presentesno conjuntode treino, totalizando 27imagens, dasquais
    foram

    gerados27novosconjuntosdeimagenspré-processadasparaotreinamentodosmodelos

    DenseMSAGeDenseUSAG.

    Comoresultado daprimeirafase, aimagem P49T1alcançou asmelhoresmétri-

    cas, servido como parâmetro de pré-processamento para o modelo DenseMSAG. Este

    experimentoalcançou acuráciade94,8%,precisão de100,0%,sensibilidadede 91,3%e

    F1-Scorede95,4%noconjuntodeteste. JáparaomodeloDenseUSAG,aimagemcom

    melhores métricas foi a P35 T. O treinamento utilizando esta imagem como parâmetro

    atingiu acurácia de 94,8%, precisão de 100,0%, sensibilidade de 91,3% e F1-Score
    de

    95,4%.

    Com as imagens já selecionadas, iniciou-se a segunda fase de treinamento: aplica-

    çãodavalidaçãocruzadasobreosmelhorespré-processamentos. Ométododevalidação

    cruzadaescolhidofoioMonteCarlo,noqualoconjuntodedadosédivididoemconjuntos

    detreinamento,testeevalidaçãovári'
  token_count_ref: 228
  char_count: 1759
  source_block_hash: 924d27e1b9cb559d66cfcf0f935808708e3e82ed2bdb9824b21ff9f7cc1c2d93

Registrado: q-005-t17 = approved; revisão: D:\rag-ptbr-retrieval-pilot\data\annotations\reviews\review-1ad81cf92c574e89baaf895730ccdfe2.yaml
question:
  question_id: q-005-t18
  text: Qual método de validação cruzada foi usado na segunda fase de treinamento?
  expected_answer: Monte Carlo
  origin_doc_id: art-005
  evidence:
  - evidence_id: q-005-t18-e1
    doc_id: art-005
    page: 9
    section: Seção 4
    quote: 'Ométododevalidação

      cruzadaescolhidofoioMonteCarlo,noqualoconjuntodedadosédivididoemconjuntos

      detreinamento,testeevalidaçãováriasvezesdeformaaleatória,gerandodiversasdivisões

      diferentes.'
    chunk_ids:
    - art-005-b0018-c001
    required_group: null
  question_type: factual
  modality: text
  review_status: draft
  notes: 'Pré-anotação A05-T18. Análise automática: READY_FOR_HUMAN_REVIEW. Suporte
    literal conferido no Markdown extraído e no chunk congelado; página verificada
    pelo marcador PAGE da extração. Candidato produzido por IA, permanece draft. Candidato
    produzido por IA; aguarda revisão humana.'
qrels:
- question_id: q-005-t18
  chunk_id: art-005-b0018-c001
  relevance: 1
evidence_groups: []
chunks:
- chunk_id: art-005-b0018-c001
  doc_id: art-005
  block_id: art-005-b0018
  page: 9
  section: 4. Resultados
  modality: text
  text: 'horespré-processamentos. Ométododevalidação

    cruzadaescolhidofoioMonteCarlo,noqualoconjuntodedadosédivididoemconjuntos

    detreinamento,testeevalidaçãováriasvezesdeformaaleatória,gerandodiversasdivisões

    diferentes. Emseguida,omodeloétreinadoeavaliadoemcadadivisão,eosresultados

    sãocombinados paracalcular estatísticasresumidas, comomédia edesviopadrão. Foram

    realizadas 5 partições distintas do conjunto de dados, sempre garantindo que a
    imagem

    utilizadaparaopré-processamentoestivessepresentenoconjuntodetreinamento.

    Osresultadosdavalidaçãocruzadaforamagrupadose,apartirdeles,foramcalcula-

    dasamédiaeodesviopadrão,osquaisestãoapresentadosnaTabela3. Nela,tambémestão

    disponíveisoutrasinformaçõesimportantes,comoasimagensutilizadascomoparâmetro

    paraométodoVahadane,omodelocomosmelhoresresultadosobtidos,marcadoemverde,

    e o estágio do qual foram obtidos os pesos. O termo ’Última época’ refere-se aos
    pesos

    salvosnaúltimaépocadotreinamento,enquanto’Melhorépoca’refere-seaospesossalvos

    naépocacomomenorvalordafunçãodeperdanoconjuntodevalidação. Éimportante

    ressaltarquetodososresultadosforamobtidosapartirdetreinamentosnaampliaçãode

    100xapenas,conformeexplicadonaSeção3.1.'
  token_count_ref: 108
  char_count: 1165
  source_block_hash: 924d27e1b9cb559d66cfcf0f935808708e3e82ed2bdb9824b21ff9f7cc1c2d93

Registrado: q-005-t18 = approved; revisão: D:\rag-ptbr-retrieval-pilot\data\annotations\reviews\review-b706fa84c0854c1fab4db89f04274ec7.yaml
question:
  question_id: q-005-t19
  text: Quantas partições distintas foram realizadas na validação cruzada?
  expected_answer: Cinco
  origin_doc_id: art-005
  evidence:
  - evidence_id: q-005-t19-e1
    doc_id: art-005
    page: 9
    section: Seção 4
    quote: 'Foram

      realizadas 5 partições distintas do conjunto de dados, sempre garantindo que
      a imagem

      utilizadaparaopré-processamentoestivessepresentenoconjuntodetreinamento.'
    chunk_ids:
    - art-005-b0018-c001
    required_group: null
  question_type: factual
  modality: text
  review_status: draft
  notes: 'Pré-anotação A05-T19. Análise automática: READY_FOR_HUMAN_REVIEW. Suporte
    literal conferido no Markdown extraído e no chunk congelado; página verificada
    pelo marcador PAGE da extração. Candidato produzido por IA, permanece draft. Candidato
    produzido por IA; aguarda revisão humana.'
qrels:
- question_id: q-005-t19
  chunk_id: art-005-b0018-c001
  relevance: 1
evidence_groups: []
chunks:
- chunk_id: art-005-b0018-c001
  doc_id: art-005
  block_id: art-005-b0018
  page: 9
  section: 4. Resultados
  modality: text
  text: 'horespré-processamentos. Ométododevalidação

    cruzadaescolhidofoioMonteCarlo,noqualoconjuntodedadosédivididoemconjuntos

    detreinamento,testeevalidaçãováriasvezesdeformaaleatória,gerandodiversasdivisões

    diferentes. Emseguida,omodeloétreinadoeavaliadoemcadadivisão,eosresultados

    sãocombinados paracalcular estatísticasresumidas, comomédia edesviopadrão. Foram

    realizadas 5 partições distintas do conjunto de dados, sempre garantindo que a
    imagem

    utilizadaparaopré-processamentoestivessepresentenoconjuntodetreinamento.

    Osresultadosdavalidaçãocruzadaforamagrupadose,apartirdeles,foramcalcula-

    dasamédiaeodesviopadrão,osquaisestãoapresentadosnaTabela3. Nela,tambémestão

    disponíveisoutrasinformaçõesimportantes,comoasimagensutilizadascomoparâmetro

    paraométodoVahadane,omodelocomosmelhoresresultadosobtidos,marcadoemverde,

    e o estágio do qual foram obtidos os pesos. O termo ’Última época’ refere-se aos
    pesos

    salvosnaúltimaépocadotreinamento,enquanto’Melhorépoca’refere-seaospesossalvos

    naépocacomomenorvalordafunçãodeperdanoconjuntodevalidação. Éimportante

    ressaltarquetodososresultadosforamobtidosapartirdetreinamentosnaampliaçãode

    100xapenas,conformeexplicadonaSeção3.1.'
  token_count_ref: 108
  char_count: 1165
  source_block_hash: 924d27e1b9cb559d66cfcf0f935808708e3e82ed2bdb9824b21ff9f7cc1c2d93

Registrado: q-005-t19 = approved; revisão: D:\rag-ptbr-retrieval-pilot\data\annotations\reviews\review-0158946ea7b54fe39189df4e6e9b0d2c.yaml
question:
  question_id: q-005-t20
  text: Qual limitação do DenseUSAG é destacada na conclusão?
  expected_answer: Sensibilidade inferior e desvios padrão elevados em suas métricas
  origin_doc_id: art-005
  evidence:
  - evidence_id: q-005-t20-e1
    doc_id: art-005
    page: 11
    section: Seção 5
    quote: 'Embora a DenseUSAG tenha resultados

      comparáveisàliteratura,elaaindaapresentaalgumaslimitações,comoumasensibilidade

      inferior e elevados desvios padrão em suas métricas.'
    chunk_ids:
    - art-005-b0023-c000
    required_group: null
  question_type: factual
  modality: text
  review_status: draft
  notes: 'Pré-anotação A05-T20. Análise automática: READY_FOR_HUMAN_REVIEW. Suporte
    literal conferido no Markdown extraído e no chunk congelado; página verificada
    pelo marcador PAGE da extração. Candidato produzido por IA, permanece draft. Candidato
    produzido por IA; aguarda revisão humana.'
qrels:
- question_id: q-005-t20
  chunk_id: art-005-b0023-c000
  relevance: 1
evidence_groups: []
chunks:
- chunk_id: art-005-b0023-c000
  doc_id: art-005
  block_id: art-005-b0023
  page: 11
  section: 5. Conclusão
  modality: text
  text: 'Os resultados foram obtidos exclusivamente para a ampliação 100x, devido
    à

    natureza do método Vahadane e a alguns testes preliminares. O modelo DenseUSAG

    demonstrou resultados comparáveis à literatura, evidenciando sua aplicabilidade
    neste

    contexto. ElealcançouumF1-Scorede93,1%±4,6%.

    Osresultadosobtidos sãopromissoreseháespaço paramelhoriassignificativas. A

    DenseMSAGpodeseraprimoradaatravésdaotimizaçãodesuaarquiteturaedaimplemen-

    tação de estratégias para mitigar o Overfitting. Embora a DenseUSAG tenha resultados

    comparáveisàliteratura,elaaindaapresentaalgumaslimitações,comoumasensibilidade

    inferior e elevados desvios padrão em suas métricas. Para abordar essas questões,
    em

    futurostrabalhos, pretende-seexplorar autilizaçãode otimizadoresetécnicas paralidar

    com o Overfitting em ambos os modelos, além de considerar a incorporação de novos

    mecanismosdeatençãoemarquiteturasdafamíliaDenseNet.'
  token_count_ref: 114
  char_count: 900
  source_block_hash: f0b4f8dd76c7f7e8807f5f9543d21c789216d84e18a7d7003cc3f590bf7f1ae2

Registrado: q-005-t20 = approved; revisão: D:\rag-ptbr-retrieval-pilot\data\annotations\reviews\review-83e7bc3eabd3476b893d0207bd3eaec5.yaml
question:
  question_id: q-005-m01
  text: Com base na Tabela 2 e no texto da Seção 3.1, quantas imagens de câncer em
    100× estão disponíveis e por que somente essa ampliação foi utilizada?
  expected_answer: Há 57 imagens de câncer em 100×; foi usada apenas 100× porque o
    método Vahadane requer número significativo de treinamentos
  origin_doc_id: art-005
  evidence:
  - evidence_id: q-005-m01-e1
    doc_id: art-005
    page: 5
    section: Tabela 2 / Seção 3.1
    quote: 'Tabela2. Organizaçãodoconjuntodeimagens.

      Ampliação Normal Câncer Total

      40× 40 57 97

      100× 40 57 97'
    chunk_ids:
    - art-005-b0011-c000
    required_group: q-005-m01-g1
  - evidence_id: q-005-m01-e2
    doc_id: art-005
    page: 5
    section: Seção 3.1
    quote: 'Paraaconduçãodesteestudo,optou-seporutilizarapenasaampliaçãode100x. A

      decisãodeutilizarexclusivamenteaampliaçãode100xfoibaseadanaescolhadométodo

      depré-processamentoquerequerumnúmerosignificativodetreinamentos.'
    chunk_ids:
    - art-005-b0011-c000
    required_group: q-005-m01-g2
  - evidence_id: q-005-m01-e3
    doc_id: art-005
    page: 6
    section: Seção 3.2
    quote: 'Para a tarefa de pré-processamento, foi selecionado o método Vahadane,
      desen-

      volvido e apresentado em [Vahadaneetal. 2016].'
    chunk_ids:
    - art-005-b0013-c000
    required_group: q-005-m01-g3
  question_type: multi_evidence
  modality: mixed
  review_status: draft
  notes: 'Pré-anotação A05-M01. Análise automática: READY_FOR_HUMAN_REVIEW. Suporte
    literal conferido no Markdown extraído e no chunk congelado; página verificada
    pelo marcador PAGE da extração. Candidato produzido por IA, permanece draft. Candidato
    produzido por IA; aguarda revisão humana.'
qrels:
- question_id: q-005-m01
  chunk_id: art-005-b0011-c000
  relevance: 1
- question_id: q-005-m01
  chunk_id: art-005-b0013-c000
  relevance: 1
evidence_groups:
- group_id: q-005-m01-g1
  question_id: q-005-m01
  required: true
  description: 'Tabela 2: 57 imagens da classe Câncer na ampliação 100×.'
  chunk_ids:
  - art-005-b0011-c000
- group_id: q-005-m01-g2
  question_id: q-005-m01
  required: true
  description: Uso exclusivo de 100× decorre do número de treinamentos exigido pelo
    pré-processamento.
  chunk_ids:
  - art-005-b0011-c000
- group_id: q-005-m01-g3
  question_id: q-005-m01
  required: true
  description: O pré-processamento utilizado é Vahadane.
  chunk_ids:
  - art-005-b0013-c000
chunks:
- chunk_id: art-005-b0011-c000
  doc_id: art-005
  block_id: art-005-b0011
  page: 5
  section: 3.1. BasedeImagens
  modality: text
  text: 'Tabela2. Organizaçãodoconjuntodeimagens.

    Ampliação Normal Câncer Total

    40× 40 57 97

    100× 40 57 97

    ImageScope). A Figura 2 apresenta alguns exemplos de imagens, com identificação
    do

    pacienteedalâminautilizadaparafotografaraamostrarecolhida,organizadasporclassee

    ampliação.

    Figura2. Exemplosdeimagenspresentesnoconjuntodedados

    Paraaconduçãodesteestudo,optou-seporutilizarapenasaampliaçãode100x. A

    decisãodeutilizarexclusivamenteaampliaçãode100xfoibaseadanaescolhadométodo

    depré-processamentoquerequerumnúmerosignificativodetreinamentos.'
  token_count_ref: 53
  char_count: 534
  source_block_hash: f1b41fc29adaf2351382c253e5528b83232bc834c07b06bd94eeba806507af12
- chunk_id: art-005-b0013-c000
  doc_id: art-005
  block_id: art-005-b0013
  page: 6
  section: 3.2. Pré-processamentoeAugmentation
  modality: text
  text: 'Para a tarefa de pré-processamento, foi selecionado o método Vahadane, desen-

    volvido e apresentado em [Vahadaneetal. 2016]. Este método é uma técnica avançada

    utilizadanaanálisedeimagenshistopatológicasparacorrigirvariaçõesdecoretornaras

    imagensmaisconsistentesecomparáveis. OmétododeVahadaneéespecialmenteútilem

    imagenshistopatológicas, ondevariações nacoloraçãopodemsurgirdevidoa diferentes

    protocolosdecoloração,condiçõesdeiluminaçãoecaracterísticasdotecidobiológico.

    Para solucionar falta de padronização, este método envolve a escolha de uma

    imagem alvo como parâmetro. A imagem de referência, conhecida como imagem alvo

    ou modelo, é utilizada para normalizar a cor das outras imagens histopatológicas.
    A

    distribuiçãodecordaimagemalvoéusadacomoreferênciaparaajustaradistribuiçãode

    cordasdemaisimagens,garantindoassimumaconsistênciadecorentreelas. Aescolhada

    imagemparâmetroparaopré-processamentoéumfatormuitoimportanteseserádiscutida

    na seção de treinamento. Após a aplicação do método Vahadane, as imagens foram

    redimensionadasparaaresolução256x192,emvirtudedaslimitaçõescomputacionais.

    Alémdopré-processamento,tambémforamaplicadastécnicasdeAugmentation

    paralidarcomdoisproblemaspresentesnoconjuntodeimagens: odesbalanceamentode

    classeseaescassezdeimagensparaotreinamento.

    OAugmentationconsisteemcriarnovasimagenspormeiodetransformaçõesnas

    imagens disponíveis. Para lidar com o desbalanceamento de classes, novas imagens
    da

    classe“Normal”foramgeradasnoconjuntodetreinocomautilizaçãodatransformaçãode

    matrizesaturação(HueSaturation),umaferramentaquepermiteajustaratonalidadedas

    coresesuaintensidadedemaneiraflexível. Nestaocasião,atransformaçãofoiaplicadade

    maneirabranda,comtodososlimitesdemudançanointervalo(-10,10),visandomanteras

    característicasdaimagemoriginal,mascomalgumasdiferençasleves. Paralidarcomas

    poucasimagensdodataset,foramutilizadas'
  token_count_ref: 175
  char_count: 1855
  source_block_hash: 2e4c34cddeeb923bbb5df616e3006221136294ca5a9e86a1d0932a23450eeb89

Registrado: q-005-m01 = approved; revisão: D:\rag-ptbr-retrieval-pilot\data\annotations\reviews\review-4622b7c9b408465db65190bdc09ce8ce.yaml
question:
  question_id: q-005-m02
  text: Relacionando a Figura 1 às seções metodológicas, qual sequência de etapas
    forma a abordagem proposta?
  expected_answer: Aquisição da base, pré-processamento das imagens, desenvolvimento
    e treinamento das arquiteturas de redes neurais e avaliação dos resultados
  origin_doc_id: art-005
  evidence:
  - evidence_id: q-005-m02-e1
    doc_id: art-005
    page: 4
    section: Seção 3 / Figura 1
    quote: 'AFigura1resumeametodologiapropostaneste

      trabalho,composta pelaaquisiçãoda basededados'
    chunk_ids:
    - art-005-b0007-c000
    required_group: q-005-m02-g1
  - evidence_id: q-005-m02-e2
    doc_id: art-005
    page: 4
    section: Seção 3 / Figura 1
    quote: 'pelaetapade pré-processamentodas

      imagens'
    chunk_ids:
    - art-005-b0007-c000
    required_group: q-005-m02-g2
  - evidence_id: q-005-m02-e3
    doc_id: art-005
    page: 4
    section: Seção 3 / Figura 1
    quote: pelo desenvolvimento e treinamento de arquiteturas de redes neurais
    chunk_ids:
    - art-005-b0007-c000
    required_group: q-005-m02-g3
  - evidence_id: q-005-m02-e4
    doc_id: art-005
    page: 4
    section: Seção 3 / Figura 1
    quote: 'e finaliza

      comaavaliaçãodosresultadosobtidos.'
    chunk_ids:
    - art-005-b0007-c000
    required_group: q-005-m02-g4
  question_type: multi_evidence
  modality: mixed
  review_status: draft
  notes: 'Pré-anotação A05-M02. Análise automática: READY_FOR_HUMAN_REVIEW. Sequência
    inteira da Figura 1 está explicitamente descrita no parágrafo da Seção 3; cada
    grupo representa uma etapa necessária e o mesmo chunk suporta todas elas. Mantido
    draft. Candidato produzido por IA; aguarda revisão humana.'
qrels:
- question_id: q-005-m02
  chunk_id: art-005-b0007-c000
  relevance: 1
evidence_groups:
- group_id: q-005-m02-g1
  question_id: q-005-m02
  required: true
  description: 'Primeira etapa: aquisição da base de dados.'
  chunk_ids:
  - art-005-b0007-c000
- group_id: q-005-m02-g2
  question_id: q-005-m02
  required: true
  description: 'Segunda etapa: pré-processamento das imagens.'
  chunk_ids:
  - art-005-b0007-c000
- group_id: q-005-m02-g3
  question_id: q-005-m02
  required: true
  description: 'Terceira etapa: desenvolvimento e treinamento de arquiteturas neurais.'
  chunk_ids:
  - art-005-b0007-c000
- group_id: q-005-m02-g4
  question_id: q-005-m02
  required: true
  description: 'Etapa final: avaliação dos resultados.'
  chunk_ids:
  - art-005-b0007-c000
chunks:
- chunk_id: art-005-b0007-c000
  doc_id: art-005
  block_id: art-005-b0007
  page: 4
  section: 3. Metodologia
  modality: text
  text: 'Nesteestudo,foramselecionadaseavaliadasabordagensdeatençãoparaaclassifi-

    caçãodecânceremimagenshistopatológicas. Napresenteseção,sãoapresentadostodosos

    detalhesrelacionadosaessasabordagens. AFigura1resumeametodologiapropostaneste

    trabalho,composta pelaaquisiçãoda basededados, pelaetapade pré-processamentodas

    imagens, pelo desenvolvimento e treinamento de arquiteturas de redes neurais,
    e finaliza

    comaavaliaçãodosresultadosobtidos.'
  token_count_ref: 38
  char_count: 433
  source_block_hash: 0dc401c9a5c13123b01c8ba323ce324d480c7011e94184ff00b8216f6288e295

Registrado: q-005-m02 = approved; revisão: D:\rag-ptbr-retrieval-pilot\data\annotations\reviews\review-f8bd358c5e3f4445806dc93b28209d10.yaml
question:
  question_id: q-005-m03
  text: A Figura 2 é acompanhada de exemplos visuais do conjunto. De acordo com o
    texto, por quais dois critérios esses exemplos são organizados?
  expected_answer: Por classe/situação patológica e por ampliação
  origin_doc_id: art-005
  evidence:
  - evidence_id: q-005-m03-e1
    doc_id: art-005
    page: 5
    section: Seção 3.1 / Figura 2
    quote: 'A Figura 2 apresenta alguns exemplos de imagens, com identificação do

      pacienteedalâminautilizadaparafotografaraamostrarecolhida,organizadasporclassee

      ampliação.'
    chunk_ids:
    - art-005-b0011-c000
    required_group: q-005-m03-g1
  - evidence_id: q-005-m03-e2
    doc_id: art-005
    page: 4
    section: Seção 3.1
    quote: 'organizadas por ampliação e situação

      patológicaconformeatabela2.'
    chunk_ids:
    - art-005-b0009-c000
    required_group: q-005-m03-g1
  - evidence_id: q-005-m03-e3
    doc_id: art-005
    page: 5
    section: Seção 3.1 / Figura 2
    quote: 'A Figura 2 apresenta alguns exemplos de imagens, com identificação do

      pacienteedalâminautilizadaparafotografaraamostrarecolhida,organizadasporclassee

      ampliação.'
    chunk_ids:
    - art-005-b0011-c000
    required_group: q-005-m03-g2
  - evidence_id: q-005-m03-e4
    doc_id: art-005
    page: 4
    section: Seção 3.1
    quote: 'organizadas por ampliação e situação

      patológicaconformeatabela2.'
    chunk_ids:
    - art-005-b0009-c000
    required_group: q-005-m03-g2
  question_type: multi_evidence
  modality: mixed
  review_status: draft
  notes: 'Pré-anotação A05-M03. Análise automática: READY_FOR_HUMAN_REVIEW. A pergunta
    solicita expressamente os critérios descritos no texto, que são literais nas pp.4–5.
    Não requer inferência sobre aparência das imagens. Mantido draft. Candidato produzido
    por IA; aguarda revisão humana.'
qrels:
- question_id: q-005-m03
  chunk_id: art-005-b0009-c000
  relevance: 1
- question_id: q-005-m03
  chunk_id: art-005-b0011-c000
  relevance: 1
evidence_groups:
- group_id: q-005-m03-g1
  question_id: q-005-m03
  required: true
  description: Um critério de organização dos exemplos é classe ou situação patológica.
  chunk_ids:
  - art-005-b0009-c000
  - art-005-b0011-c000
- group_id: q-005-m03-g2
  question_id: q-005-m03
  required: true
  description: Outro critério de organização dos exemplos é ampliação.
  chunk_ids:
  - art-005-b0009-c000
  - art-005-b0011-c000
chunks:
- chunk_id: art-005-b0009-c000
  doc_id: art-005
  block_id: art-005-b0009
  page: 4
  section: 3.1. BasedeImagens
  modality: text
  text: 'O conjunto de imagens utilizadas para a produção deste trabalho foi organizado

    peloProjetoCâncerdePênisdaAmazôniaLegal(PCPAm)emcolaboraçãocomNúcleo

    de Computação Aplicada da Universidade Federal do Maranhão. Este consiste em 194

    imagens RGB de resolução 2048×1536 píxeis, organizadas por ampliação e situação

    patológicaconformeatabela2.

    Essesregistrosforamobtidosem2021,apartirdebiópsiaspenianas. Asamostras

    recolhidas foram coloridas com Eosina e Hematoxilina e fotografadas por um câmera

    de alta definição (Leica ICC50 HD) acoplada a um microscópio de campo claro (Leica

    DM500), em duas ampliações distintas. A análise e classificação das imagens foram

    realizadas por dois patologistas com o auxílio de um software específico (Leica
    Aperio'
  token_count_ref: 109
  char_count: 741
  source_block_hash: 574685387f57e82ec9614562f3b79559d3eca9a44e592122c3db22824add9e9c
- chunk_id: art-005-b0011-c000
  doc_id: art-005
  block_id: art-005-b0011
  page: 5
  section: 3.1. BasedeImagens
  modality: text
  text: 'Tabela2. Organizaçãodoconjuntodeimagens.

    Ampliação Normal Câncer Total

    40× 40 57 97

    100× 40 57 97

    ImageScope). A Figura 2 apresenta alguns exemplos de imagens, com identificação
    do

    pacienteedalâminautilizadaparafotografaraamostrarecolhida,organizadasporclassee

    ampliação.

    Figura2. Exemplosdeimagenspresentesnoconjuntodedados

    Paraaconduçãodesteestudo,optou-seporutilizarapenasaampliaçãode100x. A

    decisãodeutilizarexclusivamenteaampliaçãode100xfoibaseadanaescolhadométodo

    depré-processamentoquerequerumnúmerosignificativodetreinamentos.'
  token_count_ref: 53
  char_count: 534
  source_block_hash: f1b41fc29adaf2351382c253e5528b83232bc834c07b06bd94eeba806507af12

Registrado: q-005-m03 = approved; revisão: D:\rag-ptbr-retrieval-pilot\data\annotations\reviews\review-bc3244a6d729461ea777823e76967ee6.yaml
question:
  question_id: q-005-m04
  text: Combinando a Figura 4 e o texto sobre DenseMSAG, quais três tipos de convolução
    compõem o MSAG e onde ele é inserido na DenseNet?
  expected_answer: Convolução 1×1 Point Wise, convolução padrão 3×3 e convolução dilatada
    3×3 com dilatação 2; ele é inserido nas concatenações dos blocos densos
  origin_doc_id: art-005
  evidence:
  - evidence_id: q-005-m04-e1
    doc_id: art-005
    page: 7
    section: Seção 3.3
    quote: 'em três tipos de convoluções: convolução com filtros de tamanho 1x1, conhecida
      como

      PointWise;convoluçõespadrãocomfiltrosdetamanho3x3;econvoluçõesdilatadascom

      filtrosdetamanho3x3eumataxadedilataçãoiguala2.'
    chunk_ids:
    - art-005-b0015-c000
    required_group: q-005-m04-g1
  - evidence_id: q-005-m04-e2
    doc_id: art-005
    page: 7
    section: Seção 3.3
    quote: 'em três tipos de convoluções: convolução com filtros de tamanho 1x1, conhecida
      como

      PointWise;convoluçõespadrãocomfiltrosdetamanho3x3;econvoluçõesdilatadascom

      filtrosdetamanho3x3eumataxadedilataçãoiguala2.'
    chunk_ids:
    - art-005-b0015-c000
    required_group: q-005-m04-g2
  - evidence_id: q-005-m04-e3
    doc_id: art-005
    page: 7
    section: Seção 3.3
    quote: 'em três tipos de convoluções: convolução com filtros de tamanho 1x1, conhecida
      como

      PointWise;convoluçõespadrãocomfiltrosdetamanho3x3;econvoluçõesdilatadascom

      filtrosdetamanho3x3eumataxadedilataçãoiguala2.'
    chunk_ids:
    - art-005-b0015-c000
    required_group: q-005-m04-g3
  - evidence_id: q-005-m04-e4
    doc_id: art-005
    page: 7
    section: Seção 3.3
    quote: 'As adaptações realizadas na arquitetura da DenseNet foram aplicadas em
      seus

      blocos densos, mais especificamente na concatenação. A primeira adaptação, chamada

      DenseMSAG, incorpora o Multi-Scale Attention Gate (MSAG) em suas concatenações,

      ummecanismodeatençãoapresentadopor [Tangetal. 2023].'
    chunk_ids:
    - art-005-b0015-c000
    required_group: q-005-m04-g4
  question_type: multi_evidence
  modality: mixed
  review_status: draft
  notes: 'Pré-anotação A05-M04. Análise automática: READY_FOR_HUMAN_REVIEW. Composição
    e ponto de inserção apresentados na Figura 4 estão explicitamente descritos no
    texto da p.7. O texto também limita MSAG às duas primeiras sucessões de blocos,
    por excesso de parâmetros; a resposta não deve implicar aplicação a toda a rede.
    Mantido draft. Candidato produzido por IA; aguarda revisão humana.'
qrels:
- question_id: q-005-m04
  chunk_id: art-005-b0015-c000
  relevance: 1
evidence_groups:
- group_id: q-005-m04-g1
  question_id: q-005-m04
  required: true
  description: O MSAG inclui convolução 1×1 Point Wise.
  chunk_ids:
  - art-005-b0015-c000
- group_id: q-005-m04-g2
  question_id: q-005-m04
  required: true
  description: O MSAG inclui convolução padrão 3×3.
  chunk_ids:
  - art-005-b0015-c000
- group_id: q-005-m04-g3
  question_id: q-005-m04
  required: true
  description: O MSAG inclui convolução dilatada 3×3 com taxa de dilatação 2.
  chunk_ids:
  - art-005-b0015-c000
- group_id: q-005-m04-g4
  question_id: q-005-m04
  required: true
  description: MSAG é inserido nas concatenações dos blocos densos da DenseNet.
  chunk_ids:
  - art-005-b0015-c000
chunks:
- chunk_id: art-005-b0015-c000
  doc_id: art-005
  block_id: art-005-b0015
  page: 7
  section: 3.3. DesenvolvimentodeModelos
  modality: text
  text: 'Figura3. ArquiteturadaredeneuralDenseNet201.

    meiodeumacamadadensacom2neurônios,seguidadaativaçãosoftmax.

    As adaptações realizadas na arquitetura da DenseNet foram aplicadas em seus

    blocos densos, mais especificamente na concatenação. A primeira adaptação, chamada

    DenseMSAG, incorpora o Multi-Scale Attention Gate (MSAG) em suas concatenações,

    ummecanismodeatençãoapresentadopor [Tangetal. 2023]. Estemecanismoconsiste

    em três tipos de convoluções: convolução com filtros de tamanho 1x1, conhecida
    como

    PointWise;convoluçõespadrãocomfiltrosdetamanho3x3;econvoluçõesdilatadascom

    filtrosdetamanho3x3eumataxadedilataçãoiguala2.

    A utilização dessas três convoluções auxilia na extração de características com

    vários campos receptivos diferentes, aprimorando a supressão de recursos de baixa
    im-

    portância e a captura de características-alvo de forma mais eficaz. Os resultados
    dessas

    convoluçõespassamporumacamadadeBatchNormalizationesãoconcatenados. Após

    aconcatenação,asinformaçõesaindapassamporumaativaçãoReLU,umaconvolução

    2Dde3x3eumaativaçãoSigmoid. Porfim,oprodutodessasoperaçõesémultiplicado

    pelaentradaesomadoaela. AFigura4demonstraaarquiteturadoMSAGeseulocalde

    aplicação.

    OutraadaptaçãoanalisadaéchamadadeDenseUSAG.Essaabordagemtambém

    se inspirou nomecanismo deatenção emmúltiplas escalas(MSAG),porém, surgiu como

    umasoluçãoparaumproblemaenfrentadoduranteotreinamentodaDenseMSAG.

    Devido à complexidade do MSAG, o número de parâmetros da rede tornou-se

    muito elevado, impossibilitandosua utilização em todosos blocos densosda rede,
    sendo

    aplicadoapenasnosblocosdasduasprimeirassucessões. Asoluçãoparaesteproblema

    foi chamada de Uni-Scale Attention Gate (USAG). Este mecanismo de atenção surgiu
    da

    reduçãodonúmerodeconvoluçõesutilizadasnoMS'
  token_count_ref: 205
  char_count: 1743
  source_block_hash: a82c23f6ed6dbfc6be487966af9deb258423e74fa25afd98e2ea441ae28ef43b

Registrado: q-005-m04 = approved; revisão: D:\rag-ptbr-retrieval-pilot\data\annotations\reviews\review-2c6728e7ed814de08563dde1021a628b.yaml
question:
  question_id: q-005-m05
  text: Usando a Tabela 3 e a discussão dos resultados, qual configuração obteve o
    melhor F1-Score e qual aspecto do resultado ainda exige cautela?
  expected_answer: DenseUSAG na melhor época, com imagem P35 T, F1 de 93,16% ± 4,63%;
    a sensibilidade tem desvio padrão elevado e é inferior à de alguns trabalhos relacionados
  origin_doc_id: art-005
  evidence:
  - evidence_id: q-005-m05-e1
    doc_id: art-005
    page: 9
    section: Tabela 3 / Seção 4
    quote: '| DenseUSAG | Melhorépoca | P35T | 92,30%±4,44% | 95,22%±5,05% | 92,17%±10,83%
      | 93,16%±4,63% |

      | --- | --- | --- | --- | --- | --- | --- |'
    chunk_ids:
    - art-005-b0020-c000
    required_group: q-005-m05-g1
  - evidence_id: q-005-m05-e2
    doc_id: art-005
    page: 9
    section: Tabela 3 / Seção 4
    quote: 'Tabela3. Resultadosobtidospelametodologiaproposta

      Trabalhos Estágio ImagemParâm. Acurácia Precisão Sensibilidade F1-Score

      DenseMSAG Melhorépoca P49T1 82,56%±4,93% 93,75%±4,16% 75,65%±9,02% 83,45%±5,13%

      DenseMSAG Últimaépoca P49T1 80,00%±7,11% 93,97%±4,77% 70,43%±9,91% 80,32%±7,85%

      DenseUSAG Últimaépoca P35T 88,20%±6,93% 95,78%±5,81% 84,34%±13,95% 88,95%±7,25%'
    chunk_ids:
    - art-005-b0019-c000
    required_group: q-005-m05-g2
  - evidence_id: q-005-m05-e3
    doc_id: art-005
    page: 10
    section: Seção 4.1
    quote: 'Em relação à sensibilidade, a

      DenseUSAGalcançouapenas92,1%±10,8%,valorinferiorquandocomparadoaosoutros

      trabalhos. A métrica da sensibilidade é de grande relevância em estudos que
      tratam do

      diagnósticodedoençasaoavaliaromodeloquantoàpresençadefalsosnegativos,osquais

      podemrepresentarumafalsapercepçãodesegurança. Essavariaçãoemrelaçãoàsoutras

      métricas indica a necessidade de soluções para mitigar os falsos negativos.'
    chunk_ids:
    - art-005-b0021-c000
    required_group: q-005-m05-g3
  question_type: multi_evidence
  modality: mixed
  review_status: draft
  notes: 'Pré-anotação A05-M05. Análise automática: READY_FOR_HUMAN_REVIEW. A melhor
    linha da Tabela 3 foi extraída em bloco de tabela separado dos cabeçalhos e demais
    linhas. Ambos os chunks são necessários para verificar a coluna F1 e a comparação
    de máximo; por isso não são alternativas OR. A conclusão de melhor F1 refere-se
    às configurações propostas da Tabela 3, não ao máximo da literatura/Tabela 4.
    Mantido draft. Candidato produzido por IA; aguarda revisão humana.'
qrels:
- question_id: q-005-m05
  chunk_id: art-005-b0019-c000
  relevance: 1
- question_id: q-005-m05
  chunk_id: art-005-b0020-c000
  relevance: 1
- question_id: q-005-m05
  chunk_id: art-005-b0021-c000
  relevance: 1
evidence_groups:
- group_id: q-005-m05-g1
  question_id: q-005-m05
  required: true
  description: Configuração DenseUSAG/Melhor época/P35 T obtém F1 de 93,16% ± 4,63%.
  chunk_ids:
  - art-005-b0020-c000
- group_id: q-005-m05-g2
  question_id: q-005-m05
  required: true
  description: Cabeçalhos e demais linhas da Tabela 3 estabelecem F1 inferior nas
    outras configurações avaliadas.
  chunk_ids:
  - art-005-b0019-c000
- group_id: q-005-m05-g3
  question_id: q-005-m05
  required: true
  description: Sensibilidade de 92,1% ± 10,8% é inferior à dos trabalhos comparados
    e exige cuidado com falsos negativos.
  chunk_ids:
  - art-005-b0021-c000
chunks:
- chunk_id: art-005-b0019-c000
  doc_id: art-005
  block_id: art-005-b0019
  page: 9
  section: 4. Resultados
  modality: text
  text: 'Tabela3. Resultadosobtidospelametodologiaproposta

    Trabalhos Estágio ImagemParâm. Acurácia Precisão Sensibilidade F1-Score

    DenseMSAG Melhorépoca P49T1 82,56%±4,93% 93,75%±4,16% 75,65%±9,02% 83,45%±5,13%

    DenseMSAG Últimaépoca P49T1 80,00%±7,11% 93,97%±4,77% 70,43%±9,91% 80,32%±7,85%

    DenseUSAG Últimaépoca P35T 88,20%±6,93% 95,78%±5,81% 84,34%±13,95% 88,95%±7,25%'
  token_count_ref: 130
  char_count: 361
  source_block_hash: 64ad5b1baa608c206aee55f52a507860a1b6d549f26613058a4f58899a324f3d
- chunk_id: art-005-b0020-c000
  doc_id: art-005
  block_id: art-005-b0020
  page: 9
  section: 4. Resultados
  modality: table
  text: '| DenseUSAG | Melhorépoca | P35T | 92,30%±4,44% | 95,22%±5,05% | 92,17%±10,83%
    | 93,16%±4,63% |

    | --- | --- | --- | --- | --- | --- | --- |'
  token_count_ref: 76
  char_count: 139
  source_block_hash: c1a9fcafdde83ce051faebe1fb5120f6859501c19ccec9b0eec9495b4add4b9f
- chunk_id: art-005-b0021-c000
  doc_id: art-005
  block_id: art-005-b0021
  page: 10
  section: 4.1. Discussão
  modality: text
  text: 'Estaseçãoédedicadaàdiscussãodosresultadosobtidospelosmodelostreinados,

    contrastando-oscomosresultadosapresentadosemestudosrelacionados. Essacomparação

    éapresentadanaTabela4.

    Tabela4. Comparaçãoentreasabordagensdestetrabalhoedostrabalhosrelaci-

    onadosparaaampliação100x.

    Trabalhos Acurácia Precisão Sensibilidade F1-Score

    [Belfortetal. 2023] 91,2%±1,4% 88,4%±3,3% 97,6%±5,6% 92,4%±1,5%

    [Lauandeetal. 2022] 96,8%±4,2% 96,5%±4,2% 98,1%±3,6% 97,3%±3,6%

    DenseUSAG 92,3%±4,4% 95,2%±5,0% 92,1%±10,8% 93,1%±4,6%

    DenseMSAG 82,5%±4,9% 93,7%±4,1% 75,6%±9,0% 83,4%±5,1%

    Observa-se que o modelo DenseUSAG demonstra resultados competitivos em

    relação à literatura, uma vez que esta abordagem apresenta resultados próximos
    aos do

    trabalho de[Lauandeetal. 2022]e superao trabalho de[Belfortetal. 2023] emacurácia,

    precisãoeF1-Score.

    Emrelaçãoàacurácia,omodeloalcançouvaloresde92,3%±4,4%,indicandouma

    boa proporçãode exemplosclassificados corretamenteem relaçãoao total. Considerando

    a precisão, os resultados do modelo são de 95,2% ± 5,0%, o que demonstra que esta

    abordagem apresenta poucos casos de falsos positivos. Em relação à sensibilidade,
    a

    DenseUSAGalcançouapenas92,1%±10,8%,valorinferiorquandocomparadoaosoutros

    trabalhos. A métrica da sensibilidade é de grande relevância em estudos que tratam
    do

    diagnósticodedoençasaoavaliaromodeloquantoàpresençadefalsosnegativos,osquais

    podemrepresentarumafalsapercepçãodesegurança. Essavariaçãoemrelaçãoàsoutras

    métricas indica a necessidade de soluções para mitigar os falsos negativos. Por
    fim, ao

    avaliaroF1-Score'
  token_count_ref: 335
  char_count: 1549
  source_block_hash: ad28f2be07b5058d041403acf9c6bc2912baf084caa65f3b5006759048a9e687

Registrado: q-005-m05 = approved; revisão: D:\rag-ptbr-retrieval-pilot\data\annotations\reviews\review-ec0d47da201448c49ea4b5a4961554a2.yaml
